ts (ns),tx (m),ty (m),tz (m),qx,qy,qz,qw
2989010000000,-0.25270453299148,0.78149479588144,1.4850205163344,-0.066945955233215,0.90334773568602,-0.42253040614021,0.030808495514248
2989020000000,-0.25392612187604,0.78254794804079,1.485234969362,-0.066015059609854,0.9030520051738,-0.42328332054871,0.031149934214275
2989030000000,-0.25508208398725,0.78357392664413,1.4853903110891,-0.065027595749774,0.90268877314704,-0.4241681077954,0.031714459707811
2989040000000,-0.25616840447651,0.78456129233591,1.4854993415531,-0.064001116632391,0.9022572490768,-0.42518028410674,0.032518295851507
2989050000000,-0.25718566881957,0.78551103979152,1.4855687448498,-0.062952854561344,0.90178297900335,-0.42626238193819,0.033537719463464
2989060000000,-0.25813559228542,0.78642744040052,1.4856038613089,-0.061900149620748,0.90129861764566,-0.42734340576962,0.034738837806941
2989070000000,-0.25901982271471,0.78731481393529,1.4856105333488,-0.06086058877899,0.90083720780307,-0.42835263585405,0.036087852913849
2989080000000,-0.25983995134283,0.78817752588961,1.4855952889964,-0.05985190282403,0.90043220155874,-0.42921967230554,0.037550939140658
2989090000000,-0.26059686957678,0.78902002835609,1.4855653187097,-0.058887030440514,0.90011410235685,-0.42988193533621,0.039095294548262
2989100000000,-0.26128867401857,0.78984699875217,1.4855278797842,-0.057959287271848,0.89989979638277,-0.43030822240728,0.040692889033323
2989110000000,-0.26191277647599,0.79066322488944,1.4854901956672,-0.057057105693458,0.89980260486279,-0.43047534753957,0.04231706668379
2989120000000,-0.26246659026055,0.79147355750169,1.485459539552,-0.056169220370548,0.89983576085148,-0.43036006173668,0.043941318116439
2989130000000,-0.26294747687099,0.79228290185318,1.4854432894105,-0.055284591821925,0.90001231189657,-0.42993910200144,0.045539223882951
2989140000000,-0.26335416510671,0.79309603255302,1.4854474659002,-0.054395050570825,0.90033320712556,-0.42921311210947,0.047089266438334
2989150000000,-0.26369139914499,0.79391701257916,1.4854718095447,-0.053504080633348,0.90075003230276,-0.42828224856269,0.048590207122879
2989160000000,-0.26396547626889,0.79474970189299,1.4855142597135,-0.052617767506328,0.90120186434057,-0.42727272691348,0.050045849854449
2989170000000,-0.26418269068674,0.79559795204569,1.4855724118193,-0.051742063980217,0.90162828434652,-0.42631100419059,0.051459920204203
2989180000000,-0.26434935414075,0.79646563263894,1.4856432805445,-0.050883208242903,0.9019693824932,-0.42552374525817,0.05283629798918
2989190000000,-0.26447077231324,0.79735667730968,1.4857244060849,-0.050046898534013,0.90217881391895,-0.42501039425081,0.054174352249791
2989200000000,-0.26454795436767,0.79827509293431,1.4858184000436,-0.049234578304803,0.90226551364944,-0.42475618261168,0.055453444538679
2989210000000,-0.26458081518909,0.799224897533,1.4859293521723,-0.048446593666063,0.90225270491056,-0.42471639889943,0.056647723251933
2989220000000,-0.26456928072815,0.80021009748523,1.486061565581,-0.047683193556951,0.90216355062092,-0.42484625416266,0.05773128534179
2989230000000,-0.26451323984602,0.8012346785425,1.4862196474295,-0.046944406921019,0.90202121845291,-0.4251009572938,0.058678106883768
2989240000000,-0.26441163191112,0.80230151756189,1.4864073881492,-0.046224794841632,0.90184895000399,-0.42543536739665,0.059468377198536
2989250000000,-0.26425974363479,0.80340898402204,1.4866240149497,-0.045496812761067,0.90167016111184,-0.42580262742842,0.060108926659782
2989260000000,-0.26405189364676,0.80455423397409,1.4868675857538,-0.044727208095866,0.90150822970327,-0.42615533245441,0.060613705165598
2989270000000,-0.2637823791559,0.80573433763204,1.4871363406903,-0.043882721251057,0.90138645063676,-0.42644597587503,0.060996746176026
2989280000000,-0.26344544006574,0.80694621749157,1.4874288557863,-0.042930020509111,0.90132801516282,-0.42662695351787,0.061272056875886
2989290000000,-0.26303573225034,0.80818656019017,1.487743719346,-0.04184630782526,0.90134791208702,-0.42666663435975,0.061452510297698
2989300000000,-0.26255010011083,0.8094517863952,1.488077868142,-0.040653427574858,0.90142717044364,-0.42660094839806,0.061546616789727
2989310000000,-0.26198602813852,0.81073822303909,1.4884276838035,-0.039384969483716,0.90153796706631,-0.42648362963595,0.061561609540854
2989320000000,-0.26134115786755,0.81204222108662,1.4887893202269,-0.03807454585642,0.90165262904994,-0.42636843441224,0.061504663416754
2989330000000,-0.26061337422827,0.81336026814926,1.4891585217058,-0.036755797907946,0.90174367367574,-0.42630913741281,0.061383040526567
2989340000000,-0.25980109727615,0.81469010038236,1.4895309267479,-0.035455871211789,0.90178987184854,-0.42634747367455,0.061202450272242
2989350000000,-0.25890396474759,0.81603382599799,1.4899037617965,-0.034174437806471,0.90179573562168,-0.42647423735376,0.060961331093511
2989360000000,-0.25792187537884,0.8173946316721,1.4902747706126,-0.032903903489187,0.90177250857439,-0.42666672872555,0.06065623227053
2989370000000,-0.25685468535025,0.81877559283757,1.4906418369382,-0.031636660482491,0.90173140270866,-0.42690218426625,0.060283697226387
2989380000000,-0.25570219642011,0.82017963308213,1.4910030552622,-0.03036510467617,0.90168361185372,-0.42715778746042,0.059840196727151
2989390000000,-0.2544638777608,0.82160915875487,1.4913555855716,-0.029085500039475,0.9016394465468,-0.42741231942065,0.059321592406911
2989400000000,-0.2531380345992,0.82306495925943,1.4916917815016,-0.02781039065661,0.90160557714318,-0.42765142467875,0.0587215838178
2989410000000,-0.25172268711857,0.82454736027422,1.4920026877753,-0.02655660018361,0.90158778920026,-0.42786251879825,0.058033355574926
2989420000000,-0.25021590539824,0.82605665091896,1.4922793450623,-0.025340913356316,0.90159195305337,-0.4280329551837,0.057250131671349
2989430000000,-0.24861585987662,0.82759313257249,1.4925127781623,-0.024180100590709,0.90162399292074,-0.42815005335409,0.056365148256504
2989440000000,-0.24692204746165,0.82915615950537,1.4926958300966,-0.023093450778389,0.90168664607861,-0.42820707696691,0.055376746474494
2989450000000,-0.24513912460878,0.83074078669145,1.4928292321958,-0.022110918463635,0.90176913029385,-0.42822249702811,0.054305027140929
2989460000000,-0.24327320671183,0.83234099203091,1.4929157907712,-0.021265366105537,0.90185724222278,-0.42822147242282,0.053175834838401
2989470000000,-0.24133057371012,0.83395090201196,1.4929582732638,-0.020589692888162,0.90193698921279,-0.42822910958706,0.05201501455169
2989480000000,-0.23931778261212,0.83556493452042,1.4929593578792,-0.020116774266665,0.90199454183637,-0.42827047080619,0.050848458442243
2989490000000,-0.2372399091188,0.83718093572331,1.4929213623425,-0.019854700347386,0.90202123354657,-0.42836156198691,0.04969765907342
2989500000000,-0.23509419021087,0.83880956693291,1.492845657901,-0.01970604303013,0.90203002541359,-0.42847979452153,0.048565119244553
2989510000000,-0.23287552301552,0.84046463565538,1.4927334621459,-0.019545143466305,0.9020394015363,-0.42859253736366,0.047448312499892
2989520000000,-0.23057825835739,0.84215927859699,1.4925863748265,-0.019246284851552,0.9020676823696,-0.42866728676893,0.046344732148472
2989530000000,-0.22819577459432,0.84390540131358,1.492406812539,-0.018683775348124,0.90213305189805,-0.4286713697948,0.045251850018503
2989540000000,-0.22572313325283,0.84570994810255,1.4921992640125,-0.017761117745959,0.9022500328256,-0.42857695133238,0.04417259047482
2989550000000,-0.22316766193781,0.84756502649332,1.4919725383763,-0.016506469077225,0.9024182851453,-0.42837866292583,0.043133470343811
2989560000000,-0.22054030142006,0.84945920284124,1.4917364162287,-0.014981290127014,0.90263354370508,-0.42807728038971,0.042167389517125
2989570000000,-0.21785252260933,0.85138173426009,1.4915004220829,-0.013246954559054,0.90289162858369,-0.42767385872148,0.041307333424895
2989580000000,-0.21511663209208,0.85332293980059,1.4912737890244,-0.011364771129946,0.90318854541545,-0.42716980429357,0.040586348779841
2989590000000,-0.21234573251401,0.8552730604002,1.4910644199768,-0.0093994107245141,0.90351518216904,-0.42657929138172,0.040025927001806
2989600000000,-0.20955288140414,0.85721726845323,1.4908749483524,-0.0074301031542677,0.90383961969901,-0.42597035996547,0.039597826460004
2989610000000,-0.20675128107989,0.85913944557304,1.4907061497798,-0.0055401198421855,0.90412445660754,-0.42542556714463,0.039260168821981
2989620000000,-0.20395452497805,0.86102381310952,1.490557694226,-0.0038127647641679,0.90433298033339,-0.42502775460025,0.038970903577558
2989630000000,-0.20117670374384,0.86285516344208,1.4904274624762,-0.0023312489024196,0.90442890623893,-0.42486015884901,0.038688037696535
2989640000000,-0.19842993493731,0.86462450163868,1.4903112849791,-0.0011514094553941,0.90438850930802,-0.42497934525785,0.038375181981318
2989650000000,-0.19571534169739,0.86634654690225,1.4902048716592,-0.00021147353969429,0.90424157753129,-0.42532536521924,0.038019185206815
2989660000000,-0.19303068333268,0.86804201395367,1.4901045740638,0.00058210773245213,0.90403184696369,-0.42580666430108,0.037613368139428
2989670000000,-0.19037310530349,0.869730887051,1.4900077418077,0.0013229483625887,0.90380276786275,-0.42633156317499,0.03715110835534
2989680000000,-0.18773892563165,0.8714320044752,1.4899132236459,0.0021046301981615,0.90359771200129,-0.42680828439275,0.036625589025828
2989690000000,-0.18512438820198,0.87315762696242,1.4898216449207,0.003005989041915,0.90345197953599,-0.42716190982892,0.036030369047314
2989700000000,-0.18252920217372,0.87489688402422,1.4897345387016,0.0040424976831261,0.90336600612798,-0.42739097479606,0.035362011364489
2989710000000,-0.17995427860325,0.87663290916712,1.4896534441677,0.0052124934317594,0.90333069469072,-0.42751384334478,0.034617909965628
2989720000000,-0.17740077770887,0.87834905769526,1.4895797054029,0.0065143343807234,0.90333683181806,-0.42754882330174,0.033795494104819
2989730000000,-0.17487008670723,0.88002890607566,1.4895143667187,0.0079464309613899,0.90337510257813,-0.42751418261328,0.03289227783899
2989740000000,-0.17236403698986,0.88165770458997,1.4894584221823,0.0094995005079156,0.90343855253437,-0.42742266619788,0.031912469428174
2989750000000,-0.16988592386128,0.88322757906064,1.4894138879286,0.011130639857478,0.90353092346516,-0.42726320588597,0.030889028709178
2989760000000,-0.16743964123111,0.88473274729809,1.4893830901499,0.012787907244035,0.9036591802227,-0.42701846005582,0.029862856512952
2989770000000,-0.16502949513109,0.88616795712352,1.4893683990005,0.014419461191196,0.90383068339049,-0.42667131169118,0.02887501827813
2989780000000,-0.16266032783694,0.88752877151563,1.4893723306571,0.015973508090753,0.90405318097782,-0.42620483279509,0.027966649875771
2989790000000,-0.16033653918883,0.88881210434036,1.4893961990235,0.017409033917059,0.90432987919359,-0.4256127291384,0.027169834948913
2989800000000,-0.15805831690769,0.8900169554541,1.4894350159356,0.018732125262539,0.90464285291575,-0.42493454394319,0.026477339658402
2989810000000,-0.15582455358136,0.89114266348288,1.4894818612236,0.019961615326132,0.90496834038158,-0.42422225962115,0.025871050664762
2989820000000,-0.15363398468393,0.89218828588213,1.4895294473556,0.021116330899158,0.90528255431956,-0.4235278573888,0.02533281329939
2989830000000,-0.15148513868768,0.89315249362888,1.4895700042531,0.022215192113251,0.9055616977672,-0.42290334886098,0.024844603005863
2989840000000,-0.1493760429436,0.89403567274356,1.4895970088334,0.023275307378727,0.90578604594582,-0.42239216018439,0.024387743869123
2989850000000,-0.14730332885877,0.89484731649236,1.4896113777317,0.024305325609534,0.90595372456175,-0.42199998331771,0.023939803247973
2989860000000,-0.14526318812926,0.89559937559628,1.4896161844938,0.02531153673683,0.9060676666204,-0.42172209713786,0.023477274090814
2989870000000,-0.14325172493853,0.89630368626828,1.4896145450362,0.026300202002426,0.90613070882607,-0.42155369069447,0.022976591541389
2989880000000,-0.14126497843858,0.89697192344866,1.4896095300538,0.027277557141344,0.90614557460242,-0.42148990427224,0.022414127273473
2989890000000,-0.13929860062293,0.89761360346208,1.4896037173948,0.028250388835719,0.90611790139996,-0.42151896764653,0.021772096990785
2989900000000,-0.13734682467832,0.89822950503593,1.4895980870492,0.02922798581549,0.90606659798432,-0.42159883751952,0.021058610221985
2989910000000,-0.13540352565239,0.89881800969558,1.4895932922448,0.030220419045359,0.9060142015808,-0.42167920115818,0.020289014693461
2989920000000,-0.13346261594894,0.89937749894319,1.4895902182255,0.031237824935761,0.90598325385825,-0.42170975904344,0.019478735822242
2989930000000,-0.1315180394888,0.89990636443668,1.4895901068032,0.032290324822521,0.90599631604997,-0.42164018146834,0.018643164916214
2989940000000,-0.12956528211001,0.90040210819288,1.4895941307446,0.033381368051323,0.90606844360981,-0.42143677845368,0.017796109915134
2989950000000,-0.1276065835165,0.9008583396978,1.4896014789395,0.034485338242939,0.90618165955472,-0.42113944618799,0.016944857550222
2989960000000,-0.12564612547031,0.9012676772048,1.4896106629699,0.035568517517303,0.90630908048978,-0.42080837559725,0.016094788305115
2989970000000,-0.12368819886684,0.901622913113,1.489620022521,0.036597142359481,0.90642406222938,-0.42050382679223,0.015251237189355
2989980000000,-0.12173719946108,0.90191712092559,1.4896276649327,0.037537507207652,0.90650016634756,-0.42028616277253,0.014419616722462
2989990000000,-0.11979669337979,0.90214465383197,1.4896320890979,0.038363084054835,0.90651801720788,-0.42020026543218,0.013604969313082
2990000000000,-0.11786634792747,0.90230404232429,1.4896345373672,0.039078534506353,0.90648890871742,-0.42022211584651,0.01281014701758
2990010000000,-0.11594471787527,0.90239485791548,1.4896371159168,0.03969719255064,0.90643251130994,-0.42030861927963,0.01203743756846
2990020000000,-0.11403033776925,0.9024165222022,1.4896420615843,0.040232406592476,0.90636844535638,-0.42041663885273,0.011289131845095
2990030000000,-0.11212172446606,0.90236827278066,1.4896517540132,0.040697468093102,0.9063163244883,-0.42050299026177,0.010567461272474
2990040000000,-0.11021657732329,0.90224992568812,1.4896679267301,0.041109218985615,0.90629245568191,-0.42053123748445,0.0098739651734595
2990050000000,-0.10830903489437,0.90206450923324,1.4896889493724,0.041500655895884,0.90629840960564,-0.42049507876803,0.0092074447253753
2990060000000,-0.10639224592684,0.90181587279198,1.4897122225944,0.041909268595257,0.90633158260099,-0.42039659862318,0.0085659472245333
2990070000000,-0.10445938194495,0.90150766658311,1.4897351547266,0.042372564427838,0.90638927895143,-0.42023788234961,0.0079475168466558
2990080000000,-0.10250368486823,0.90114321242478,1.4897552289363,0.042928070579059,0.90646872035162,-0.42002096879976,0.0073502074103018
2990090000000,-0.10052027933691,0.90072563171322,1.4897693453533,0.043600172651633,0.9065659104629,-0.41975158153397,0.0067738269137559
2990100000000,-0.098512311380343,0.90025888938578,1.4897712395885,0.044354667484988,0.90667179559572,-0.41945221005926,0.0062259151883051
2990110000000,-0.096485132094061,0.89974736357097,1.4897537224926,0.045141029177306,0.90677607297268,-0.41915005268186,0.0057161443170755
2990120000000,-0.094444031850584,0.89919573863127,1.4897095273648,0.045908733794371,0.90686862122049,-0.41887239786011,0.0052541714826345
2990130000000,-0.092394181123415,0.89860918845365,1.4896312867817,0.046607283731193,0.90693947987241,-0.41864665508449,0.0048496534441779
2990140000000,-0.090338927309279,0.89799257140451,1.4895129092591,0.04719724320097,0.90698123125626,-0.41849389031377,0.0045088971101111
2990150000000,-0.088274215973195,0.89734686176629,1.4893543503026,0.04768845284315,0.90699730060011,-0.41840634887896,0.0042231963386589
2990160000000,-0.086193957634908,0.89667176279582,1.4891572481797,0.048104512636182,0.9069940397993,-0.41836817511758,0.0039796584476648
2990170000000,-0.084092131768326,0.89596673436429,1.4889231901475,0.048469016947144,0.90697771701422,-0.41836347483763,0.0037653894406652
2990180000000,-0.081962823761427,0.89523089907834,1.4886536788624,0.048805550531669,0.9069545422299,-0.41837632539868,0.0035674797473169
2990190000000,-0.07980126573837,0.89446406906874,1.4883499192769,0.0491370395182,0.90693097437156,-0.41839021193977,0.003374851971159
2990200000000,-0.077607288684978,0.89367060338041,1.4880121845529,0.04948352789673,0.90691474748846,-0.41838604033475,0.0031847304201687
2990210000000,-0.075381994234833,0.89285615957749,1.487640498535,0.049864262654171,0.90691393048584,-0.41834399464286,0.0029966893281491
2990220000000,-0.073126492571095,0.89202633773249,1.487234886565,0.050298498224792,0.90693655281469,-0.41824424962963,0.002810319677923
2990230000000,-0.07084192921848,0.89118662284433,1.4867953801715,0.050805487175212,0.90699059006705,-0.41806695665935,0.0026252147160766
2990240000000,-0.068529442508528,0.89033981649716,1.4863232399054,0.051395661680476,0.90708069661375,-0.41780035562869,0.002441030043636
2990250000000,-0.066189901154355,0.88947731343248,1.4858251972599,0.052039797843486,0.90719688377125,-0.41746925169388,0.0022577436281924
2990260000000,-0.063824125516444,0.88858736983868,1.4853094858861,0.052697510933724,0.90732515712485,-0.41710876791682,0.0020754075920732
2990270000000,-0.061432933211934,0.88765840132516,1.4847842836604,0.05332841705538,0.90745166540176,-0.41675408502567,0.0018940718986918
2990280000000,-0.059017062711732,0.88667912017309,1.4842577063128,0.053892148630678,0.90756269596244,-0.41644045443759,0.0017138031305646
2990290000000,-0.056577115932815,0.88564135791352,1.4837358507214,0.054359510916706,0.90764839297782,-0.41619356896443,0.0015334439454047
2990300000000,-0.054113663740879,0.884549377208,1.4832159234293,0.054751679552981,0.90771584729451,-0.41599565127555,0.0013462081464782
2990310000000,-0.0516272886308,0.88341083788839,1.4826926451137,0.05510404750565,0.90777683332212,-0.41581661428479,0.00114372937883
2990320000000,-0.049118656503336,0.88223319510241,1.4821607352406,0.055452007647262,0.90784303938394,-0.41562633291861,0.00091764625169378
2990330000000,-0.046588598394874,0.88102354624595,1.4816148645612,0.0558309453007,0.90792607879211,-0.41539463878842,0.00065959218571595
2990340000000,-0.044037180578727,0.87978747330688,1.4810507740294,0.056270790397304,0.9080345024122,-0.41509855318517,0.00036293342405649
2990350000000,-0.041459997995995,0.87852548426929,1.4804694321441,0.056776825566773,0.90816329831944,-0.41474789309622,2.8919851604834e-05
2990360000000,-0.038851345722655,0.87723670229537,1.4798733263578,0.057347340155387,0.90830362965236,-0.41436177915279,-0.00033899082286707
2990370000000,-0.03620547960745,0.87592026990799,1.4792650333138,0.057980614263972,0.90844667706767,-0.41395934533534,-0.00073736274952461
2990380000000,-0.033516610251024,0.87457534378681,1.4786472884552,0.058674931474446,0.9085836463161,-0.41355973940201,-0.0011627592830434
2990390000000,-0.030780259182981,0.87320268537854,1.4780237472337,0.059427565750366,0.90870773459518,-0.41317794422353,-0.0016136675936708
2990400000000,-0.027998026560909,0.87181045364195,1.4774014288935,0.060231129782592,0.90882108629699,-0.41280993802272,-0.0020974214512446
2990410000000,-0.025173170062646,0.87040894055827,1.4767882773453,0.061076907452719,0.90892838509152,-0.41244626021414,-0.0026238495208939
2990420000000,-0.022308844101758,0.86900852565925,1.4761921523135,0.061956176338452,0.90903430983476,-0.41207741747854,-0.0032027739511798
2990430000000,-0.019408118318438,0.86761971840846,1.4756207185644,0.062860203030216,0.90914352261495,-0.41169390761028,-0.0038440341902812
2990440000000,-0.016473279750385,0.86624997467603,1.4750795729872,0.063777276265811,0.9092564768212,-0.41129600928252,-0.0045509492504133
2990450000000,-0.013503195033708,0.86489224729506,1.4745660610277,0.064682116346656,0.90935462050761,-0.41092863112616,-0.0052969903866332
2990460000000,-0.010495780015484,0.86353538862039,1.4740752855422,0.065545487704413,0.90941420155773,-0.4106495221058,-0.0060472341602775
2990470000000,-0.0074488625339288,0.86216843111087,1.4736026456891,0.066338073163584,0.90941170545302,-0.41051652790748,-0.0067668566385272
2990480000000,-0.004360027957444,0.86078078625867,1.4731441333922,0.067030540528623,0.90932376758334,-0.41058753081242,-0.0074210434469565
2990490000000,-0.0012276330182058,0.8593632778523,1.4726982924474,0.06760249642775,0.90913632107167,-0.41089823423665,-0.0079808073657774
2990500000000,0.0019448669521904,0.85791090190957,1.4722718999527,0.06807425877639,0.90887775854749,-0.411382804459,-0.0084441402868631
2990510000000,0.0051524632372922,0.85641975793913,1.4718738941517,0.068477872967021,0.90858859831044,-0.41194636394706,-0.0088166413656473
2990520000000,0.0083899699238432,0.85488576262658,1.4715128640738,0.068845379025532,0.90830945228068,-0.41249408736453,-0.0091038768501518
2990530000000,0.011651933462018,0.85330447957273,1.4711967869785,0.069208729025086,0.90808108799266,-0.41293121135837,-0.0093115059421834
2990540000000,0.014933131437677,0.85167555612943,1.4709307781951,0.069597521587588,0.90793888993358,-0.41317543250501,-0.009445586765119
2990550000000,0.018230601174518,0.85001924948083,1.4707099422606,0.070030966793218,0.90789295690213,-0.41320157237593,-0.009513310862566
2990560000000,0.021542099539692,0.84836169793558,1.4705265851428,0.070525293210825,0.90794595766246,-0.41300078659365,-0.0095221455015706
2990570000000,0.024865367367219,0.84672886689684,1.4703730594319,0.071096710386732,0.90810034042124,-0.41256413854304,-0.0094795088088714
2990580000000,0.028198066511256,0.84514644366197,1.4702417934942,0.071761409613372,0.90835830219879,-0.41188259342214,-0.0093927712999129
2990590000000,0.031536226529745,0.84363354957248,1.4701248770182,0.072526213174102,0.90871320704308,-0.41096754264375,-0.0092700939293287
2990600000000,0.034868937915078,0.84218057594712,1.4700125859678,0.073354779890323,0.90911892610443,-0.40992513496387,-0.0091234966332152
2990610000000,0.03818334623212,0.84076989057712,1.4698946335812,0.07419839054307,0.90951851236689,-0.40888908058616,-0.0089662857493305
2990620000000,0.041466720089018,0.83938426525805,1.4697607735174,0.075008405284932,0.90985573713013,-0.40799341583872,-0.0088118885752882
2990630000000,0.044706543975122,0.83800700459129,1.4696009507226,0.075736241821608,0.91007498098154,-0.40737245528277,-0.0086737156445774
2990640000000,0.047893193780303,0.83662520628079,1.4694094303195,0.076343771610603,0.91013553209467,-0.40712601178069,-0.008564594945151
2990650000000,0.051029352731183,0.83524106855631,1.4691990519946,0.076841215537459,0.91006418249755,-0.40719337230362,-0.0084952270010229
2990660000000,0.054121184307665,0.83386096694463,1.4689878915354,0.077252761096117,0.90990693836285,-0.40746722379827,-0.0084756092587695
2990670000000,0.057174732138776,0.83249109978288,1.4687936863012,0.077602618491164,0.90970967938775,-0.40784018328096,-0.0085157344312902
2990680000000,0.060195893449689,0.83113740706211,1.4686335599443,0.077915038677888,0.90951834025285,-0.40820489059066,-0.0086257051527946
2990690000000,0.063190391952728,0.82980615881055,1.4685201586121,0.078215507900883,0.90937247193934,-0.40846827224099,-0.0088154509356416
2990700000000,0.06616395486692,0.82850648678634,1.4684486774594,0.078535234007929,0.90928146173287,-0.40860341436844,-0.0090934116098374
2990710000000,0.069122354850663,0.82724831841998,1.4684094497924,0.078907098804713,0.90924582483344,-0.40860257616793,-0.0094675514319243
2990720000000,0.07207137392373,0.82604140659399,1.4683930535664,0.079364003199762,0.90926592668336,-0.40845796644056,-0.0099458141950914
2990730000000,0.075016724296184,0.82489515906505,1.4683903571752,0.079938857473567,0.90934195445021,-0.4081617068555,-0.010536128287353
2990740000000,0.077963143603543,0.82381702547076,1.468394234872,0.080654033486816,0.90947262583184,-0.40771080977312,-0.011241233872886
2990750000000,0.080911465736877,0.82280762608155,1.4684059929333,0.081482785192989,0.90965067070844,-0.40712560469237,-0.012039725941994
2990760000000,0.083861563860451,0.8218658177521,1.4684295209779,0.082384071521882,0.90986722883741,-0.40643326552573,-0.012903151603504
2990770000000,0.086813572196562,0.82099093256412,1.4684690079529,0.083316890882112,0.91011366388474,-0.40566105450851,-0.013803019925707
2990780000000,0.089767960215476,0.82018306843413,1.4685290226913,0.084240300748031,0.91038161378603,-0.40483636320848,-0.014710813517619
2990790000000,0.092724323860434,0.81943926132712,1.4686134994255,0.085114501984815,0.91066067473629,-0.40399165572947,-0.015601254490808
2990800000000,0.095676824213029,0.81873827601255,1.468721779809,0.08590480166989,0.91092982912487,-0.40318251380993,-0.016464264893874
2990810000000,0.098617826172772,0.81805348752806,1.4688517135638,0.086577881480813,0.91116520335838,-0.40247130489727,-0.017294258049166
2990820000000,0.10153958093597,0.81735839930896,1.4690010774762,0.087100348176437,0.91134318470625,-0.40192043742002,-0.018085657884218
2990830000000,0.1044343759883,0.81662681407188,1.4691676604926,0.087438826571252,0.91144027121359,-0.40159233937243,-0.018832858925951
2990840000000,0.10729690881356,0.81583933833753,1.4693500675705,0.087572565789766,0.91144193048271,-0.40152601456995,-0.019532350153482
2990850000000,0.11013262030606,0.81500625785669,1.4695503721115,0.087539796008721,0.9113759377377,-0.40165037138283,-0.020190675954762
2990860000000,0.11295008777387,0.81414625804285,1.4697716506354,0.08739617782427,0.91128231948853,-0.40186201709343,-0.020817336691201
2990870000000,0.11575776223931,0.81327740832323,1.4700169001597,0.087197433386164,0.91120109129947,-0.40205756126059,-0.021421864034242
2990880000000,0.11856383487989,0.81241679907122,1.4702889673034,0.086999208665019,0.91117237820364,-0.40213359302496,-0.022013819550762
2990890000000,0.12137597467592,0.8115797543437,1.4705875533905,0.086851156712295,0.91122635445949,-0.40201073574877,-0.022600350858621
2990900000000,0.1242008272632,0.81077831665993,1.4708983131611,0.086775394201467,0.91134586874032,-0.40172322960186,-0.023177258021353
2990910000000,0.1270447546478,0.81002376930632,1.4712028833047,0.086785877922869,0.91149982294813,-0.4013388068823,-0.023737022748583
2990920000000,0.12991412366007,0.80932752156668,1.4714831153163,0.086896553106608,0.91165716261186,-0.40092526527533,-0.024272177088056
2990930000000,0.13281532835187,0.80870107534731,1.471721189202,0.087121436213123,0.91178691053382,-0.40055045869537,-0.024775293545863
2990940000000,0.13575315460633,0.80815503798422,1.4719030355548,0.087464128269756,0.91186247512487,-0.40027464672236,-0.025240045888422
2990950000000,0.13872478352579,0.80769586722283,1.472030607471,0.08787846245736,0.91187774742943,-0.40012202965936,-0.025665364996987
2990960000000,0.14172524984504,0.80732891042482,1.4721104107661,0.088303531557027,0.91183270890449,-0.4001061147789,-0.026051760074749
2990970000000,0.1447497278143,0.80705989910412,1.4721486216225,0.088678394598082,0.91172737725908,-0.40024040532453,-0.026399807450695
2990980000000,0.14779350262236,0.80689529581823,1.4721509051329,0.088942085978351,0.91156175677446,-0.40053843423796,-0.026710140888699
2990990000000,0.15085275563724,0.80684089898531,1.472122609149,0.089049987543119,0.91134060488506,-0.40099903625045,-0.026984709235106
2991000000000,0.15392771352831,0.80689503571517,1.4720701737025,0.089035186817395,0.9110915727795,-0.40155113850821,-0.027231685246005
2991010000000,0.15701972981495,0.80705351333343,1.472000439348,0.088953887302516,0.91084920204555,-0.40210300727572,-0.027461037973322
2991020000000,0.16013013060644,0.80731163100592,1.4719204146215,0.08886234443544,0.91064822029325,-0.40256299905528,-0.027682745705489
2991030000000,0.16326028372157,0.80766384417926,1.4718375374354,0.088816802769642,0.91052353001477,-0.40283952717992,-0.027906848203895
2991040000000,0.16641057608652,0.80810348662509,1.4717590225937,0.088860605818179,0.91049905764933,-0.40286890525798,-0.028140787649697
2991050000000,0.16957618368702,0.80862308175858,1.4716881652874,0.088975860446585,0.91054609297407,-0.4027204017459,-0.028379338347813
2991060000000,0.17275072351849,0.80921514868518,1.4716269686181,0.08912640244854,0.91062024211355,-0.40250282679892,-0.028613518807157
2991070000000,0.17592776825476,0.80987251936891,1.4715771315806,0.089276049326685,0.91067718742252,-0.40232502620816,-0.028834365112282
2991080000000,0.17910078182425,0.81058856242199,1.4715397192242,0.089388655695088,0.91067270119649,-0.40229589790492,-0.029032913346448
2991090000000,0.1822646200927,0.81135915592889,1.4715152531055,0.089440659993182,0.91057452801629,-0.40249406076575,-0.029204936503766
2991100000000,0.18542146612059,0.8121891822018,1.4715054326351,0.089468432178817,0.91040766625328,-0.40285325680309,-0.029368935184349
2991110000000,0.18857574627694,0.81308600286151,1.4715124682797,0.089526306871468,0.91021424562129,-0.40326400441072,-0.029550130162963
2991120000000,0.19173202297568,0.81405657032146,1.47153887103,0.089668688795421,0.91003651899358,-0.40361688315885,-0.029773679263507
2991130000000,0.19489513343388,0.81510703003211,1.4715878139276,0.089949981636336,0.90991683375098,-0.40380251126557,-0.030064736084512
2991140000000,0.1980700707044,0.81624113329618,1.4716619457321,0.090412986488544,0.90988563198502,-0.40374109115181,-0.030442731431141
2991150000000,0.20126075547059,0.8174561474049,1.4717571991061,0.091045133343681,0.90991638429126,-0.40349496369767,-0.030899378041678
2991160000000,0.20447074157849,0.81874772017783,1.4718672838884,0.09181715721099,0.90996549702184,-0.40316906873172,-0.031418241349202
2991170000000,0.20770346796912,0.82011199927596,1.4719854870067,0.092699720269727,0.90998949676269,-0.40286841960944,-0.03198302870097
2991180000000,0.21096217545581,0.82154589766012,1.472104243829,0.09366352933937,0.90994509236567,-0.40269812830672,-0.032577440194046
2991190000000,0.21424939089016,0.82304775164535,1.4722164195391,0.094680482976106,0.90979853079897,-0.40274165009149,-0.033187388885468
2991200000000,0.21756538559618,0.82461911858106,1.4723220861126,0.095727608905843,0.90956142389604,-0.40297780279303,-0.033810227882807
2991210000000,0.22090981822411,0.82626247645091,1.4724236888166,0.096783523753043,0.90925904001108,-0.40335390508712,-0.03444669707007
2991220000000,0.22428233194211,0.82798046372862,1.4725239412293,0.097826863308731,0.90891675389362,-0.40381728663984,-0.035097554295065
2991230000000,0.22768247772182,0.82977600731384,1.4726260401517,0.098836215018279,0.90856010140301,-0.4043153515995,-0.035763685497923
2991240000000,0.23111004854345,0.83165087473107,1.4727332973671,0.099795695569386,0.90821208812967,-0.4048003945409,-0.036445338529126
2991250000000,0.23456682497784,0.83359956502317,1.4728469896412,0.10071657436696,0.90788272151088,-0.40524787128596,-0.037138907468893
2991260000000,0.23805521356056,0.8356142641543,1.4729677728806,0.10161836353315,0.90757802700081,-0.40564023841937,-0.03783953056301
2991270000000,0.24157768760209,0.83768695912831,1.4730964836717,0.10252060910748,0.90730399191073,-0.40595995252641,-0.038542287371703
2991280000000,0.24513689824453,0.83980933177861,1.473234309893,0.10344287499253,0.90706656872202,-0.4061894348484,-0.039242254492807
2991290000000,0.24873479546625,0.84197454421698,1.4733819694001,0.10440294430475,0.9068680869777,-0.40631961022855,-0.039933349291298
2991300000000,0.2523690616042,0.84418465762957,1.4735356107043,0.10541001466795,0.90669341514924,-0.40638296851252,-0.040603726869173
2991310000000,0.25603609950641,0.84644452146786,1.4736898331016,0.10647060832407,0.90652208676671,-0.40642463766235,-0.041239903834322
2991320000000,0.25973235125673,0.84875906130314,1.4738389298258,0.10759120656293,0.90633358101802,-0.4064897931715,-0.04182846204181
2991330000000,0.26345429584993,0.8511332815927,1.4739766940943,0.10877831561499,0.90610732579687,-0.40662361726749,-0.042355944913533
2991340000000,0.26719896615568,0.8535707478078,1.4740974996773,0.11003413310035,0.90582569270577,-0.40686531717751,-0.042812587693383
2991350000000,0.27096592545215,0.85606779335864,1.4742011728097,0.11133957209914,0.90548565082189,-0.40722521225921,-0.04320720241915
2991360000000,0.27475546240007,0.85861859695081,1.4742892180722,0.11266907494237,0.90508865877634,-0.4077048180205,-0.043554341562564
2991370000000,0.27856775756388,0.861217477965,1.4743629850417,0.11399706483434,0.90463622149827,-0.40830566419025,-0.043868673932986
2991380000000,0.28240281881031,0.86385904004304,1.4744234973622,0.11529793547655,0.90412987397934,-0.40902935551564,-0.044164956463329
2991390000000,0.28625993429004,0.86653868715288,1.4744723229907,0.11655294145467,0.90357535486784,-0.40986668496199,-0.044455488659953
2991400000000,0.29013603525748,0.86925403516692,1.4745159574702,0.11777704986609,0.90299890533949,-0.41075520767515,-0.044740393921665
2991410000000,0.29402740150671,0.87200331455134,1.4745627087589,0.1189955799326,0.90243317095137,-0.41161633036451,-0.045015780570921
2991420000000,0.29793047586519,0.87478459718699,1.4746216418599,0.12023390692155,0.90191099280434,-0.41237156827339,-0.045277570217651
2991430000000,0.3018419808927,0.87759557806586,1.4747032438844,0.12151740957215,0.90146535256896,-0.41294249867234,-0.045521753907841
2991440000000,0.30575835688907,0.8804336328882,1.4748182880701,0.12286419363262,0.90112129131342,-0.41326997016392,-0.045746475551273
2991450000000,0.30967303617136,0.88329699624103,1.4749701072998,0.12425686219659,0.90086472607933,-0.41338931550807,-0.045959235490154
2991460000000,0.31357843389094,0.88618436978899,1.4751591120017,0.12566713148558,0.9006695627612,-0.41336472053264,-0.046170538211135
2991470000000,0.31746681740851,0.88909477221918,1.475384647179,0.12706671285324,0.9005097451464,-0.41326036897803,-0.046390913045392
2991480000000,0.32133019240468,0.89202771993762,1.4756443598695,0.1284273512777,0.90035932445855,-0.41314050757498,-0.046630712036509
2991490000000,0.32516212549998,0.89498422558324,1.4759339164415,0.12972915331663,0.90019531095828,-0.41306084350485,-0.0468987043696
2991500000000,0.32896530644751,0.89796981907644,1.4762483283146,0.13099307082872,0.90000871739182,-0.41303456816741,-0.04719713457783
2991510000000,0.33274541049615,0.90099120932844,1.4765827754648,0.1322525678959,0.89979469804178,-0.41306175246324,-0.047526290754114
2991520000000,0.33650839592144,0.90405479334487,1.476932683453,0.13354107610812,0.89954823990284,-0.41314238459637,-0.047886481700099
2991530000000,0.34026068089697,0.90716645197409,1.4772937983,0.13489199426496,0.89926416522995,-0.41327635034847,-0.048278041169264
2991540000000,0.34400782813989,0.91033103627783,1.4776633185141,0.13632849382722,0.89894011340805,-0.41346044423366,-0.048699849392193
2991550000000,0.34774854650505,0.91355143866264,1.4780442590083,0.13782338776202,0.89858844076083,-0.41367673772229,-0.049143510092995
2991560000000,0.35147928483861,0.91683025345609,1.4784414383093,0.13933402532097,0.89822627930337,-0.4139028699357,-0.049598334807436
2991570000000,0.35519619633428,0.92017058348646,1.4788598650839,0.14081781013903,0.89787104927388,-0.4141165998701,-0.05005362060338
2991580000000,0.35889480586028,0.92357630302835,1.4793049086134,0.14223218103626,0.89754045464546,-0.41429581224521,-0.050498702048419
2991590000000,0.36257082250611,0.92705000998051,1.4797812925606,0.14354313936116,0.8972482952684,-0.41442438270127,-0.050924402823886
2991600000000,0.36622481347589,0.93058365245924,1.480288318848,0.14475902230874,0.89698787035529,-0.41451533255424,-0.051328598004916
2991610000000,0.36985898970793,0.93416561505267,1.4808234990717,0.14590121773157,0.89674598637812,-0.41459064551798,-0.051711383931909
2991620000000,0.3734757959434,0.93778397205006,1.4813841439901,0.14699108509995,0.89650931731783,-0.41467225663698,-0.052072876231757
2991630000000,0.37707811272533,0.94142639854426,1.4819671945922,0.14804997853074,0.89626442659359,-0.41478204176394,-0.052413159703058
2991640000000,0.38066916521158,0.94508282044303,1.4825699628958,0.149098548095,0.89600015837819,-0.41493665053478,-0.052734383329958
2991650000000,0.38425173162936,0.94875627708143,1.4831938082804,0.1501539318614,0.89571710798412,-0.41512701243069,-0.053049248453635
2991660000000,0.38782847380177,0.95245385707459,1.483841458011,0.15123218735468,0.89541948651225,-0.4153360307628,-0.053373684829228
2991670000000,0.39140228484104,0.95618247760326,1.4845157979524,0.15234937781286,0.89511144621796,-0.41554655761336,-0.053723592446041
2991680000000,0.39497642600915,0.95994869087963,1.4852199819814,0.15352154467597,0.89479706624738,-0.41574141560107,-0.054114886208893
2991690000000,0.39855322870562,0.96375530408755,1.4859563116066,0.15475705909695,0.8944798534125,-0.41590777460735,-0.054559760996296
2991700000000,0.40212795052933,0.96758877775783,1.4867212883821,0.15602616817763,0.89416091691663,-0.41605457420888,-0.055051619254061
2991710000000,0.40569330656855,0.9714307653433,1.4875095350804,0.15728725649307,0.89384079522744,-0.41619758384361,-0.05557807962504
2991720000000,0.40924146182349,0.97526342997181,1.4883155295839,0.15849872828494,0.89352023975096,-0.41635263342028,-0.056126811164058
2991730000000,0.41276376258343,0.97906974902369,1.4891334381567,0.15961903134521,0.89320020236114,-0.41653561677449,-0.056685476911907
2991740000000,0.41625170438237,0.98283732548012,1.4899585102985,0.16061523849107,0.89288199957439,-0.41675838576366,-0.057244457340024
2991750000000,0.41970211648368,0.98657228103801,1.4907935256103,0.16149738788411,0.89256801862986,-0.41701218531316,-0.057807984968426
2991760000000,0.42311382956353,0.99028623237794,1.4916437811505,0.1622889436772,0.89226087293207,-0.41728176799681,-0.058384582657508
2991770000000,0.42648611025105,0.99399044134033,1.4925148585777,0.16301337827781,0.89196308627063,-0.41755182277089,-0.058982764717668
2991780000000,0.42981879357283,0.99769559796066,1.4934127694667,0.16369414099269,0.89167711783059,-0.41780697130062,-0.05961107677764
2991790000000,0.43311206271993,1.0014083665807,1.4943419099187,0.16435116468834,0.89140243002825,-0.41803967577004,-0.060276296231619
2991800000000,0.43636493767568,1.0051181759931,1.4952962956295,0.16498684045644,0.89112364264961,-0.41828209624536,-0.060976093247122
2991810000000,0.43957586991396,1.0088091601164,1.4962665602901,0.16559796070454,0.89082070360525,-0.4185788320652,-0.061705354594844
2991820000000,0.44274319309778,1.0124655991674,1.4972430622991,0.16618123316907,0.89047351404923,-0.41897444796251,-0.062459030361764
2991830000000,0.4458651140874,1.0160720178807,1.4982155140587,0.16673334492324,0.89006188946555,-0.41951344490084,-0.06323206590924
2991840000000,0.44894015984719,1.0196160498584,1.4991741086902,0.16725263290386,0.88957415584523,-0.42022135452046,-0.06401867886766
2991850000000,0.45196890477641,1.0230993696675,1.5001161704783,0.16774561304829,0.88904229701585,-0.42102839651979,-0.064809665512276
2991860000000,0.45495259663815,1.0265279121354,1.5010418582075,0.16822159481166,0.88851230300017,-0.42183495184042,-0.065594632876121
2991870000000,0.45789246695476,1.0299073202547,1.5019525533983,0.16869006433667,0.88803052648296,-0.42254157221221,-0.066363137214304
2991880000000,0.46078968861912,1.0332427566528,1.5028517234748,0.16916052306548,0.88764364797451,-0.42304895278198,-0.067104807553515
2991890000000,0.46364529669866,1.036539046311,1.5037436522475,0.16964088262395,0.88738689799261,-0.42328257909904,-0.067810931603194
2991900000000,0.46646016843676,1.039802254823,1.5046241961336,0.17013157764484,0.8872364832431,-0.42329314672178,-0.068480515687732
2991910000000,0.46923518301661,1.043039032747,1.5054856573988,0.17063054645014,0.88714980755798,-0.42317081986331,-0.069115069154173
2991920000000,0.47197132103689,1.0462563446836,1.506319037739,0.17113567942137,0.88708419572121,-0.42300575548833,-0.069716136972609
2991930000000,0.4746696843096,1.049461609378,1.5071133153521,0.1716449630295,0.8869969736276,-0.42288812494297,-0.070285199183768
2991940000000,0.47733132963836,1.0526592993334,1.5078573627358,0.17215528938591,0.88684991011784,-0.42289923398745,-0.070823944773327
2991950000000,0.47995645453165,1.0558364887881,1.5085507206809,0.17265716439977,0.88662733562584,-0.42307526414534,-0.07133577062605
2991960000000,0.48254489269545,1.0589746249846,1.5091967523351,0.17313898343077,0.88632066921604,-0.42343804433027,-0.07182469179011
2991970000000,0.48509638260366,1.0620551057599,1.5097990188347,0.17358905046959,0.88592121147065,-0.42400932881817,-0.072294797175204
2991980000000,0.48761055760918,1.0650593412458,1.5103611365079,0.17399558622764,0.88542008757282,-0.42481079406146,-0.072750214740001
2991990000000,0.49008658009351,1.06797236799,1.5108855184211,0.17434904075542,0.88481589100592,-0.42584760951734,-0.073191970047488
2992000000000,0.49252171210128,1.0707971614841,1.5113696818184,0.17465151300753,0.88414643011874,-0.4270412069348,-0.073605344181934
2992010000000,0.49491266224497,1.0735422552669,1.5118100963379,0.17490891185314,0.88346240010037,-0.42828660304322,-0.073970573993659
2992020000000,0.49725615131929,1.0762159210071,1.5122044102826,0.17512721842437,0.88281507093628,-0.42947908152559,-0.074267936733454
2992030000000,0.49954888224766,1.0788261507568,1.512552180003,0.17531245055288,0.88225627141119,-0.4305141906202,-0.074477835034349
2992040000000,0.50178841471634,1.0813783160597,1.5128562674909,0.17547293453683,0.88182669243626,-0.43130922097836,-0.074587463095304
2992050000000,0.50397715848882,1.083865547381,1.513125335804,0.17562868367862,0.88150788764113,-0.43189182496003,-0.074618101212033
2992060000000,0.50611920051605,1.0862770899338,1.5133691857606,0.17580341432648,0.88126220636883,-0.43232470027802,-0.074601854310827
2992070000000,0.5082189103635,1.088602085435,1.513596685108,0.17602080155487,0.88105174116136,-0.43267043036616,-0.074570808653747
2992080000000,0.51028108238957,1.0908294249533,1.5138153402017,0.17630445909955,0.88083842480421,-0.43299151962352,-0.074557032023535
2992090000000,0.51231046111428,1.0929517101354,1.5140291743375,0.17667257869249,0.88059168560388,-0.43333824504016,-0.074585846975025
2992100000000,0.5143090196958,1.0949822040037,1.5142314049827,0.17711581917608,0.88032009378814,-0.43369827030764,-0.074648036830085
2992110000000,0.51627770848272,1.0969408912894,1.5144120410939,0.17761603080889,0.88004482435593,-0.43403926184241,-0.074723302277978
2992120000000,0.51821729660924,1.0988479253743,1.5145612983526,0.17815507502101,0.8797871377393,-0.4343289329787,-0.074791306248285
2992130000000,0.52012826634541,1.1007237269595,1.5146698028912,0.17871483786242,0.87956837614896,-0.43453503324212,-0.074831699778688
2992140000000,0.52201097775877,1.1025851085776,1.5147311271452,0.17927558170259,0.87940312195063,-0.43463919457742,-0.074827705068233
2992150000000,0.52386670193142,1.104428757996,1.5147513002984,0.17980907524386,0.87927079612508,-0.43469458364348,-0.074780896574855
2992160000000,0.52569701590413,1.1062448825001,1.5147400982465,0.18028437134641,0.87913950898764,-0.43477735768277,-0.074698851608277
2992170000000,0.5275034181872,1.1080237338616,1.5147067974013,0.18067053707172,0.87897735571854,-0.43496369347087,-0.074589211890413
2992180000000,0.52928728247816,1.1097556881707,1.5146597999546,0.1809366330726,0.87875236050051,-0.43532975252436,-0.074459588329562
2992190000000,0.53105043651455,1.1114335180844,1.5146047569546,0.18106250625704,0.87844065402293,-0.43593058319956,-0.074316302511429
2992200000000,0.53279807869625,1.1130614846516,1.5145385794466,0.18108406324443,0.87806109458345,-0.43671232121002,-0.074159454698398
2992210000000,0.53453663675579,1.1146474029852,1.5144557827388,0.18105528633015,0.87764648704098,-0.43758603986046,-0.073987058299288
2992220000000,0.53627278906521,1.1161988081608,1.5143515527179,0.18103019097063,0.87722991815765,-0.43846291658899,-0.073797096301491
2992230000000,0.53801362226023,1.1177228386838,1.5142221573531,0.18106286259753,0.87684478063623,-0.43925429048412,-0.07358762633947
2992240000000,0.53976641201139,1.1192256916531,1.5140668382774,0.18119407335895,0.87651625193514,-0.43989412533539,-0.073356161081184
2992250000000,0.54153707161953,1.1207109250095,1.5138938987107,0.18139501433072,0.87622562462065,-0.44043316538582,-0.073096719231017
2992260000000,0.54333092362876,1.1221814033281,1.5137141954633,0.18161435322575,0.87593975399302,-0.44095986644908,-0.072802268221867
2992270000000,0.54515307897528,1.1236402041087,1.5135380574979,0.18180073872024,0.87562528131746,-0.441562635894,-0.072465831264408
2992280000000,0.54700828657877,1.1250907584519,1.5133749009665,0.18190276039703,0.87524863708271,-0.44232977228023,-0.072080382902116
2992290000000,0.54890013080222,1.1265358941095,1.5132311620812,0.18187835618814,0.87478305086381,-0.44333117175627,-0.071640418905244
2992300000000,0.55082836083919,1.1279729898004,1.5131034857446,0.18173475953533,0.87423851380195,-0.44454168700297,-0.071149045521018
2992310000000,0.5527916307597,1.1293975163976,1.5129857175814,0.18149520683074,0.8736371154848,-0.44590537275126,-0.070612172438082
2992320000000,0.55478879282067,1.1308047719416,1.5128722005197,0.18118296041618,0.87300117254872,-0.44736638300333,-0.070035754739365
2992330000000,0.55681895335041,1.1321897908639,1.5127580044042,0.18082136275976,0.87235329295232,-0.44886904443252,-0.069425845296817
2992340000000,0.55888147012494,1.1335483430668,1.5126398230734,0.18043217354674,0.87171420350115,-0.45036262570572,-0.068790141233999
2992350000000,0.56097572357686,1.1348813741251,1.5125189829705,0.18002829068769,0.87109336823405,-0.45182130552412,-0.068144451316314
2992360000000,0.56310108450721,1.1361915565928,1.5123981855494,0.17961976346339,0.8704966540281,-0.45322741798197,-0.067507210641842
2992370000000,0.56525698236264,1.137481510818,1.512280113516,0.17921667865395,0.86993006615084,-0.45456338474519,-0.066896870988446
2992380000000,0.56744293910789,1.1387537160492,1.5121674525005,0.17882912776278,0.86939974501791,-0.45581169699257,-0.066331917740696
2992390000000,0.56965851390043,1.1400093462621,1.5120615603545,0.17846684353172,0.8689112392092,-0.45695672180808,-0.065828554064086
2992400000000,0.57190281342834,1.1412436719213,1.5119566983794,0.17813777998177,0.86846644839789,-0.45799235510539,-0.065390840454391
2992410000000,0.57417478658107,1.1424500213527,1.5118448180276,0.17784930978353,0.86806604378497,-0.45891558793499,-0.065018841786962
2992420000000,0.57647337067977,1.1436216978774,1.5117178685376,0.17760880811136,0.8677106616119,-0.45972339223235,-0.064712608050322
2992430000000,0.5787975055644,1.1447519915456,1.511567797261,0.17742365209949,0.8674008908766,-0.46041272726846,-0.064472185873973
2992440000000,0.58114697400602,1.1458364022381,1.5113877069088,0.17730500362371,0.86713804042705,-0.46097754861192,-0.064298166459764
2992450000000,0.5835259694602,1.1468823583342,1.5111766508456,0.17728395968739,0.86692743642965,-0.46139609528836,-0.064193931611432
2992460000000,0.58594010862452,1.1479012190779,1.5109355826344,0.1773981555943,0.86677569619447,-0.46164142256923,-0.064163726875705
2992470000000,0.5883950208187,1.1489042991807,1.5106654728975,0.17768521769215,0.8666893186443,-0.46168651682584,-0.064211747700835
2992480000000,0.59089643847276,1.1499027029562,1.5103674752854,0.17818273918982,0.86667458043635,-0.46150424664874,-0.064342158849964
2992490000000,0.59344778549974,1.1509041038775,1.5100435553064,0.17890901691758,0.86673183024704,-0.46108538672143,-0.064558223753012
2992500000000,0.5960392318839,1.1519001226429,1.5096980900402,0.17978059453163,0.86683166191909,-0.46051620761979,-0.064858540254328
2992510000000,0.59865634751276,1.1528774276605,1.5093358964564,0.18068048450018,0.86693533254065,-0.45991455231611,-0.065240296453015
2992520000000,0.6012842758248,1.1538233929045,1.508960997695,0.18149168793892,0.86700473294886,-0.45939848453158,-0.065700781300144
2992530000000,0.60390750269218,1.1547265337804,1.5085760678271,0.18209728352235,0.86700228642973,-0.45908630523686,-0.066237293146452
2992540000000,0.60651435595045,1.1555815992798,1.5081828850077,0.18241201544797,0.86689731617187,-0.45907144037753,-0.066845437121123
2992550000000,0.60911728302326,1.1564093936895,1.5077870891931,0.18251794486011,0.86669464402839,-0.45931438108621,-0.067512170339458
2992560000000,0.61173706824808,1.1572388501662,1.5073961226666,0.18255244782572,0.86641050359743,-0.45973174465752,-0.068221448262473
2992570000000,0.61439496623398,1.1580981901191,1.5070182342816,0.18265294838051,0.86606105518795,-0.46024023167505,-0.068957075650951
2992580000000,0.61711296188689,1.1590143627363,1.506663114297,0.18295680948757,0.8656625940082,-0.46075654123975,-0.069702861504415
2992590000000,0.61990802824238,1.160007535359,1.5063408284567,0.18357118419732,0.86523052638871,-0.46121090831,-0.07044327216544
2992600000000,0.62276599894681,1.1610704373356,1.5060540301867,0.1844430251051,0.86477489131872,-0.46160658504824,-0.071165430335799
2992610000000,0.62566208832809,1.1621873624496,1.5058025655004,0.18546615936007,0.8643040986245,-0.46197103030089,-0.07185747000726
2992620000000,0.62857109568006,1.1633436065882,1.5055858642301,0.18653440737052,0.86382684200896,-0.46233185835381,-0.072507617826466
2992630000000,0.63146717158333,1.1645260441727,1.5054025871674,0.18754168470598,0.86335213176904,-0.46271698921852,-0.073104041995262
2992640000000,0.63432727401958,1.16572362317,1.505251203594,0.18839889366953,0.86289102943233,-0.46314439899676,-0.073635547578844
2992650000000,0.63714739861572,1.1669271247719,1.5051338004074,0.18910717028176,0.8624642145035,-0.46357724446158,-0.074095177078556
2992660000000,0.63993001834579,1.1681275049006,1.5050539357006,0.18969770143306,0.86209549611907,-0.46396041971963,-0.074477288993469
2992670000000,0.64267774455359,1.1693153441923,1.5050155071515,0.19020170314174,0.86180865664077,-0.46423880865431,-0.0747761994236
2992680000000,0.64539339058433,1.1704806975522,1.5050230200006,0.19065034809018,0.86162743869514,-0.46435725355102,-0.074986283647725
2992690000000,0.64807985272342,1.1716163832544,1.5050801601437,0.19106560827786,0.86156673020008,-0.46427992904044,-0.075105593905826
2992700000000,0.65073941372914,1.1727327115273,1.5051820411041,0.1914204112277,0.86159433168205,-0.46407510257706,-0.075151400165721
2992710000000,0.65337414747149,1.1738458640163,1.505320525829,0.19167131004966,0.86166236900653,-0.46384581030922,-0.075147421782005
2992720000000,0.65598615770517,1.1749720435741,1.5054867442537,0.19177487503461,0.86172302669023,-0.46369516342194,-0.075117361484505
2992730000000,0.6585775285082,1.1761276436147,1.5056705326221,0.191687704713,0.86172849711644,-0.46372630493438,-0.075084853540515
2992740000000,0.66115086710912,1.1773280781044,1.5058614916724,0.19138222922545,0.86163983389353,-0.46401921430292,-0.075072017039123
2992750000000,0.66371207939131,1.1785814837623,1.5060565601514,0.19091620337693,0.86146644052405,-0.46452944383971,-0.0750930818713
2992760000000,0.66626822925771,1.179893292402,1.5062556001092,0.19037602402837,0.86123400189759,-0.46517093162837,-0.075159615609721
2992770000000,0.66882658863518,1.1812683316768,1.5064591556107,0.18984821158378,0.86096844050831,-0.46585775414112,-0.075283158234238
2992780000000,0.67139489334637,1.1827103748463,1.5066689721756,0.18941938353117,0.86069601144496,-0.46650419017302,-0.075475251416742
2992790000000,0.6739800761621,1.1842224856237,1.50688878187,0.18916294868668,0.86043884650576,-0.46703849351209,-0.075745731536146
2992800000000,0.67658155337514,1.1858108793325,1.5071254098029,0.18908072549044,0.86019517047127,-0.46746368933422,-0.076094987350962
2992810000000,0.67919611538119,1.187483185108,1.5073864055696,0.18915041622299,0.85995499686202,-0.46780784469654,-0.076520218603291
2992820000000,0.68182047809893,1.1892474123629,1.5076790516699,0.18934967953719,0.85970819194171,-0.46809898359283,-0.077018602472667
2992830000000,0.68445120065943,1.1911120887503,1.5080101731095,0.18965618639929,0.85944451307795,-0.46836510835998,-0.077587274546965
2992840000000,0.6870848996071,1.1930814110412,1.5083843315592,0.1900519566704,0.8591536660817,-0.4686325861117,-0.078222318160466
2992850000000,0.6897193787902,1.1951335908199,1.5087966562646,0.19054237861497,0.85882545247854,-0.46891893197148,-0.078914379966597
2992860000000,0.69235272616492,1.1972380575132,1.509239240215,0.19114066286987,0.85844965417184,-0.46923869421865,-0.079652282439936
2992870000000,0.69498283019449,1.199364369429,1.5097042452695,0.19185997158697,0.85801596329846,-0.46960643400878,-0.080424841717119
2992880000000,0.69760741214216,1.2014822172826,1.5101838727185,0.19271344260333,0.85751397315166,-0.47003668710141,-0.081220857348104
2992890000000,0.70022446851957,1.2035652712586,1.5106718872045,0.19370629682863,0.85693999519087,-0.47053495158282,-0.082027888855971
2992900000000,0.70283387007261,1.2056086801071,1.5111706512424,0.19480068306879,0.85632749506894,-0.47105798656011,-0.082826857738451
2992910000000,0.70543601480169,1.2076150124353,1.5116855517914,0.19594433903015,0.85572286829561,-0.47154622188269,-0.083596347444954
2992920000000,0.70803096456848,1.2095872134146,1.5122223147282,0.19708515080647,0.85517294935137,-0.47194033032661,-0.084314854210103
2992930000000,0.71061821408991,1.211528814001,1.5127873175253,0.198171076591,0.85472494691095,-0.47218125555037,-0.084960881808703
2992940000000,0.71319741507493,1.2134436247082,1.5133843688485,0.1991622612472,0.8544139756471,-0.4722265224516,-0.085517620448019
2992950000000,0.71577282843686,1.2153334587683,1.5139985281612,0.20008547416825,0.85420765033585,-0.47212311854123,-0.085993337378418
2992960000000,0.71835052925996,1.217199209153,1.5146080812715,0.20098998064672,0.85405036451758,-0.47194828586072,-0.086404965251684
2992970000000,0.72093695427401,1.2190414947485,1.5151906369944,0.2019249857697,0.85388625910583,-0.4717791917823,-0.086769527101385
2992980000000,0.72353911026008,1.2208604887154,1.5157227428817,0.20293970588507,0.85365928370706,-0.47169291415859,-0.087103948524756
2992990000000,0.72616487164273,1.2226563886529,1.5161835861671,0.20407314778332,0.85332496560001,-0.4717503903046,-0.087419807166326
2993000000000,0.72882338254882,1.2244325165896,1.5165733010118,0.20530811650265,0.85290343515594,-0.47192469685729,-0.087700559254152
2993010000000,0.73152405616095,1.2261933117194,1.5168995207097,0.20660829183177,0.85243700278917,-0.4721591350404,-0.087919970541801
2993020000000,0.73427611074957,1.2279433562831,1.5171703424077,0.20793736810955,0.85196820442961,-0.47239720680821,-0.088051738111545
2993030000000,0.73708838463719,1.2296876554097,1.5173946630749,0.20925905795231,0.85153981921267,-0.4725826054806,-0.088069654009333
2993040000000,0.739968020823,1.2314304219131,1.5175809913358,0.21053793478724,0.85118828726693,-0.47266935776716,-0.0879542828013
2993050000000,0.74291543190268,1.2331680770531,1.5177302688911,0.21174315548502,0.85091403890082,-0.4726678693685,-0.087722401776234
2993060000000,0.74592884937402,1.2348942508429,1.517840526758,0.21284546626297,0.85070519896003,-0.47260781855833,-0.087403213849498
2993070000000,0.74900661299956,1.236602509746,1.5179092812206,0.21381563725748,0.85054992556985,-0.47251897713603,-0.087025936499503
2993080000000,0.75214714574134,1.2382864070676,1.5179331470634,0.2146244374305,0.85043641271598,-0.47243124793756,-0.08661971344085
2993090000000,0.75534959083234,1.2399421664635,1.5179093572014,0.21525214050378,0.85035368334986,-0.47236931066472,-0.086211156841835
2993100000000,0.75861710522369,1.2415799840896,1.517844452601,0.21573156933148,0.85029516168645,-0.47232837083406,-0.085813391213935
2993110000000,0.76195431032578,1.2432146768755,1.5177484392205,0.21611355260482,0.85025569772367,-0.47229340228333,-0.085434905212055
2993120000000,0.7653660876454,1.2448605763555,1.5176315996218,0.21644890661022,0.85023005662973,-0.47224930461309,-0.085084169638679
2993130000000,0.76885774156084,1.2465311475655,1.5175046638953,0.21678843075148,0.85021292273307,-0.47218096963141,-0.084769653933162
2993140000000,0.77243489907877,1.2482370441544,1.5173774243707,0.2171791653177,0.85019828287426,-0.47207543302377,-0.084503701013528
2993150000000,0.77610217293858,1.2499789196983,1.5172517381667,0.21764733863227,0.8501767035199,-0.47193148368396,-0.08432012503657
2993160000000,0.77986375672618,1.2517541003277,1.5171266042103,0.21821198714137,0.85013759168398,-0.4717518745535,-0.08426014911471
2993170000000,0.78372390317212,1.2535597247173,1.5170008381323,0.21889209688847,0.85007031107478,-0.4715392467717,-0.084365009944784
2993180000000,0.78768706287068,1.2553924526114,1.5168728437914,0.21970660240658,0.84996409089986,-0.47129612782407,-0.08467592891587
2993190000000,0.79175515347819,1.2572478097953,1.5167405427836,0.22066676135221,0.84981115108337,-0.47102428318844,-0.085225070111436
2993200000000,0.7959142806633,1.2591195274658,1.5166024762196,0.22174140804494,0.84962155637904,-0.47072170508717,-0.085994390829469
2993210000000,0.80014487110351,1.2610012404814,1.5164575931018,0.22288477499962,0.84941167533518,-0.47038510672759,-0.086948457413142
2993220000000,0.80442693435393,1.262887555885,1.5163051477761,0.22405115167942,0.84919810465543,-0.47001121485669,-0.088051793790295
2993230000000,0.80873984396387,1.264774567579,1.5161448516004,0.22519488229358,0.84899773601472,-0.46959681053487,-0.089268946258754
2993240000000,0.81306615581748,1.2666607146,1.5159759032462,0.22628157310191,0.84882427258639,-0.46913967633742,-0.090564717350212
2993250000000,0.81741003993606,1.2685486250077,1.5157922475823,0.22733956918395,0.84867206596714,-0.46864263446891,-0.091904982935481
2993260000000,0.82178331358402,1.2704419379752,1.5155860333802,0.22841897029784,0.84852855443564,-0.46811043353682,-0.093256036423404
2993270000000,0.82619796664637,1.2723439281466,1.5153497655806,0.22956991286231,0.84838104239037,-0.46754795430275,-0.094584208239666
2993280000000,0.83066627662874,1.2742572466504,1.515076679137,0.23084254074141,0.84821679483867,-0.46696001632656,-0.095855795286209
2993290000000,0.83519867391967,1.276182296402,1.5147628116288,0.23227797356376,0.84802372644903,-0.46635335104199,-0.097042538860622
2993300000000,0.83979298563263,1.2781112485993,1.5144143873628,0.23386680654016,0.84779329785094,-0.46574668286578,-0.098147176817613
2993310000000,0.84444243233258,1.2800336926025,1.5140407993996,0.23558198817383,0.84751828306535,-0.465162927568,-0.099183353111249
2993320000000,0.84913994258388,1.2819395782575,1.513650857076,0.237396419008,0.8471915182463,-0.46462509002776,-0.10016485097279
2993330000000,0.85387809669334,1.2838193759037,1.5132524174929,0.23928304052425,0.8468058606612,-0.46415636642245,-0.10110553089138
2993340000000,0.85864783992639,1.2856654849511,1.5128517408132,0.24120887364879,0.84635838388744,-0.463776846519,-0.10201373402347
2993350000000,0.86343286091938,1.2874784902104,1.5124520380946,0.24310727902481,0.84586999619186,-0.46348807856822,-0.10286691135966
2993360000000,0.86821431010921,1.2892621972789,1.5120556731401,0.2448999964194,0.84537040032228,-0.46328537456313,-0.10363175058166
2993370000000,0.87297310240391,1.2910213939839,1.5116651013858,0.24650888893891,0.84488983623582,-0.46316438277035,-0.10427505373995
2993380000000,0.87768960951101,1.2927625528748,1.5112828975733,0.24785589134567,0.84445894630852,-0.46312103342805,-0.10476379871544
2993390000000,0.8823463823445,1.2944928661841,1.5109121157595,0.24888281724717,0.84410467108627,-0.46314613731687,-0.10507284624446
2993400000000,0.88694263193616,1.296211151178,1.5105579930943,0.24964345172663,0.84383164979846,-0.4632006997253,-0.10522074692009
2993410000000,0.89148375893216,1.2979122133618,1.5102266337001,0.2502307161253,0.84363629019163,-0.46323502517947,-0.10524119928099
2993420000000,0.89597577606679,1.2995891631404,1.5099244870861,0.25073744958757,0.84351464256677,-0.46319920451261,-0.10516784721891
2993430000000,0.90042566991166,1.3012325653744,1.5096586777349,0.25125638491427,0.84346250066627,-0.46304321977074,-0.10503435454156
2993440000000,0.90484037201825,1.3028330614862,1.5094366176923,0.25187057646067,0.84347321854168,-0.46272680891968,-0.10487155297462
2993450000000,0.90922057270955,1.3043971699216,1.5092621161064,0.25260864954015,0.84352762335239,-0.4622652703837,-0.10469402378384
2993460000000,0.91356455897253,1.3059374930222,1.5091373007116,0.25348008632623,0.84360213704283,-0.46169339468981,-0.10451071482209
2993470000000,0.91787055348199,1.3074667135315,1.5090636893227,0.25449432894395,0.84367315184884,-0.46104594934621,-0.10433063776408
2993480000000,0.92213675884913,1.3089974981222,1.5090419383169,0.25566080327605,0.8437170536326,-0.46035768651803,-0.10416279346068
2993490000000,0.92636056674683,1.3105404096319,1.509071203589,0.25698345931377,0.84371139729877,-0.45966439855544,-0.1040154815782
2993500000000,0.93053443995597,1.3120952470932,1.5091468469812,0.25843520476236,0.84364047793676,-0.45900773680965,-0.10389363057932
2993510000000,0.93464903604391,1.3136583901016,1.5092628353122,0.25997804922234,0.8434911376764,-0.45843148669628,-0.10380118780322
2993520000000,0.93869483439542,1.3152269218452,1.5094126625721,0.26157404985191,0.84325044183498,-0.45797951531639,-0.103742336294
2993530000000,0.94266205185814,1.3167988809111,1.5095890084118,0.26318531632916,0.84290565960808,-0.4576957615045,-0.10372139687741
2993540000000,0.94654315088518,1.3183726392644,1.5097839902437,0.26477457353503,0.8424515530716,-0.45761117975767,-0.10373916375885
2993550000000,0.95034494093389,1.3199431970531,1.5099924457188,0.26630786102967,0.84192485432989,-0.4576823294844,-0.10377643322608
2993560000000,0.95407927677009,1.3215041995239,1.5102107127046,0.26775242501681,0.84137727015703,-0.45783959335417,-0.10380671904075
2993570000000,0.95775784514577,1.3230494643315,1.5104359609612,0.26907557136973,0.8408607482575,-0.45801350893005,-0.10380349016033
2993580000000,0.9613920257977,1.3245732918543,1.5106666231823,0.27024466787003,0.84042746650781,-0.45813471749533,-0.10374041475025
2993590000000,0.96499009576299,1.3260707062502,1.5109027777441,0.27123516911879,0.84011917543413,-0.45814739626678,-0.10359641593678
2993600000000,0.96854480107723,1.3275366752678,1.5111459242682,0.27206849124044,0.83991696929534,-0.45807316778367,-0.10337888430678
2993610000000,0.9720435408113,1.3289657956246,1.5113976255924,0.27278234451271,0.83978019036642,-0.45796103569121,-0.10310535475386
2993620000000,0.9754739862892,1.3303520645391,1.5116589741126,0.27341443297103,0.83966799132432,-0.45785994763412,-0.10279338763261
2993630000000,0.97882422057573,1.3316885764887,1.5119303568013,0.27400242246293,0.83953941421299,-0.45781884734321,-0.1024604679117
2993640000000,0.98208675747048,1.3329690459374,1.5122113665264,0.27458453681,0.83935867101432,-0.45787757821249,-0.10211991435647
2993650000000,0.98527711070692,1.3341959981083,1.5125014682111,0.27520252051372,0.83912014114346,-0.45802348240637,-0.10176173639738
2993660000000,0.98841892814365,1.335375164796,1.5128004244591,0.27589931971625,0.83882889757976,-0.45822512133041,-0.10136756950308
2993670000000,0.99153588570951,1.3365120825459,1.5131084625193,0.27671781614232,0.83848991107373,-0.45845095864897,-0.10091896635831
2993680000000,0.99465169517125,1.3376119133733,1.5134265594512,0.27770084597626,0.8381079883505,-0.45866936624565,-0.10039747245303
2993690000000,0.99778510593808,1.3386772331039,1.5137572828788,0.27887376983153,0.83768731846793,-0.45885890752244,-0.099789177595907
2993700000000,1.000925811714,1.3396987309417,1.5141070685487,0.28016136164563,0.83722976613989,-0.45905762091887,-0.099106159276446
2993710000000,1.0040529096298,1.3406632888393,1.5144832735984,0.28145262592979,0.83673662099651,-0.45932512114489,-0.098370115003489
2993720000000,1.0071452043987,1.341558605638,1.5148924849357,0.28263676182328,0.83620951007164,-0.45972139040767,-0.097603070307455
2993730000000,1.0101812417157,1.3423737102222,1.5153400071933,0.28360310061862,0.83565040212567,-0.46030663191992,-0.096827120979842
2993740000000,1.0131429430754,1.343101393865,1.515829245032,0.28425853090606,0.83506464842778,-0.46112504070595,-0.096061529174002
2993750000000,1.0160327823659,1.3437470411458,1.5163615224976,0.28461168998333,0.83447578612023,-0.46212801162564,-0.095310278432002
2993760000000,1.018860776946,1.3443199890398,1.5169380527852,0.28470761896661,0.83391388297046,-0.46323361004198,-0.094571824657076
2993770000000,1.021637118604,1.3448288889388,1.5175608391309,0.28459138404304,0.83340910569565,-0.46435995854811,-0.093844741830512
2993780000000,1.0243720849182,1.3452813786393,1.5182329718779,0.28430818577874,0.83299175127237,-0.46542538932584,-0.093127894759243
2993790000000,1.0270759049009,1.3456821851455,1.5189572982994,0.2839042959179,0.83268367205346,-0.46636258839989,-0.092423964402483
2993800000000,1.0297585297418,1.3460251393893,1.5197290109525,0.28343098139469,0.83245692571047,-0.46718638920503,-0.091756326015629
2993810000000,1.0324299158998,1.3463001996012,1.5205403493144,0.28294139086185,0.83226555027687,-0.46794110568789,-0.091155607436436
2993820000000,1.0351001706733,1.3464970186262,1.5213834624969,0.2824887397305,0.83206351159295,-0.46867107224066,-0.090652361501888
2993830000000,1.0377795444137,1.346604707294,1.522250305376,0.28212618783467,0.83180472461194,-0.46942064299666,-0.090277207420979
2993840000000,1.0404771485373,1.3466139545244,1.5231332154545,0.28189732245764,0.83145106511198,-0.47022644657197,-0.090056176132804
2993850000000,1.0431947741764,1.3465288438892,1.5240283171003,0.28179074774163,0.8310113129011,-0.4710800245574,-0.089987681271375
2993860000000,1.0459314551554,1.3463585533279,1.5249331912231,0.28177521765381,0.83051119737627,-0.47195661026104,-0.090060178656808
2993870000000,1.0486861110287,1.3461126164178,1.5258455451311,0.28181952962745,0.82997648230021,-0.4728314103998,-0.090262112142749
2993880000000,1.0514575918033,1.3458010808393,1.5267632306193,0.28189259206825,0.82943298554268,-0.47367965508179,-0.090581860172917
2993890000000,1.0542440992328,1.3454317992375,1.5276833819767,0.28196633726932,0.82890379820398,-0.47447955859724,-0.091008936062966
2993900000000,1.0570400273704,1.3449968812549,1.5285985160585,0.28202991859475,0.82839564641286,-0.47522647859068,-0.091540002556081
2993910000000,1.0598382989707,1.3444826692218,1.5294995747943,0.28207873536859,0.82790927882582,-0.47592195223173,-0.09217433737706
2993920000000,1.0626317162763,1.3438756015058,1.5303776701346,0.28210823892025,0.82744539109742,-0.47656748735058,-0.09291122798299
2993930000000,1.0654129673242,1.3431622700215,1.5312240523348,0.28211393083937,0.82700463385102,-0.47716455354283,-0.093749957107082
2993940000000,1.0681764188132,1.3423327397336,1.5320312248267,0.28209291930259,0.82658825892269,-0.47771294095893,-0.09468780877639
2993950000000,1.0709265549595,1.3413967213743,1.5327988087146,0.28205161883077,0.82620130080077,-0.47820269757557,-0.095710369874398
2993960000000,1.0736715631785,1.3403710728199,1.533529001316,0.28199988247789,0.82585020704049,-0.47862037301283,-0.096798968748135
2993970000000,1.0764195961397,1.3392727130837,1.534224141923,0.28194766433091,0.82554146900662,-0.47895255139155,-0.097934932706666
2993980000000,1.0791787212635,1.3381186172151,1.5348868691274,0.28190500768541,0.82528162869437,-0.47918583895132,-0.099099605094954
2993990000000,1.0819553433244,1.3369229867933,1.5355186752253,0.28188410163626,0.82507339551127,-0.47931151980004,-0.10027817435114
2994000000000,1.0847465988981,1.3356835212013,1.5361122660239,0.28190952120868,0.82489649883437,-0.47934843836309,-0.10147838539098
2994010000000,1.0875461480794,1.3343919310388,1.5366570894736,0.2820102398087,0.82472214606205,-0.47932555413321,-0.10271620900681
2994020000000,1.0903474709752,1.3330399072881,1.5371426236891,0.28221515097824,0.82452137530075,-0.47927186816895,-0.10400762766421
2994030000000,1.0931437823443,1.3316189578091,1.5375584222816,0.28255314765119,0.82426505969958,-0.47921632480726,-0.10536861083393
2994040000000,1.0959291013539,1.3301233731954,1.537896078994,0.28304366238831,0.82393046196611,-0.47918329239258,-0.10680941586741
2994050000000,1.0987041451766,1.3285662061899,1.5381585555949,0.28364983960278,0.82353365288665,-0.47917089934485,-0.1083066954419
2994060000000,1.1014723802923,1.3269676134453,1.538352948672,0.28431431854019,0.82310522221645,-0.4791676867493,-0.10982481235299
2994070000000,1.1042377212093,1.3253482799192,1.538486318913,0.28497984795874,0.82267612787898,-0.47916230961142,-0.11132814524329
2994080000000,1.1070047119479,1.3237298220595,1.538565657888,0.28558926582114,0.82227763924322,-0.47914368771912,-0.11278112327537
2994090000000,1.1097778485444,1.322130557404,1.5385981513518,0.28609464929016,0.82193716756302,-0.47910119579725,-0.11415423080931
2994100000000,1.1125571971038,1.3205424740794,1.5385925244125,0.28650276017071,0.82165784849668,-0.47902506827075,-0.11545359408256
2994110000000,1.1153409293738,1.3189475455305,1.5385580545922,0.28684045291193,0.82143369125196,-0.4789057603858,-0.11669840666756
2994120000000,1.1181269471517,1.3173273801583,1.5385039607953,0.28713460294935,0.82125852252049,-0.47873363986632,-0.11790784976805
2994130000000,1.1209128128821,1.3156630234664,1.5384393698691,0.28741207449142,0.82112604861338,-0.47849894757443,-0.11910108687699
2994140000000,1.1236952325843,1.3139370784399,1.5383727069512,0.28769748622958,0.82103131923819,-0.4781918405483,-0.12029253044229
2994150000000,1.1264680497761,1.3121449504246,1.5383088530909,0.28800230369709,0.82097782620693,-0.47780278521617,-0.12146843368296
2994160000000,1.1292241278986,1.31028691282,1.5382514391297,0.28833323577413,0.82097218649399,-0.47732244032791,-0.1226046577855
2994170000000,1.1319563448542,1.3083633097273,1.5382042032395,0.28869709979786,0.82102101197598,-0.47674151617826,-0.12367703592139
2994180000000,1.1346576213345,1.3063745666985,1.5381711008329,0.28910078488625,0.82113090696139,-0.47605073989755,-0.12466139279627
2994190000000,1.137322598196,1.3043227549522,1.5381548168692,0.28954787890604,0.82130513854969,-0.47524706248121,-0.12553933573133
2994200000000,1.1399559133275,1.3022191925511,1.5381486322203,0.29002224722484,0.821527006428,-0.47436476602435,-0.12632712526914
2994210000000,1.1425659374579,1.3000786151124,1.5381422505445,0.29050034952112,0.82177254121985,-0.47345195169089,-0.12705387386959
2994220000000,1.145161085171,1.2979157862725,1.538125220957,0.2909586159253,0.82201789951066,-0.47255678891939,-0.12774872973578
2994230000000,1.1477498137847,1.295745494168,1.5380868313823,0.29137359577717,0.82223932557927,-0.47172753570991,-0.12844084711608
2994240000000,1.1503383124272,1.293579557443,1.5380177608911,0.29172475976327,0.82241639588181,-0.47100592749983,-0.12915631066989
2999300000000,1.6693908499595,0.058294864058311,1.5431445538294,0.51584731677199,0.704864235044,-0.37872636426055,-0.30599721722421
2999310000000,1.671454202275,0.054510421659166,1.5431285761398,0.51688854777924,0.70380962033493,-0.37866550984709,-0.30674204007751
2999320000000,1.6735159807616,0.05073424975236,1.5431192970305,0.51797600873465,0.70278207382352,-0.37851734511064,-0.30744565460911
2999330000000,1.6755420028583,0.046979661418882,1.5431091733863,0.51915946541184,0.70179009244946,-0.37821147926647,-0.30809120819028
2999340000000,1.6775007765756,0.04325740914679,1.5430921335324,0.52048392359903,0.70084206808267,-0.37768385929142,-0.30866127601516
2999350000000,1.679392698268,0.039559424842852,1.543073805309,0.52195454127076,0.69994683647385,-0.3769284386169,-0.30913239092484
2999360000000,1.6812350344567,0.035867884164334,1.5430658682598,0.52355581141867,0.69911342762349,-0.37596963941726,-0.30947787947239
2999370000000,1.6830453415976,0.032164915404919,1.5430801165823,0.52527215566826,0.69835075590331,-0.37483236294956,-0.30967092839747
2999380000000,1.6848416136369,0.028432870483032,1.5431285849902,0.52708812986098,0.69766767886742,-0.37354169133429,-0.30968454604407
2999390000000,1.6866403878721,0.024656918766065,1.543221274039,0.52898497001184,0.69706916484054,-0.37212759233569,-0.3095004619585
2999400000000,1.6884396794206,0.020844465367675,1.5433460972025,0.53091379622211,0.69652544391286,-0.37066301581316,-0.30917919669881
2999410000000,1.6902279893221,0.017014547596243,1.5434789880326,0.53281015467116,0.69598923626965,-0.36924325339332,-0.30882315635263
2999420000000,1.6919941914368,0.013186432340418,1.5435950798715,0.53460987628088,0.69541395291823,-0.36796385640766,-0.30853575910612
2999430000000,1.6937275426233,0.0093794707280203,1.5436683706357,0.53624931777295,0.69475355415298,-0.36692076174696,-0.30842069123015
2999440000000,1.6954199713568,0.0056108961722146,1.5436747245926,0.53767336465498,0.69396788526374,-0.36619852384899,-0.30856857956374
2999450000000,1.6970847019772,0.0018781965607267,1.543619033882,0.53889904604673,0.69306787440879,-0.36577526408684,-0.30895500613294
2999460000000,1.6987457789158,-0.0018317543682151,1.5435220814314,0.53998098499314,0.69209083966764,-0.36557315352146,-0.30949487058489
2999470000000,1.7004269859622,-0.0055324611426059,1.5434053512084,0.54097394936929,0.69107404573688,-0.3655138633873,-0.31010234614454
2999480000000,1.7021518178092,-0.0092376796881498,1.5432912644256,0.54193259112365,0.69005480405124,-0.36551886735669,-0.31069179533759
2999490000000,1.7039401193589,-0.01295949643772,1.5432011192611,0.54290740791816,0.68906672673552,-0.36551567833547,-0.3111862487716
2999500000000,1.7057810513908,-0.016693527470001,1.5431353798088,0.54391240754892,0.68810855974277,-0.36548876952079,-0.31158283373326
2999510000000,1.70764769753,-0.020426528171608,1.5430830754486,0.54494233710864,0.68716057399299,-0.36545259748308,-0.31191760734057
2999520000000,1.7095129460031,-0.024145074886681,1.5430328283089,0.54599170439119,0.68620280306509,-0.36542179036467,-0.31222697982125
2999530000000,1.7113494904348,-0.027835769996614,1.542972742995,0.54705495567328,0.68521519360779,-0.36541098716706,-0.31254731542589
2999540000000,1.7131337339282,-0.031487153643331,1.5428931393983,0.54812482918418,0.68418133527735,-0.36543382353331,-0.31291083827144
2999550000000,1.7148782221444,-0.03510419924332,1.5428095219204,0.54917929419086,0.6831184512784,-0.36549416895433,-0.31331341627101
2999560000000,1.7166147372181,-0.038700619682405,1.542750882318,0.55018863625477,0.6820617113788,-0.36559080285955,-0.3137318142485
2999570000000,1.7183755075865,-0.042290215453508,1.5427463357164,0.55112321444904,0.68104664902663,-0.36572256654105,-0.31414275205324
2999580000000,1.7201933951534,-0.045886576683477,1.542824981085,0.55195353164487,0.68010898722611,-0.36588836832238,-0.31452307757209
2999590000000,1.72209666785,-0.049500707170463,1.5430121633955,0.55265351376115,0.67928075999248,-0.36608667722267,-0.31485280305495
2999600000000,1.7240638579413,-0.053124294112386,1.5432996940937,0.55322687259591,0.67855932682264,-0.36631166043332,-0.31513970687672
2999610000000,1.7260467013361,-0.056738854595133,1.5436616697186,0.55369302132991,0.67792352725547,-0.36655511889852,-0.31540620496964
2999620000000,1.7279962252388,-0.060325936407868,1.5440720825042,0.55407143460668,0.67735191166507,-0.36680874811027,-0.3156747937773
2999630000000,1.7298626899449,-0.063867464329456,1.5445049242983,0.55438150194585,0.67682293371515,-0.36706418687075,-0.31596795630947
2999640000000,1.7315999232049,-0.067347598237073,1.5449362697126,0.55464196409086,0.67631721744684,-0.36731258390166,-0.31630488260834
2999650000000,1.7332017218155,-0.070766472266639,1.5453618959497,0.55486645638325,0.67583568795051,-0.36754096349191,-0.31667487842992
2999660000000,1.7346833673341,-0.074132603589288,1.545788174233,0.5550659447578,0.67539010738196,-0.36773420535192,-0.31705134290033
2999670000000,1.736060309196,-0.077454606738034,1.5462217831863,0.55525141023487,0.67499236707295,-0.3678772022503,-0.31740752966799
2999680000000,1.7373479549886,-0.080741081125277,1.5466697221295,0.5554338713947,0.67465438439121,-0.36795484855825,-0.31771670644096
2999700000000,1.7397103807766,-0.087237185722053,1.5476255672536,0.55581812343797,0.67417346476448,-0.36789410196931,-0.31813563585606
2999710000000,1.7408035160261,-0.090455293501264,1.5481242838966,0.55601171367756,0.67399324292366,-0.36780291405128,-0.31828461973835
2999720000000,1.7418484867255,-0.093658007931329,1.548627476514,0.55619679711662,0.67382028341499,-0.36771276603438,-0.3184315785708
2999730000000,1.7428531333926,-0.096848787584859,1.5491280211395,0.5563662337346,0.67362986563848,-0.36765487221989,-0.31860526206081
2999740000000,1.7438245131592,-0.10003056632017,1.5496193708816,0.55651441093254,0.67339912303671,-0.36765587863066,-0.31883300711519
2999750000000,1.7447629959188,-0.10320116690585,1.55010074186,0.55664965666143,0.67312236627953,-0.36770067760902,-0.3191295214154
2999760000000,1.7456653688837,-0.10635567773039,1.550574454312,0.55678778114653,0.67280307994168,-0.36775180289062,-0.31950272902999
2999770000000,1.746528280389,-0.10948918167747,1.5510428160909,0.55694468364611,0.67244479558375,-0.36777156570873,-0.31996045334824
2999800000000,1.7488360916097,-0.11871971491199,1.5524292151812,0.55765360805977,0.6711780105497,-0.36732080323537,-0.32189743565768
2999820000000,1.7500531583405,-0.1247128073242,1.5533050099994,0.55823588727947,0.67026245093329,-0.36663185807285,-0.32357691770003
2999830000000,1.7505333534043,-0.12765887353871,1.5537117321313,0.55849624609864,0.66981849838757,-0.36624425922611,-0.32448461426617
2999840000000,1.7509170728968,-0.13057041938867,1.5540916417455,0.558710400359,0.66939780341087,-0.36585976944501,-0.3254164999213
2999850000000,1.7512166161559,-0.13345214692306,1.5544481344242,0.55889268167473,0.66899211294295,-0.36547619053661,-0.32636739625979
2999860000000,1.7514546522242,-0.13631176891023,1.5547885798721,0.5590749742016,0.66858321075355,-0.36507765909399,-0.32733769466776
2999870000000,1.7516537185786,-0.13915715886254,1.5551203944856,0.55928929684191,0.66815268281781,-0.36464820996733,-0.32832782070527
2999880000000,1.7518359178027,-0.14199626348472,1.5554510721063,0.5595676186457,0.66768205187023,-0.36417184231719,-0.32933816516894
2999890000000,1.752020118843,-0.14483660729869,1.555787114248,0.55993799613582,0.66715459850376,-0.36363500940431,-0.33036913008667
2999900000000,1.7522008491419,-0.14768119288172,1.5561247633431,0.56039292955812,0.66657016172935,-0.3630478001978,-0.33142160274326
2999910000000,1.7523597523216,-0.15053042848914,1.5564547133879,0.56090571754446,0.66593762597042,-0.36243308405206,-0.33249678784512
2999920000000,1.7524786200424,-0.15338448613153,1.5567676433475,0.56144949173021,0.66526606771521,-0.36181386306531,-0.33359594703231
2999940000000,1.7525272971214,-0.15910683102914,1.5573054003847,0.56252450923336,0.66384269691991,-0.36065271246944,-0.33587002135694
2999950000000,1.7524384237134,-0.16197312679059,1.5575121203002,0.5630208190066,0.6631119314247,-0.36013898370974,-0.33703120950419
2999960000000,1.7522769639903,-0.16483970579851,1.5576656858492,0.56348480037341,0.66238524793735,-0.35967054495486,-0.33818303055444
2999970000000,1.7520468347885,-0.16770398460662,1.5577573779175,0.56391502709378,0.66167566017199,-0.35924587620646,-0.33930452897425
2999980000000,1.7517520207282,-0.17056335720331,1.5577785138157,0.56431011383344,0.66099628306783,-0.35886348289953,-0.34037480787658
2999990000000,1.7513959519678,-0.17341537495347,1.5577210935858,0.56467053689614,0.66035924860898,-0.35851982982833,-0.34137425087119
3000000000000,1.7509751942341,-0.17625894044938,1.5575830269598,0.56501390553749,0.65976660600238,-0.35819224616378,-0.34229464930308
3000010000000,1.7504824451744,-0.17909363156859,1.5573654043499,0.56536715776063,0.65921478475187,-0.3578476801185,-0.34313391310685
3000020000000,1.7499101520854,-0.1819189498055,1.5570692523736,0.56575731597716,0.65870002876622,-0.357452988735,-0.3438899422288
3000030000000,1.7492504041473,-0.18473424621342,1.5566953872093,0.56621133859422,0.65821848657417,-0.35697499558579,-0.34456058466672
3000040000000,1.7484962435965,-0.18753907260916,1.556244986017,0.56675197497661,0.65776636532354,-0.35638535020814,-0.34514502700486
3000050000000,1.7476535516441,-0.19033651693122,1.5557254711065,0.56736369685174,0.65734105605336,-0.35570157642432,-0.34565526185874
3000060000000,1.7467353885496,-0.19313172305297,1.5551477723016,0.56801011735174,0.65694072181537,-0.35496623980818,-0.34611033385787
3000070000000,1.7457549956509,-0.19592997376045,1.5545229616444,0.56865469988556,0.65656365763301,-0.35422218477108,-0.34652942095822
3000080000000,1.744725816597,-0.19873671217772,1.5538623799543,0.56926104074551,0.65620824036399,-0.35351235044257,-0.34693173802969
3000090000000,1.7436596809132,-0.20155675628705,1.5531760214927,0.56979820580262,0.6558728407261,-0.35287430165713,-0.34733348340173
3000100000000,1.7425505653212,-0.20438716043998,1.5524576483409,0.57028517289469,0.65555540429123,-0.35229398500895,-0.34772242034064
3000110000000,1.7413825596111,-0.20722053051879,1.5516919764681,0.57076818285112,0.65525349278388,-0.35172907472533,-0.34807068194868
3000130000000,1.7388051060218,-0.21286529346739,1.5499563960251,0.57190810044283,0.65468569870733,-0.35047495552584,-0.34853273319036
3000140000000,1.7373657453176,-0.21566151713149,1.5489571211805,0.57265288661802,0.65441465335955,-0.34970499510157,-0.34859223932462
3000150000000,1.7358368294746,-0.21843994762153,1.5478771789821,0.57352548377849,0.65415270324417,-0.34883361874572,-0.34852240491503
3000160000000,1.7342496560774,-0.221208047557,1.5467420960075,0.57449919458344,0.65390330710541,-0.34789195928042,-0.34832789875005
3000170000000,1.7326356547768,-0.22397360863565,1.5455778107726,0.57554717663085,0.65366996669667,-0.34691149845747,-0.3480135548352
3000180000000,1.7310263063009,-0.22674475197581,1.5444106692214,0.57664273067432,0.65345622717809,-0.34592383742969,-0.34758426175614
3000190000000,1.7294505865089,-0.22952920658777,1.5432652945543,0.5777596545884,0.65326312132054,-0.34496097335684,-0.3470489918054
3000200000000,1.7279120971704,-0.23232782607871,1.5421455533034,0.57887529513478,0.65306709568988,-0.34405768581926,-0.34645500434906
3000210000000,1.7264003593763,-0.23513747523759,1.541043683685,0.57996900811387,0.65283123297479,-0.34325016494909,-0.34587086483607
3000220000000,1.7249045130574,-0.23795479375655,1.5399518182373,0.58102032470823,0.65251869740695,-0.34257455661895,-0.34536561057467
3000230000000,1.7234131483114,-0.24077618005718,1.5388622930549,0.58200892553573,0.65209273885298,-0.34206705969614,-0.34500840164089
3000240000000,1.7219155059647,-0.24359826775081,1.5377694169391,0.58291775860214,0.65152119677935,-0.3417588855683,-0.34485921908595
3000250000000,1.7204146475855,-0.24642246564582,1.5366820623421,0.58376010744683,0.6508159765375,-0.34163245852127,-0.34489123636577
3000260000000,1.7189216678965,-0.24925294945114,1.5356168570675,0.58456590902018,0.65001323129225,-0.34164329199044,-0.34502950336797
3000280000000,1.7160064732475,-0.25495006345802,1.5336173291715,0.58618795067175,0.64826052032359,-0.34189793148529,-0.34532273125749
3000290000000,1.7146076247774,-0.25782439195312,1.5327120943153,0.58706091447004,0.647381231829,-0.34205556998759,-0.34533318754159
3000300000000,1.7132426496182,-0.26070801498701,1.5318747073594,0.58797895869422,0.64652550028184,-0.34221171169397,-0.34521973581713
3000310000000,1.7118912423921,-0.26358498297919,1.5310983485488,0.5889193190095,0.64569616939858,-0.34237709973135,-0.34500494793687
3000320000000,1.7105329844841,-0.26643911541252,1.5303759891772,0.58985907743147,0.64489598516764,-0.34256270969815,-0.34471180283044
3000330000000,1.7091474612575,-0.26925411155157,1.5297004572102,0.59077534317392,0.64412773393526,-0.34277962175192,-0.3443633069663
3000340000000,1.7077164285571,-0.27201589893773,1.5290656650741,0.59164993303702,0.64339347902889,-0.34303576011962,-0.3439791493093
3000360000000,1.7047378252252,-0.27742164336586,1.5279458058217,0.59340536355088,0.642001242934,-0.34355436062369,-0.34303772369331
3000370000000,1.7032168517433,-0.28010433367728,1.5274841904985,0.59438910867488,0.64132398819613,-0.34373468808795,-0.34242020071539
3000380000000,1.7016918584001,-0.28279904566721,1.5271036802048,0.59551197161133,0.64064617430821,-0.34380739270371,-0.34166423244777
3000390000000,1.7001738391249,-0.28552193377756,1.52681390173,0.59681789640233,0.63995854393156,-0.34373598198164,-0.34074482428061
3000400000000,1.6986635477515,-0.28826535015217,1.5266074316489,0.5982827132611,0.63926114001206,-0.34353116450343,-0.33969004827688
3000410000000,1.6971564242068,-0.29100858355498,1.5264673291091,0.59984454104776,0.63855950509406,-0.3432300822592,-0.33855781730979
3000420000000,1.6956482500338,-0.2937309796798,1.5263765112742,0.60144145409569,0.63785963141001,-0.34287031162305,-0.33740660532992
3000430000000,1.6941353668057,-0.29641217430926,1.5263179750383,0.60301191616664,0.63716801490909,-0.34248970093708,-0.3362950408345
3000440000000,1.6926155168957,-0.29903416738239,1.526276029869,0.6044981748687,0.63648972830623,-0.34212599948946,-0.33527985745405
3000450000000,1.6910939526167,-0.30159870771936,1.5262461197919,0.60587575756913,0.6358113543731,-0.34181279037064,-0.33439872066042
3000460000000,1.6895798442507,-0.30411850762166,1.526230024529,0.60713876528551,0.63510895702455,-0.34158106695308,-0.33367874834032
3000470000000,1.6880822421354,-0.30660641027599,1.5262298479599,0.60828151271321,0.63435842713522,-0.34146159734824,-0.33314706174637
3000480000000,1.6866100389573,-0.30907519776573,1.5262480407274,0.60929823000291,0.63353557153009,-0.34148501008202,-0.33283078945712
3000490000000,1.6851708185215,-0.31153651576098,1.5262875839253,0.61018533580988,0.63261974956308,-0.34167660638632,-0.33275096554879
3000500000000,1.6837609584688,-0.31399169418888,1.5263522424227,0.61096190445686,0.63162599085778,-0.34201053371622,-0.33287077643213
3000510000000,1.6823706511643,-0.31643623418957,1.5264459286252,0.61165972873724,0.63058939558641,-0.34243236227994,-0.33312080042895
3000520000000,1.6809901012968,-0.31886553166437,1.526572202759,0.6123107810611,0.62954533813018,-0.34288745950923,-0.33343119941931
3000530000000,1.6796095849139,-0.3212749612151,1.5267340403802,0.61294717889275,0.62852931578997,-0.34332115448343,-0.33373228786585
3000540000000,1.6782196327101,-0.32366066810986,1.5269326700017,0.61359873972067,0.62757372889424,-0.34368332043489,-0.33396044177393
3000550000000,1.676813069607,-0.32602589654108,1.5271594198786,0.61427111337478,0.62667970037643,-0.3439695570748,-0.33410850964198
3000560000000,1.675383930887,-0.32837789136147,1.5274003679491,0.61495623338858,0.62583062908558,-0.34420122029161,-0.33420109913739
3000570000000,1.6739261779813,-0.33072391474586,1.5276417390736,0.61564582406276,0.6250096549885,-0.34439989650291,-0.33426316245443
3000580000000,1.6724337031656,-0.33307117190536,1.5278700781657,0.61633156188781,0.62419987791682,-0.34458718387171,-0.33431959401286
3000590000000,1.6709020172347,-0.33542633071293,1.5280742998583,0.61700565368099,0.62338668546622,-0.34478143949893,-0.3343932156701
3000600000000,1.6693430172761,-0.33779142474406,1.5282628250151,0.61766591356923,0.62257814308231,-0.3449687819976,-0.33448739052163
3000610000000,1.6677779026462,-0.34016593316134,1.5284549200966,0.6183133980251,0.62179519631463,-0.34511712145368,-0.33459445324487
3000620000000,1.6662280002705,-0.34254937221163,1.5286697993845,0.61894927270996,0.62105899505053,-0.34519420198003,-0.3347065661113
3000630000000,1.66471464343,-0.34494134283257,1.5289263337205,0.6195747498677,0.6203907243521,-0.34516777933164,-0.33481589355274
3000640000000,1.6632563704438,-0.3473410916559,1.5292408086171,0.62018981032841,0.61981027709411,-0.34500921540368,-0.33491560259246
3000650000000,1.6618442969987,-0.34974352034127,1.529609142251,0.62078234475727,0.61932476856043,-0.34472543562486,-0.33500818724097
3001510000000,1.5290430368334,-0.59551498538146,1.5267102600676,0.67782930355699,0.56565436041739,-0.27764852579331,-0.37880585516203
3001520000000,1.5277118979287,-0.59820421126978,1.5261987048917,0.67878869482396,0.56463958813796,-0.27659098610882,-0.37937510420418
3001530000000,1.5264353241421,-0.60087492573638,1.5257280746206,0.67979320326513,0.56357336348686,-0.27552234285111,-0.37993907847505
3001540000000,1.5252097970084,-0.60352839178776,1.5253062162051,0.68087386934062,0.56244080046695,-0.2744368358493,-0.38046753231814
3001550000000,1.5240193058137,-0.60615779796568,1.5249375161462,0.68200920713406,0.56126093234923,-0.27335064147925,-0.38095804756656
3001560000000,1.5228406636385,-0.60875131223662,1.5246240828971,0.68314644693755,0.56007344261429,-0.27229318388059,-0.38142508166998
3001570000000,1.5216510499256,-0.61129691070795,1.5243678497404,0.6842327273738,0.55891864416146,-0.27129411989203,-0.38188352217835
3001580000000,1.5204283598348,-0.61378268396955,1.5241705595793,0.68521551403757,0.5578371044639,-0.27038325846342,-0.38234847684836
3001590000000,1.5191525713838,-0.61619807865082,1.5240330151809,0.68604782350262,0.55686684429628,-0.26958832182587,-0.38283134449249
3001600000000,1.5178163646741,-0.61854316576239,1.5239479637351,0.6867387679735,0.55601736377145,-0.26891264650871,-0.3833021579571
3001610000000,1.5164195901609,-0.62082423253302,1.5239033853128,0.68733112025259,0.55528075610426,-0.26834490670326,-0.38370590831915
3001620000000,1.5149618526288,-0.62304750441661,1.5238872609001,0.68786799575442,0.55464870651878,-0.26787363119823,-0.38398717489327
3001630000000,1.5134423075727,-0.62521898796595,1.5238876739473,0.68839237195124,0.55411281732627,-0.26748726205928,-0.38409047443294
3001640000000,1.5118613594561,-0.62734418911661,1.5238940796868,0.688943210449,0.55366362538676,-0.26717449510728,-0.38396826934525
3001650000000,1.5102369895271,-0.629425651838,1.5239090278772,0.68951845274896,0.55328070815847,-0.26692858024082,-0.38365856480595
3001660000000,1.508597833441,-0.63146421265112,1.5239428898081,0.69009129714531,0.55293708411789,-0.26674546773072,-0.383251142277
3001670000000,1.5069724353964,-0.633460585523,1.5240060253202,0.69063467511107,0.55260574414116,-0.26662109128793,-0.38283655880396
3001680000000,1.5053890150081,-0.63541524391435,1.5241086000987,0.69112163227889,0.55225971405852,-0.26655146997745,-0.38250543980057
3001690000000,1.503872010945,-0.63732800814525,1.5242583876766,0.69152785918023,0.55187409284085,-0.26653349262863,-0.38234029729533
3001700000000,1.5024089983298,-0.63919451856975,1.5244399602015,0.69185655222461,0.55144625638465,-0.2665716439066,-0.38233636516576
3001710000000,1.5009653265782,-0.64100794207052,1.5246239035174,0.69212750689383,0.5509870596959,-0.26667499531319,-0.3824359045949
3001720000000,1.4995060496967,-0.64276138536718,1.5247806852063,0.69236068326036,0.5505075248154,-0.26685270154955,-0.38258042954727
3001730000000,1.4979962526133,-0.64444796595351,1.52488092195,0.69257602496048,0.55001868353137,-0.26711388239331,-0.38271147258626
3001740000000,1.4964046037687,-0.64606184451129,1.5248985187306,0.69279460063525,0.549529061422,-0.26746221311918,-0.3827759351588
3001750000000,1.4947376497476,-0.6476072645445,1.5248407372754,0.69304930430955,0.54902025746857,-0.26784366155652,-0.38277825388753
3001760000000,1.4930249220623,-0.64909452284298,1.5247349429648,0.69338029356377,0.54845751396935,-0.26816907330905,-0.38275771969818
3001770000000,1.4912961197294,-0.65053376503483,1.5246084558161,0.69382787132383,0.54780586696251,-0.26834874461342,-0.3827539266423
3001780000000,1.4895805477741,-0.65193461704509,1.524488043136,0.69443221064312,0.54703027603231,-0.26829291504146,-0.38280633963387
3001790000000,1.4879038824292,-0.65330496566256,1.5243970791519,0.69522709770097,0.54610015007189,-0.26792324416459,-0.38295044581521
3001800000000,1.4862592955866,-0.65464236234439,1.5243302352979,0.69618114561054,0.5450355750338,-0.26728546866514,-0.38317947842288
3001810000000,1.4846206164739,-0.65593839303043,1.5242650745127,0.69722348451156,0.54388783932755,-0.2665012227706,-0.38346124854925
3001820000000,1.4829620203374,-0.65718489981137,1.5241793346066,0.69828312387224,0.5427090600246,-0.26569343453165,-0.38376366937116
3001830000000,1.4812585799037,-0.65837456496008,1.5240515135318,0.69928974415782,0.54155189046094,-0.26498525970308,-0.38405496454799
3001840000000,1.4794881528804,-0.65950191282524,1.5238632180351,0.70018053037721,0.54046510374501,-0.26448850333682,-0.38430525382466
3001850000000,1.4776485108634,-0.66056758542533,1.5236188665433,0.70096650643324,0.53944979694823,-0.26418987576908,-0.38450433413996
3001860000000,1.4757491635777,-0.66157542118577,1.5233363675672,0.70170350311567,0.53847751534125,-0.26399936569125,-0.38465373272818
3001870000000,1.473799542176,-0.66252894719384,1.5230334615905,0.70244773758777,0.53751915873571,-0.26382578508577,-0.38475483762228
3001880000000,1.4718087617833,-0.663430909812,1.5227272058453,0.70325513799,0.53654542661081,-0.26357786122703,-0.38480894888851
3001890000000,1.4697845481835,-0.6642829917506,1.5224319654858,0.70417584627618,0.53552971320948,-0.26317255871785,-0.38481749976957
3001900000000,1.4677232285467,-0.66508680431754,1.5221426066573,0.7052008422243,0.53447724661579,-0.26261781476963,-0.38478270275801
3001910000000,1.4656143132892,-0.66584434138696,1.5218424147912,0.70628502047002,0.53341299621881,-0.26197756395138,-0.38470742299913
3001920000000,1.4634473656109,-0.66655783146962,1.5215147462699,0.70738302036607,0.53236239313294,-0.26131668182967,-0.3845947694302
3001930000000,1.4612121622484,-0.66723005599954,1.5211434436708,0.70844982535185,0.53135110841753,-0.26070021003541,-0.38444797441253
3001940000000,1.4588998659113,-0.66786459017955,1.5207146519528,0.70944434222503,0.53040315077123,-0.26018814352104,-0.38426989591681
3001950000000,1.4565147644903,-0.66846443489624,1.5202324085073,0.71036463054645,0.52952158078496,-0.25978368649954,-0.38405914047228
3001960000000,1.4540691100037,-0.6690318791408,1.5197114926436,0.71123266990506,0.52869638965406,-0.25945496935192,-0.38381158881028
3001970000000,1.4515751992876,-0.66956899011403,1.5191666912498,0.71207064630306,0.52791727682197,-0.25916958394583,-0.38352297227646
3001980000000,1.4490452727155,-0.67007740742054,1.5186124780913,0.71290061279535,0.52717382580064,-0.25889510361496,-0.38318898599899
3001990000000,1.4464898417604,-0.67055792885854,1.5180614929257,0.71374292782232,0.52645630488105,-0.25859939589714,-0.38280692845904
3002000000000,1.4439008346887,-0.67100773373993,1.5175108002263,0.71460061103034,0.52576387040544,-0.25825384028322,-0.38239151830332
3002010000000,1.4412587370533,-0.67142187245661,1.5169479337826,0.71546602009195,0.52510129887599,-0.25783195893765,-0.38196816747329
3002020000000,1.4385439395284,-0.67179520006699,1.5163602067144,0.71633136461172,0.52447354601539,-0.25730728427012,-0.38156236327118
3002030000000,1.4357368894167,-0.67212232602026,1.5157348282892,0.71718884940888,0.52388559502379,-0.25665336181951,-0.38119954023698
3002040000000,1.4328200008254,-0.6723979516288,1.5150603109534,0.71803050515285,0.5233415029143,-0.25584837414684,-0.38090349754729
3002050000000,1.429796767015,-0.67262132614099,1.514341178422,0.71884676065909,0.52283577495673,-0.25492123873621,-0.38067998260549
3002060000000,1.426683679158,-0.67279474032667,1.5135920964534,0.71962712906748,0.52235704792989,-0.25393235029244,-0.38052368002928
3002070000000,1.4234972970093,-0.67292078542583,1.5128282688776,0.72036123449266,0.52189397661984,-0.25294260215709,-0.38042924312169
3002080000000,1.4202540318002,-0.67300248699221,1.5120655766489,0.72103884822204,0.52143540034154,-0.2520129247291,-0.38039136214533
3002090000000,1.4169694936332,-0.67304325775575,1.5113196528539,0.72165216072768,0.52097058072383,-0.25119806105987,-0.38040418906358
3002100000000,1.413652752585,-0.67304445850134,1.5105933620363,0.72221841053667,0.52049143064929,-0.25048385449193,-0.38045640583568
3002110000000,1.4103089227402,-0.67300589428083,1.5098811514486,0.72277026071834,0.51999133179555,-0.2498132378614,-0.38053319338506
3002120000000,1.4069431881761,-0.67292708492987,1.509176913071,0.72334044606702,0.5194635425111,-0.24912845727884,-0.38061954608146
3002130000000,1.4035609566825,-0.67280700638762,1.5084737246503,0.7239615132734,0.51890119779209,-0.24837169156808,-0.38070037701116
3002140000000,1.4001671218126,-0.67264386496444,1.5077639622692,0.7246627551009,0.51829853223985,-0.24749097334121,-0.38076073978578
3002150000000,1.3967578293381,-0.67243587971405,1.5070442484771,0.72543977159241,0.51766330310667,-0.24650059954504,-0.38078773198803
3002160000000,1.3933236693911,-0.67218164257157,1.506314344503,0.72626735920359,0.51701180914733,-0.24545635566441,-0.38076986438215
3002170000000,1.389855084459,-0.67188008584178,1.5055743276055,0.72712024191082,0.51636057901132,-0.24441478120098,-0.38069583787733
3002180000000,1.3863423707231,-0.67153088113825,1.5048247948483,0.72797341179882,0.51572628339436,-0.24343253314013,-0.38055448248471
3002190000000,1.3827761647887,-0.6711345136347,1.5040671926316,0.72880368072778,0.51512294161821,-0.24256227211995,-0.38033813129931
3002200000000,1.3791536115451,-0.67068862024901,1.5033049264742,0.72960553634895,0.51453300485069,-0.24181116884095,-0.38007750113897
3002210000000,1.3754760562298,-0.67018848748613,1.5025423633694,0.73038434187719,0.51391912607047,-0.24115772014923,-0.37982732788995
3002220000000,1.3717449712274,-0.66962885904033,1.5017839463779,0.73114549630552,0.51324363947626,-0.24057980854134,-0.37964270767596
3002230000000,1.3679619615796,-0.66900350305121,1.5010343962845,0.7318942795385,0.51246876500627,-0.24005526185392,-0.37957871348117
3002240000000,1.3641289936744,-0.6683053374073,1.5002987766843,0.73263461073347,0.51156196391453,-0.23956354108959,-0.37968433469389
3002250000000,1.360250477562,-0.66753256762521,1.4995795305848,0.73335668556512,0.51055174793796,-0.23910184968568,-0.37994103475582
3002260000000,1.3563323424616,-0.66668745983047,1.4988770631217,0.73404230662317,0.50950513229894,-0.23867866603989,-0.38028792595321
3002270000000,1.3523805521334,-0.66577303405289,1.4981912146198,0.7346734201928,0.50848990012273,-0.23830277779238,-0.38066359588464
3002280000000,1.3484009777131,-0.66479362047696,1.4975208194787,0.73523224835899,0.50757407162198,-0.23798298532031,-0.38100682603872
3002290000000,1.3443986721421,-0.66375521277902,1.4968633889703,0.73570391717526,0.50681927907129,-0.23772718993966,-0.38126073463974
3002300000000,1.3403717962756,-0.66266202091552,1.4962159413709,0.73610385358605,0.50621261774576,-0.23753389080939,-0.38141519776709
3002310000000,1.3363143016447,-0.66151615338196,1.4955757392315,0.73646634547303,0.50569402608175,-0.23739563499496,-0.38148943164414
3002320000000,1.3322202135434,-0.66031889718413,1.4949402340805,0.7368257824767,0.50520256994597,-0.2373048088784,-0.38150302394709
3002330000000,1.3280838839013,-0.65907015723385,1.4943072079626,0.73721640372138,0.50467720552742,-0.23725376094104,-0.38147548443443
3002340000000,1.3239007717331,-0.65776825235355,1.4936752967408,0.73766929668058,0.50406187489853,-0.23723529772563,-0.38142502346016
3002350000000,1.319673807376,-0.65641319151975,1.4930481443493,0.73818144179815,0.50335808187873,-0.23724757830201,-0.38135598458919
3002360000000,1.3154104488323,-0.65500683699636,1.4924323755064,0.73872836383867,0.50260379624167,-0.2372921850528,-0.38126401269536
3002370000000,1.3111181306615,-0.65355145827833,1.4918345914066,0.73928534303839,0.50183762703594,-0.23737081364033,-0.38114468970624
3002380000000,1.306804075749,-0.65205004793882,1.4912612824243,0.73982777020737,0.50109825689733,-0.23748521038996,-0.38099367738912
3002390000000,1.3024743327635,-0.65050618801205,1.4907182193581,0.74033329023937,0.50042277655124,-0.23763557711644,-0.38080572023097
3002400000000,1.2981253352202,-0.64891889841558,1.490204501523,0.74080389583955,0.49982936699258,-0.2378043141123,-0.38056444919398
3002410000000,1.2937475849415,-0.6472838086993,1.4897149821345,0.74125694187485,0.49932420246409,-0.23796257219907,-0.38024636906661
3002420000000,1.2893315907489,-0.64559623369903,1.4892441950942,0.74170995193847,0.49891326334991,-0.23808136946097,-0.37982780883522
3002430000000,1.2848680389323,-0.64385112049973,1.4887860774233,0.74218035322639,0.49860248659676,-0.23813173649177,-0.37928506392909
3002440000000,1.2803488252115,-0.64204388046792,1.488333731524,0.74268343815191,0.49839651408064,-0.23808801482185,-0.3785978376131
3002450000000,1.275777081749,-0.64017901021655,1.4878820630951,0.74321136120134,0.49828624737155,-0.23796272154687,-0.37778490098948
3002460000000,1.2711630052165,-0.63826688319195,1.4874278357183,0.7437416777251,0.4982538822075,-0.23779267389829,-0.37688994404217
3002470000000,1.2665168474771,-0.63631786252949,1.4869687158188,0.74425185430263,0.4982815141676,-0.23761512946,-0.37595712555775
3002480000000,1.2618487649536,-0.63434216490568,1.486503914185,0.74471950731533,0.49835134947584,-0.23746745350031,-0.37503066065017
3002490000000,1.2571679654309,-0.63234912368889,1.4860341792031,0.74512430294154,0.49844723034573,-0.23738382411467,-0.37415110821063
3002500000000,1.2524746079599,-0.63033906873508,1.4855553721891,0.74546802251801,0.49856999562189,-0.23736063434599,-0.37331664325548
3002510000000,1.2477631983222,-0.62830659644797,1.4850592685227,0.7457664200646,0.49873126098215,-0.23737011152198,-0.37249833043818
3002520000000,1.2430282805164,-0.62624613241389,1.4845370020303,0.74603534439546,0.49894277626887,-0.23738407887453,-0.37166674591462
3002530000000,1.2382645738487,-0.6241519657528,1.4839786761524,0.74629054521,0.499216210385,-0.23737434703492,-0.37079241738302
3002540000000,1.2334679068613,-0.62201976960612,1.4833736770216,0.74654732378611,0.49956062099153,-0.23731447823249,-0.36984877683129
3002550000000,1.2286442773055,-0.6198622072478,1.4827187798045,0.74681671466109,0.49995638776014,-0.23719838834723,-0.36884323174776
3002560000000,1.2238061913781,-0.61770273338699,1.4820163040423,0.74710712872687,0.50036563649042,-0.23703298215775,-0.36780502089346
3002570000000,1.2189664166751,-0.61556461990452,1.4812692802025,0.7474270506568,0.50075029638339,-0.23682534008483,-0.36676382443219
3002580000000,1.21413792715,-0.61347043655688,1.4804816696487,0.74778507108546,0.50107240669339,-0.23658256903686,-0.36574939335579
3002590000000,1.2093330245608,-0.61143971789468,1.4796580491343,0.74818907400371,0.50129731951723,-0.23631170094149,-0.3647888251913
3002600000000,1.204553029865,-0.60946836791804,1.4787975641028,0.74863781837054,0.50142771387957,-0.23601784918777,-0.36387805584244
3002610000000,1.1997920671802,-0.60753771478335,1.4778953047592,0.74912411892257,0.50149015658872,-0.23570488377432,-0.36299295455701
3002620000000,1.1950439916057,-0.60562936163318,1.4769459658922,0.74964062202466,0.50151154516277,-0.2353766589214,-0.36210901164419
3002630000000,1.1903024535237,-0.60372577349155,1.4759437521584,0.75017990884019,0.50151874823371,-0.23503697515051,-0.36120170245269
3002640000000,1.1855613716215,-0.60181172755536,1.4748829425863,0.75073417225959,0.50153755303888,-0.23468911366156,-0.36024894923127
3002650000000,1.1808208453481,-0.59988703240464,1.4737658781575,0.75129179676191,0.50158124739701,-0.23433147983135,-0.35925707500058
3002660000000,1.1760850157452,-0.59796073826054,1.4726004685762,0.75183877598667,0.50165513258659,-0.23395942003591,-0.3582507120005
3002670000000,1.1713580295161,-0.59604194451535,1.4713950276614,0.75236113091167,0.50176446481001,-0.23356828933218,-0.35725481769415
3002680000000,1.1666439565012,-0.59413961103449,1.4701583662658,0.75284496106855,0.50191456295913,-0.23315349372594,-0.35629437891528
3002690000000,1.1619465810477,-0.59226217844651,1.4688994783621,0.75327749246442,0.50211038833691,-0.23271128262589,-0.35539222868444
3002700000000,1.1572674003348,-0.59041363774088,1.4676223510997,0.75365812871671,0.50235241057707,-0.23224745911635,-0.35454562236845
3002710000000,1.1526064950859,-0.58859515362554,1.4663274401261,0.75399409827832,0.50263813373323,-0.23177398371223,-0.35373524951975
3002720000000,1.1479639782267,-0.58680787430527,1.4650149884859,0.7542927271066,0.50296495553473,-0.23130291539491,-0.35294149184795
3002730000000,1.1433399981787,-0.58505304657916,1.4636849764675,0.75456129250221,0.50333025678457,-0.23084632546256,-0.35214468969871
3002740000000,1.1387354822007,-0.58333229188267,1.462337174,0.75480640423932,0.50373165150504,-0.2304155851622,-0.35132659094592
3002750000000,1.1341602805073,-0.58164917955298,1.4609725810622,0.75502761098582,0.50416933450577,-0.230013660326,-0.35048581263226
3002760000000,1.1296300251005,-0.58000835275514,1.4595932182794,0.75521991460474,0.50464517966279,-0.22963808089092,-0.34963191363526
3002770000000,1.125160506648,-0.57841428817433,1.458201306734,0.75537825292216,0.50516109589336,-0.22928632348033,-0.34877463220963
3002780000000,1.120767561407,-0.57687121999154,1.4567992758242,0.75549758745493,0.50571898820862,-0.22895589324775,-0.34792369747138
3002790000000,1.1164658453968,-0.57538281373563,1.455390057794,0.75557426374067,0.50632043261574,-0.22864352932924,-0.34708685942344
3002800000000,1.1122558851225,-0.57394831351843,1.4539799733098,0.75562057345019,0.50696322927961,-0.22833687255121,-0.34624861843873
3002810000000,1.1081290096647,-0.57256408492609,1.4525773596763,0.75565910102749,0.50764269738465,-0.22801755843018,-0.34537835466906
3002820000000,1.104076485227,-0.57122629513073,1.4511903164907,0.75571250432026,0.50835406166558,-0.22766702641205,-0.34444518270227
3002830000000,1.1000897936426,-0.5699308876359,1.4498264172129,0.75580332834816,0.50909247330607,-0.22726667973133,-0.34341816894983
3002840000000,1.0961613401982,-0.56867406534759,1.4484917457169,0.75595171898351,0.50985180750218,-0.226801030716,-0.3422709824376
3002850000000,1.0922906076024,-0.56745773619166,1.4471842604261,0.7561510343699,0.51061205323582,-0.22629102401892,-0.34103272095226
3002860000000,1.0884815229759,-0.56628757211119,1.445897267226,0.7563774913086,0.51134430680978,-0.22578146832839,-0.33976877298304
3002870000000,1.0847379155374,-0.56516918315291,1.4446248439806,0.75660743576355,0.51201972539803,-0.22531770185371,-0.33854530299798
3002880000000,1.0810632450614,-0.56410792840069,1.4433625390231,0.75681759762047,0.51260970561927,-0.22494513153093,-0.33742866125664
3002890000000,1.0774601321599,-0.56310839826634,1.4421084882637,0.75698693582557,0.51308853480906,-0.22470482816489,-0.3364798279783
3002900000000,1.0739277054297,-0.5621704226715,1.4408690160177,0.75711768260306,0.51346207673943,-0.2245861337082,-0.33569417478743
3002910000000,1.0704630771816,-0.56129092646846,1.4396547112674,0.75722701167294,0.51375670759712,-0.22454446189231,-0.33502400335697
3002920000000,1.067063520169,-0.56046695011301,1.438475398182,0.75733212545907,0.51399904590879,-0.22453457093499,-0.33442078136315
3002930000000,1.0637266913993,-0.55969579998061,1.4373395734627,0.75745009905357,0.51421558817133,-0.22451117216768,-0.33383590264864
3002940000000,1.0604505590094,-0.55897488714141,1.4362534567355,0.75759645627979,0.51443104072667,-0.22443229669924,-0.33322433579719
3002950000000,1.0572313286652,-0.55829948015487,1.435215008017,0.75776905274094,0.51465035455256,-0.22429594516041,-0.33258443176375
3002960000000,1.0540638207512,-0.55766336187364,1.4342174710769,0.75795422010616,0.51486557197689,-0.22412639770174,-0.33194306871724
3002970000000,1.0509427195417,-0.55706033470081,1.4332542989363,0.75813816829784,0.51506854955776,-0.22394841700165,-0.33132765285879
3002980000000,1.047862532616,-0.55648424587441,1.4323194873366,0.75830717406375,0.51525120602844,-0.22378678329347,-0.33076562710302
3002990000000,1.0448179415823,-0.55592970671852,1.4314081785096,0.75844843076227,0.51540511937878,-0.22366574930328,-0.33028347427777
3003000000000,1.0418084633608,-0.55540018095844,1.4305206813341,0.75855956132832,0.51551699939949,-0.22360313293126,-0.32989582323948
3003010000000,1.0388369088883,-0.55490496103121,1.4296603698169,0.75864504424255,0.51557030689836,-0.22361249328264,-0.32960947853311
3003020000000,1.0359061830859,-0.55445343816389,1.4288305782489,0.75870945662618,0.51554841065848,-0.22370729380869,-0.32943109050348
3003030000000,1.0330192259237,-0.55405496236939,1.4280345860961,0.75875732694613,0.51543463425723,-0.22390098060494,-0.32936728358753
3003040000000,1.0301782238813,-0.55371769498231,1.4272756679576,0.75879286307898,0.51521551729926,-0.22420471907248,-0.32942162287878
3003050000000,1.0273764041626,-0.5534368231608,1.42655589116,0.75881730137678,0.5149168541571,-0.22460248476927,-0.32956131488949
3003060000000,1.024601146467,-0.55319908471797,1.4258763034169,0.75882995661961,0.51459046278706,-0.2250603221166,-0.3297295921722
3003070000000,1.0218398569863,-0.55299130164036,1.4252374519697,0.75883017377788,0.51428872709092,-0.2255439990492,-0.32986933328869
3003080000000,1.0190801394228,-0.55280076278698,1.4246390010254,0.75881740366926,0.51406411498152,-0.22601931430386,-0.32992348073231
3003090000000,1.0163108903096,-0.5526160911852,1.4240791468274,0.75879158064209,0.51396353531558,-0.22645485540795,-0.32984090100344
3003100000000,1.0135339094846,-0.55243391600453,1.4235525720803,0.75875724176123,0.51396654685278,-0.22685278785231,-0.32964169856794
3003110000000,1.0107594296183,-0.55225575889091,1.4230522566539,0.75872197463683,0.51400800508077,-0.22723751376996,-0.32939315149487
3003120000000,1.0079977600747,-0.552082817291,1.4225716103878,0.75869347756522,0.51402192912182,-0.22763381700214,-0.32916334674279
3003130000000,1.0052590972378,-0.55191552772069,1.4221049121551,0.75867946030185,0.51394235450164,-0.22806648478511,-0.32902038125802
3003140000000,1.002552818826,-0.55175353184769,1.4216477519997,0.75868721375448,0.51370894690902,-0.22855771255703,-0.32902614118303
3003150000000,0.99988005224548,-0.55159911352253,1.4211974731448,0.75872005849291,0.51332934621251,-0.22909821768073,-0.32916692089739
3003160000000,0.99723650330787,-0.55145687624325,1.4207519421462,0.75877872708964,0.51285646358997,-0.22965782852717,-0.32937876808684
3003170000000,0.99461781116002,-0.5513318520056,1.4203085514737,0.75886398789024,0.51234413867508,-0.23020607088261,-0.32959686948968
3003180000000,0.99201970086144,-0.55122971954478,1.4198638208708,0.75897678899188,0.51184630875515,-0.23071252928819,-0.32975645378787
3003190000000,0.98943830329669,-0.55115649365312,1.419413487438,0.75911768627129,0.51141322653719,-0.23114919822322,-0.3297982690581
3003200000000,0.98687275950333,-0.55111262009896,1.4189575972583,0.759280048587,0.51104968000308,-0.23151729098439,-0.32972985361007
3003210000000,0.98432415775232,-0.5510944500026,1.4184996705104,0.75945235630965,0.51073005500663,-0.23183746133091,-0.32960327809699
3003220000000,0.98179357374702,-0.55109809759066,1.4180436621997,0.75962297431322,0.51042813274981,-0.23213067237915,-0.32947140867437
3003230000000,0.97928197150476,-0.55111939685022,1.4175941756942,0.75978023394203,0.5101176909164,-0.23241789431242,-0.32938709739225
3003240000000,0.97678993866466,-0.55115397426822,1.4171558997561,0.75991318661537,0.50977411996548,-0.23271902847397,-0.32939968003572
3003250000000,0.97431519884025,-0.5511992964949,1.4167245558761,0.76002038533961,0.50939230472102,-0.23304043827021,-0.32951577790762
3003260000000,0.97185362036524,-0.55125424892025,1.416289472843,0.76010675493591,0.5089801754003,-0.23337941749658,-0.32971343563652
3003270000000,0.96940102120747,-0.5513178371375,1.4158397026621,0.76017733720912,0.50854590543737,-0.23373309854808,-0.32997017546992
3003280000000,0.96695324185248,-0.55138921341031,1.4153640453954,0.76023720020448,0.50809767209632,-0.23409860290002,-0.33026352986035
3003290000000,0.96450629872666,-0.55146825182131,1.4148520264891,0.76029186134515,0.50764378466465,-0.23447202123112,-0.33057063499874
3003300000000,0.96205803179189,-0.55156158445219,1.4143056187938,0.76035184042052,0.50719418126016,-0.23483700004863,-0.33086360433435
3003310000000,0.9596074958899,-0.55168030679559,1.4137352401608,0.76043103621223,0.50675993234178,-0.23516888583753,-0.33111116754359
3003320000000,0.9571538030771,-0.55183560074529,1.4131513441728,0.76054345612275,0.50635217522772,-0.23544292362755,-0.33128198819845
3003330000000,0.95469613811055,-0.55203866973481,1.4125640898593,0.76070313092505,0.50598206939919,-0.23563437910083,-0.33134473201353
3003340000000,0.95223339427763,-0.55229989030671,1.411982206761,0.76092197337488,0.50565925844669,-0.23572232864579,-0.33127246876285
3003350000000,0.94975951142782,-0.55261892585376,1.4114028137568,0.76118588557031,0.50537484937097,-0.23573306548274,-0.33109248114374
3003360000000,0.9472650108071,-0.55298819601,1.4108155639384,0.76146327582917,0.50510745100215,-0.23572464251214,-0.33086860748361
3003370000000,0.94474025824164,-0.55339996063988,1.4102104290304,0.76172227371029,0.50483543626798,-0.23575567077751,-0.33066542564651
3003380000000,0.94217539662774,-0.55384644111236,1.4095782849382,0.76193104671158,0.5045371961735,-0.23588478088625,-0.33054752741567
3003390000000,0.93956105207434,-0.55432030506821,1.4089120534771,0.76206110922759,0.50419395574113,-0.23616438997875,-0.3305717799554
3003400000000,0.93689781250625,-0.55482030200998,1.4082140805498,0.76212585937291,0.50382195658636,-0.23656942384334,-0.33070004269582
3003410000000,0.93419319369372,-0.55534932034674,1.4074923255818,0.76216705531223,0.50346121987014,-0.2370225361691,-0.33083001259184
3003420000000,0.93145503406359,-0.55591038702569,1.4067541649324,0.76222708967476,0.50315239529094,-0.23744550825449,-0.33085821961787
3003430000000,0.92869158676222,-0.55650668484498,1.4060056060114,0.76234845130916,0.50293623080407,-0.23776015039294,-0.33068126257205
3003440000000,0.92591106906216,-0.55714180345543,1.4052502022177,0.76257027321114,0.50284906216422,-0.23789467532225,-0.33020527335064
3003450000000,0.92311393575552,-0.55782097260822,1.4044850579516,0.76289020618854,0.50287349758899,-0.23785791283258,-0.32945468888324
3003460000000,0.92029505491071,-0.55855034711053,1.4037040314168,0.76327791731699,0.50295576839876,-0.23771330374273,-0.32853417051256
3003470000000,0.91744894128392,-0.55933585890536,1.4029017777516,0.76370279111541,0.50304150730904,-0.2375253072305,-0.32755002242687
3003480000000,0.91456957480385,-0.56018294353717,1.4020744903577,0.76413455330145,0.503076617294,-0.2373584947611,-0.32660870555997
3003490000000,0.91165119780389,-0.56109621224681,1.4012204497927,0.76454579643043,0.50301086192349,-0.23727273981689,-0.32580890854508
3003500000000,0.90870076929689,-0.56207885209635,1.4003391877739,0.76494133711649,0.50283821183254,-0.23726673039873,-0.32515070680745
3003510000000,0.90573427473961,-0.56313347276363,1.3994301280669,0.76534762230377,0.50258251558912,-0.23729747816591,-0.3245670021955
3003520000000,0.90276803635787,-0.56426289859472,1.3984922366584,0.76579130903117,0.5022681161345,-0.23732119209346,-0.32398929351193
3003530000000,0.89981873431153,-0.56547031750666,1.3975236020643,0.76629891745324,0.50191925237677,-0.23729401536164,-0.32334901186966
3003540000000,0.89690275421752,-0.56675891684218,1.3965214605167,0.76689447622351,0.50155846746106,-0.237175644076,-0.3225828264386
3003550000000,0.8940265076724,-0.56812679044242,1.3954868616898,0.76757227247365,0.50118892830195,-0.23697209769184,-0.32169347147976
3003560000000,0.89118932583053,-0.56956840654558,1.3944240928441,0.76830648632264,0.50080067614806,-0.23672102328167,-0.32072883091591
3003570000000,0.88839027615997,-0.57107817574781,1.393337919261,0.76907111006997,0.5003835807457,-0.23646066704663,-0.31973778743796
3003580000000,0.88562815388361,-0.57265052303757,1.392233788223,0.7698403496404,0.49992765979689,-0.23622933456603,-0.31876930925992
3003590000000,0.88290134328009,-0.57427994662745,1.3911175399501,0.77058993195314,0.49942402779864,-0.23606306390468,-0.3178695126774
3003600000000,0.88020746874699,-0.57596223125287,1.3899893662118,0.77131257103973,0.49887532086963,-0.23596775864773,-0.31704818066356
3003610000000,0.87754383853752,-0.57769410117377,1.3888451460886,0.77201249174354,0.49829196906763,-0.23592866345412,-0.31629020205404
3003620000000,0.87490788138684,-0.57947238508598,1.387680451966,0.77269408563582,0.49768452482351,-0.23593061415641,-0.31557995671208
3003630000000,0.87229721254723,-0.58129404011551,1.3864905190507,0.77336172053253,0.49706349633591,-0.2359583969323,-0.3149018335012
3003640000000,0.86971002864518,-0.58315620535324,1.385270857766,0.77402049324097,0.4964381008544,-0.23599620067291,-0.31424080150585
3003650000000,0.86714885726395,-0.58505678016295,1.3840252444026,0.77468481703194,0.49580179507872,-0.23602149137799,-0.31358869537122
3003660000000,0.8646190860972,-0.58699409447016,1.3827632749307,0.77537543738836,0.49513725624536,-0.23600710336621,-0.31294196863528
3003670000000,0.86212609380825,-0.58896638841997,1.3814946038468,0.77611313068862,0.49442694865818,-0.23592571683996,-0.31229706522288
3003680000000,0.85967513918094,-0.59097168615435,1.3802287485284,0.77691855560859,0.49365328533186,-0.23574996053267,-0.31165036168914
3003690000000,0.85727149042862,-0.59300795265655,1.3789744020274,0.777810548958,0.49279949525551,-0.2354546072459,-0.31099925294483
3003700000000,0.85492314510686,-0.59507684157776,1.3777330083851,0.77878650180432,0.4918606680547,-0.23504207295676,-0.31035446149259
3003710000000,0.85264003566638,-0.59718291026987,1.3765012706609,0.77982915185569,0.49084014855193,-0.2345337624995,-0.30973594678917
3003720000000,0.85043212398587,-0.59933113311558,1.3752760834255,0.7809210266078,0.48974153887899,-0.23395138579634,-0.30916391183681
3003730000000,0.84830935769533,-0.60152691174047,1.3740546919116,0.78204475615293,0.48856856491152,-0.23331661758331,-0.30865856980407
3003740000000,0.84628102796584,-0.60377538546002,1.372835612794,0.78318325253915,0.48732521660029,-0.23265013475808,-0.30824023261854
3003750000000,0.84434837957642,-0.60607431500046,1.3716295194508,0.78432168215283,0.48601747871679,-0.23195933439054,-0.30793079819309
3003760000000,0.84250714855901,-0.60841627857212,1.3704553223309,0.78544675901511,0.48465277153114,-0.23124230198864,-0.30775327385885
3003770000000,0.840753041217,-0.61079387719788,1.3693320192373,0.78654526992339,0.48323866596688,-0.23049675954641,-0.30773068406369
3003780000000,0.8390818899386,-0.61319990237198,1.3682784839441,0.78760401479735,0.48178281681011,-0.22972028396516,-0.3078860575547
3003790000000,0.83748981697561,-0.6156278545577,1.3673119543347,0.78861098325227,0.48029347881321,-0.22890975965841,-0.30823888988336
3003800000000,0.83597516794566,-0.61807877326487,1.3664316198482,0.7895697015617,0.47878659558976,-0.22805352567121,-0.30876313200944
3003810000000,0.83453780101327,-0.62055904112765,1.3656242942583,0.79049455974846,0.47728335470885,-0.22713417145822,-0.30940106412543
3003820000000,0.83317770876225,-0.62307546898959,1.3648766496946,0.79140031796226,0.47580499428699,-0.22613430046386,-0.31009421519035
3003830000000,0.83189514521152,-0.62563528882025,1.3641755774517,0.79230187375059,0.47437284357107,-0.22503644216716,-0.31078408233104
3003840000000,0.83069078714619,-0.62824576233857,1.3635088363497,0.7932136213663,0.47300638665106,-0.22382349747497,-0.31141636283974
3003850000000,0.82956552263285,-0.63090925011338,1.362872106243,0.79414269594391,0.47169875345931,-0.22248598824572,-0.31198982274779
3003860000000,0.82852010582011,-0.6336245795009,1.3622665331498,0.79509099064763,0.47042464310114,-0.22101970330866,-0.31254001744333
3003870000000,0.82755501776148,-0.63639053706462,1.361693480428,0.79606004202549,0.46915832391518,-0.21942039578582,-0.31310312439301
3003880000000,0.82667025435433,-0.63920590118807,1.361154342718,0.79705118966689,0.46787391630358,-0.21768377078939,-0.31371511826538
3003890000000,0.82586481395995,-0.64206953773269,1.3606501264364,0.7980658842955,0.46654719558304,-0.21580590709494,-0.31440796599351
3003900000000,0.82513293470368,-0.64498255957279,1.3601786578897,0.79910898176119,0.46517850118238,-0.21378741138188,-0.31516462371426
3003910000000,0.82446581257765,-0.64794771996319,1.3597356871075,0.80018797644087,0.46378524032817,-0.21163222586984,-0.31593393959273
3003920000000,0.82385468216731,-0.65096791855432,1.3593171747076,0.80131070766924,0.46238500878627,-0.20934458849936,-0.31666401230701
3003930000000,0.82329103815764,-0.654046279835,1.358919612535,0.80248523156935,0.46099542515536,-0.20692881283247,-0.31730291129874
3003940000000,0.82276732225684,-0.6571859808086,1.3585405868604,0.80371728406625,0.4596329899679,-0.20439219672932,-0.31780476985486
3003950000000,0.82228296485358,-0.66038788442955,1.3581825563479,0.80498164768424,0.45829673340928,-0.20178207860531,-0.31820220582466
3003960000000,0.82184200328558,-0.66365124055485,1.357851090663,0.8062315917547,0.45697407581014,-0.19917360984521,-0.31858309376893
3003970000000,0.82144842953276,-0.66697539586067,1.3575517128159,0.80742030698719,0.45565304445291,-0.19664233582925,-0.31903689865769
3003980000000,0.82110615093682,-0.67035981590666,1.3572895313528,0.80850156692692,0.45432202967324,-0.19426392365972,-0.31965330843687
3003990000000,0.82081904408638,-0.67380385907867,1.3570684836221,0.80943353482763,0.45296982406147,-0.19210957492821,-0.32051459000654
3004000000000,0.8205894883454,-0.67730492161146,1.3568867821685,0.81022326425585,0.45159301559179,-0.19018702623427,-0.32160675580509
3004010000000,0.82041879802763,-0.68085904862621,1.3567390445881,0.81091177286503,0.45019341047538,-0.18845952236514,-0.32284825882037
3004020000000,0.8203082155091,-0.68446234115361,1.3566201673524,0.81154063964248,0.44877266190651,-0.18688953858813,-0.32415611748097
3004030000000,0.82025876325102,-0.68811101655204,1.3565258686061,0.81215125772949,0.4473326545779,-0.18543941127027,-0.32544746959293
3004040000000,0.82027070111684,-0.69180131840232,1.3564533877333,0.8127818920263,0.44587687762124,-0.18407311818443,-0.32664429148347
3004050000000,0.82033800187394,-0.69552874062192,1.3564038421715,0.81343243382088,0.44442325715777,-0.18278095443718,-0.32772971607798
3004060000000,0.82045040624825,-0.69928813552994,1.3563803957657,0.8140759124198,0.44299977674316,-0.18157178187951,-0.32872982013878
3004070000000,0.82059773365111,-0.70307425058938,1.3563858935762,0.81468487948103,0.44163475888436,-0.18045475832055,-0.32967160491861
3004080000000,0.82077015688244,-0.70688179740964,1.3564225240171,0.81523196188595,0.44035654782002,-0.17943910868496,-0.33058216132448
3004090000000,0.82095900311735,-0.71070549305792,1.3564911433453,0.81569241058577,0.43919049075436,-0.17853319122801,-0.33148680784257
3004100000000,0.82116268476763,-0.71454056890479,1.3565856862471,0.81607530686437,0.43812328061015,-0.1777315050652,-0.33238621605127
3004110000000,0.82138417652204,-0.71838259621177,1.3566956032156,0.81641342789828,0.43711422276922,-0.17701877416916,-0.33326359625962
3004120000000,0.82162605215187,-0.72222715981905,1.3568104054663,0.81673982963035,0.43612190020408,-0.17637957939381,-0.33410175520435
3004130000000,0.82188995197549,-0.72606989374493,1.3569199296333,0.81708737066183,0.43510483233219,-0.17579844273343,-0.33488344407961
3004140000000,0.82217575825857,-0.72990640046337,1.357015044512,0.81748641820279,0.43402511406298,-0.17526067405507,-0.33559179451582
3004150000000,0.82247593051583,-0.73373101000644,1.3570935010129,0.81793673554516,0.43289230691756,-0.17476415179929,-0.33621605925832
3004160000000,0.82277835530315,-0.73753704051566,1.3571576090346,0.8184166174931,0.43174965877099,-0.17431574750805,-0.33674989611432
3004170000000,0.82307122761438,-0.74131767952376,1.3572095659231,0.81890408668909,0.43064122297933,-0.1739225900159,-0.33718713877746
3004180000000,0.82334347005705,-0.74506602953729,1.3572512543044,0.81937732748807,0.42961112355258,-0.17359192492825,-0.33752173458624
3004190000000,0.82358553841215,-0.74877546285721,1.357284149569,0.81981635877664,0.42870026651479,-0.17332948095286,-0.33774859052995
3004200000000,0.82379491495942,-0.7524440276767,1.3573081146878,0.82022392976782,0.42790598117522,-0.17311939225616,-0.33787401843817
3004210000000,0.82397342433187,-0.75607314417294,1.3573218950192,0.82061877095103,0.42719455882852,-0.17293038283264,-0.33791230277022
3004220000000,0.8241224725967,-0.75966435650651,1.3573240052187,0.82101979240376,0.42653154598273,-0.17273081637213,-0.33787779719639
3004230000000,0.82424259978785,-0.76321926018574,1.3573126407055,0.82144575496633,0.42588241169936,-0.17248905404876,-0.33778479729895
3004240000000,0.82433340229333,-0.7667393356057,1.35728582267,0.82191365129522,0.42521485435039,-0.17217594842581,-0.33764733115783
3004250000000,0.82439628133703,-0.77022392956427,1.3572438447649,0.82241873863298,0.4245274569075,-0.17179544340814,-0.33747619516226
3004260000000,0.82443450485638,-0.77367086065551,1.3571887371143,0.82294090932877,0.42384087747687,-0.17137506653898,-0.33727993848069
3004270000000,0.82445166255743,-0.77707791793131,1.3571225001025,0.82345983987834,0.4231763005057,-0.17094288224886,-0.33706711765805
3004280000000,0.82445183731732,-0.78044288520139,1.3570470286097,0.82395533434702,0.42255497362111,-0.17052699537021,-0.33684632270395
3004290000000,0.82443985351602,-0.78376409623448,1.3569642686976,0.824409160227,0.4219961493328,-0.17015301980423,-0.33662551349179
3004300000000,0.82442176676064,-0.78704708850809,1.3568784954608,0.82482781447005,0.42149149469205,-0.16981268959553,-0.33640399348276
3004310000000,0.82440407348051,-0.79030257486322,1.3567957326205,0.82523534177035,0.4210128968216,-0.16947348247415,-0.33617482080183
3004320000000,0.82439292045917,-0.79354139173597,1.3567220994152,0.82565604394055,0.42053176433185,-0.16910232193957,-0.33593085152607
3004330000000,0.82439384256146,-0.79677438394664,1.3566637956797,0.82611409435965,0.42001944126718,-0.16866610916013,-0.33566488597815
3004340000000,0.82441083945127,-0.80001176367524,1.3566267579061,0.82663089232258,0.41944939407771,-0.16813526878601,-0.33537159250012
3004350000000,0.82443822800138,-0.80325502255011,1.3566120009008,0.82719236704351,0.41882485783198,-0.16752796260633,-0.33507149701511
3004360000000,0.82446388916632,-0.80649936244357,1.3566168974578,0.82775922766691,0.41817055825737,-0.16689656606527,-0.33480379546029
3004370000000,0.82447594489943,-0.80973978362214,1.3566385677724,0.82829186907257,0.41751185870016,-0.16629418123591,-0.33460823773493
3004380000000,0.82446320979084,-0.8129712398869,1.3566738172073,0.82875091897682,0.41687427286143,-0.16577392462481,-0.33452467896377
3004390000000,0.82441583322102,-0.81618892195966,1.3567193503969,0.82910017496303,0.41628228612618,-0.16538509594928,-0.33458889427428
3004400000000,0.8243294691971,-0.81939124980306,1.3567766763188,0.82934394780084,0.41574539024585,-0.16512450527296,-0.33478095001629
3004410000000,0.8242032138016,-0.82257896800176,1.3568511091944,0.82951557039986,0.4152621980861,-0.16495122517421,-0.33504077157627
3004420000000,0.82403599339604,-0.82575288079574,1.3569484095375,0.82964896143725,0.41483102898601,-0.16482352912611,-0.33530735515778
3004430000000,0.82382632513092,-0.82891377243954,1.3570749474755,0.82977801950054,0.41445021981811,-0.16469965114554,-0.33551971411382
3004440000000,0.82357214317541,-0.83206230616836,1.3572373987351,0.82993418825539,0.41411826103705,-0.16453994237673,-0.33562168643158
3004450000000,0.82327000401803,-0.83519811029302,1.3574361935091,0.83011587420073,0.41383513112009,-0.16433472049894,-0.33562213766273
3004460000000,0.82291567338006,-0.83832008891032,1.3576667970112,0.83029765212807,0.41360188743971,-0.16409593253103,-0.33557683546946
3004470000000,0.82250489978172,-0.84142712592958,1.3579242382554,0.83045357485853,0.41341964660644,-0.16383598866338,-0.3355425824291
3004480000000,0.82203347954234,-0.84451816843152,1.3582029654797,0.83055771686109,0.41328953728175,-0.16356731948481,-0.33557617515622
3004490000000,0.82149795791911,-0.84759309241057,1.3584967392154,0.83058685335598,0.41321202144076,-0.16330086387614,-0.33572925434993
3004500000000,0.82090336970802,-0.85066323999331,1.3588006189333,0.83055456837264,0.4131787890027,-0.16302671209098,-0.33598316686764
3004510000000,0.82026075362192,-0.85374819702361,1.3591110692515,0.83050111777418,0.41317514416607,-0.16271986622682,-0.33626840284855
3004520000000,0.8195810694387,-0.85686766924119,1.3594249274495,0.83046740643786,0.41318619547221,-0.16235500419744,-0.33651434936364
3004530000000,0.81887487203156,-0.86004120507816,1.3597397095753,0.83049436758075,0.41319704522338,-0.16190679894743,-0.33665040574743
3004540000000,0.81815196848712,-0.86328686200638,1.3600539763396,0.8306190536211,0.413193902766,-0.16135275802124,-0.33661264675814
3004550000000,0.81741976480331,-0.86660522020022,1.3603673883228,0.83082602063653,0.41317779422924,-0.16070962282942,-0.33642926584819
3004560000000,0.81668429156973,-0.86998430463919,1.3606798614018,0.83106179725661,0.413160639351,-0.16002264843714,-0.33619537060889
3004570000000,0.81595183919892,-0.8734119835042,1.3609909449657,0.83127220020584,0.41315480432585,-0.15933776174904,-0.33600761078913
3004580000000,0.81522926454238,-0.87687632444392,1.3612993565174,0.83140323814399,0.41317275852194,-0.15870093072006,-0.3359627089539
3004590000000,0.81452353880498,-0.88036633202879,1.3616027644581,0.83140471799164,0.41322536842007,-0.15815560746487,-0.33615144447519
3004600000000,0.81383236720472,-0.88388010193171,1.3619014236808,0.8312770309167,0.4133022021781,-0.15771025347449,-0.33658173374987
3004610000000,0.81314622497577,-0.88742219991528,1.3621981930291,0.83105732110729,0.41337729555417,-0.15734785659944,-0.33720111592024
3004620000000,0.81245510569723,-0.89099724927328,1.3624964254042,0.83078352748917,0.41342430358699,-0.15705087249627,-0.33795576501137
3004630000000,0.81174841235943,-0.89460969648152,1.3628003063504,0.83049363138554,0.41341697732288,-0.15680180050642,-0.33879186301801
3004640000000,0.8110156447743,-0.8982636094256,1.3631150398026,0.83022439565405,0.41333102085276,-0.15658238073827,-0.33965700066982
3004650000000,0.81025870317185,-0.90196109990086,1.3634450579969,0.82999445352564,0.4131669814374,-0.15636385890188,-0.34051812902676
3004660000000,0.80948897231046,-0.90570299676508,1.3637936721526,0.82980920548884,0.41294341491411,-0.15610981861329,-0.34135632863269
3004670000000,0.80871815656195,-0.90949017829563,1.3641640295664,0.82967381436635,0.41267921493052,-0.15578368387766,-0.34215299378585
3004680000000,0.80795808385027,-0.91332361369322,1.3645590661712,0.82959345627736,0.41239324849355,-0.15534892002519,-0.34288951419622
3004690000000,0.80721960454519,-0.91720396916254,1.3649809551713,0.82957148990999,0.41210433665872,-0.15477266529834,-0.34354996858106
3004700000000,0.80649916852211,-0.92112692505191,1.3654245675823,0.82958677236429,0.41183030261547,-0.15407261928277,-0.34415580331182
3004710000000,0.80578278282699,-0.92508443286142,1.3658795263126,0.82960019952559,0.4115883635915,-0.15330346006667,-0.34475582233626
3004720000000,0.80505660828962,-0.92906834381996,1.3663352458001,0.8295722479755,0.41139588298314,-0.1525206555068,-0.34539942457563
3004730000000,0.8043075729101,-0.93307062401752,1.3667808900264,0.82946343648763,0.41127024878916,-0.15177966970268,-0.34613598751932
3004740000000,0.80352449487402,-0.93708387207804,1.3672060689469,0.82923791769684,0.41122513902246,-0.15113318736221,-0.34701170090863
3004750000000,0.80270732086851,-0.94110636616031,1.3676125695441,0.8289101694897,0.41122442710673,-0.15059449472467,-0.3480283029093
3004760000000,0.8018634410459,-0.94514047735031,1.3680114745411,0.8285316593658,0.41119541667096,-0.15014809181619,-0.34915493589709
3004770000000,0.80099974973237,-0.94918859352509,1.3684144890287,0.82815473727983,0.41106457875071,-0.14977806409913,-0.35036006440831
3004780000000,0.80012182721926,-0.95325280596446,1.3688341015432,0.82783179664581,0.41075850295577,-0.14946858732065,-0.35161215865791
3004790000000,0.79923352515792,-0.95733460666922,1.3692833875807,0.82761297066917,0.41020954108175,-0.14920381130777,-0.35287834430139
3004800000000,0.79834088141733,-0.96143383041516,1.3697682990334,0.8275165703422,0.40942904029375,-0.14896971661513,-0.35410762531302
3004810000000,0.79745271185345,-0.96554945153649,1.3702889143764,0.827537672558,0.40848659367661,-0.14875379370661,-0.35523571349409
3004820000000,0.79657861917363,-0.96968065627717,1.3708450334617,0.82767113381074,0.40745325049506,-0.14854376963875,-0.35619810698397
3004830000000,0.79572945183241,-0.97382695257466,1.371436437194,0.82791209276788,0.40640019970523,-0.14832767198056,-0.35693044988217
3004840000000,0.79491676783241,-0.97798771270006,1.3720629476979,0.82825335770433,0.40539620855345,-0.1480969577033,-0.3573759654216
3004850000000,0.79414071428486,-0.98215626562597,1.3727205498957,0.82865224491945,0.404473838202,-0.14788866770042,-0.35758259628495
3004860000000,0.7933923583304,-0.98632133893432,1.3734019452543,0.82903966397241,0.40363882769361,-0.1477732538718,-0.35767582778094
3004870000000,0.79266281250306,-0.99047165886832,1.3740989434779,0.82934587031199,0.40289626082813,-0.14782175763562,-0.35778311639411
3004880000000,0.79194382638852,-0.99459628416981,1.3748018192939,0.82950105850119,0.40225111181617,-0.148105282208,-0.35803192926071
3004890000000,0.79122885856464,-0.99868526666066,1.3754994212375,0.82944065541744,0.40170719101251,-0.1486879875091,-0.35854067300659
3004900000000,0.79051966412832,-1.002735373793,1.376188874765,0.82917830186807,0.40125439842465,-0.14953281105299,-0.35930236552888
3004910000000,0.78982323425834,-1.0067479916289,1.3768745579302,0.82878607738551,0.4008724821423,-0.15052762399451,-0.36021705318819
3004920000000,0.7891456761301,-1.0107243520917,1.3775614924754,0.82833795725242,0.40054117612089,-0.15155867977037,-0.3611827257675
3004930000000,0.78849129033484,-1.0146652350929,1.3782555517142,0.82790863885386,0.40024054185514,-0.1525122825784,-0.36209777412927
3004940000000,0.78786153265899,-1.0185709833484,1.378963248517,0.82757010461331,0.3999520521059,-0.15328063182895,-0.36286516210943
3004950000000,0.78725038892188,-1.0224441970605,1.379684602148,0.82734617502208,0.39967266472778,-0.15384053502243,-0.36344622371093
3004960000000,0.78664751316451,-1.0262894410593,1.3804142682576,0.82722435372574,0.39941067932145,-0.15423178311328,-0.36384548221012
3004970000000,0.78604284716961,-1.0301114003896,1.3811467455354,0.82719101775639,0.39917455809617,-0.15449563576337,-0.3640683875894
3004980000000,0.7854270276093,-1.033914850389,1.3818765199618,0.82723236980188,0.39897265853676,-0.15467334927105,-0.36412028111236
3004990000000,0.78479260997369,-1.0377040885765,1.3825989398499,0.82733323936007,0.39881424668599,-0.15480396006981,-0.36400912301337
3005000000000,0.78414760960179,-1.0414748009313,1.3833200540809,0.82746042528337,0.39872276290016,-0.15489461511782,-0.36378161188085
3005010000000,0.78351121534404,-1.0452162176738,1.3840536366102,0.82756731888199,0.39873227207313,-0.15492867399747,-0.36351343014979
3005020000000,0.78290297628377,-1.048917521415,1.3848130573736,0.82760701327316,0.39887713305239,-0.15488899411197,-0.36328097089164
3005030000000,0.78234270303202,-1.0525681598273,1.3856105209257,0.82753256701003,0.39919172051585,-0.15475848568955,-0.3631606144896
3005040000000,0.78184942345746,-1.0561587933276,1.3864555586798,0.82730041958182,0.39970616851155,-0.15452152053905,-0.36322457833117
3005050000000,0.78142390136786,-1.0596910791903,1.3873437820339,0.82691750079822,0.4003905479391,-0.15418394940152,-0.3634861286784
3005060000000,0.78105279979525,-1.0631745995784,1.3882615223626,0.82642868226341,0.40116999774762,-0.15376779416191,-0.36391445631923
3005070000000,0.78072195712759,-1.0666188869335,1.3891956831244,0.82587989331934,0.40196865026942,-0.15329558691984,-0.36447780322307
3005080000000,0.78041631280741,-1.070033036472,1.3901344716252,0.82531732190323,0.40271079126611,-0.15279001012423,-0.36514455982603
3005090000000,0.78012082219482,-1.0734255660004,1.3910685001489,0.82478652025814,0.40332343805155,-0.15227179897602,-0.36588345078091
3005100000000,0.77983807447283,-1.0768041798256,1.3920010788296,0.8243193771596,0.40377050899526,-0.15173240719488,-0.36666635666742
3005110000000,0.77958455799746,-1.0801762857345,1.3929443425034,0.82393736605265,0.40404346884265,-0.15114129849654,-0.3674675495831
3005120000000,0.77937717082625,-1.0835493922656,1.3939106693798,0.82366165839193,0.40413430843903,-0.15046747703455,-0.36826141746375
3005130000000,0.77923273314624,-1.086931094643,1.3949125773761,0.82351330939509,0.40403491944371,-0.1496800416075,-0.36902235469365
3005140000000,0.77916644963425,-1.090328390504,1.3959620569917,0.82351036398896,0.4037395295378,-0.14875236100522,-0.36972666631815
3005150000000,0.7791761331624,-1.0937389475579,1.3970593808269,0.82362992169257,0.40327661555668,-0.14771927596552,-0.37037918265754
3005160000000,0.7792470636384,-1.0971534024713,1.3981958103112,0.82381840031746,0.40270070556983,-0.14666188169772,-0.37100630383974
3005170000000,0.77936517912617,-1.1005622398438,1.3993622332876,0.82402168986371,0.40206725512605,-0.1456623604178,-0.37163510833486
3005180000000,0.77951818168563,-1.1039560043503,1.4005492114706,0.82418598846483,0.40143186301872,-0.14480298023024,-0.37229291248694
3005190000000,0.77969619028303,-1.1073257603279,1.4017470376561,0.82426075279096,0.4008483902685,-0.14416121096323,-0.37300445665066
3005200000000,0.77989044109731,-1.1106692555472,1.4029484711083,0.82423866550042,0.40034589519238,-0.1437418723253,-0.37375401086425
3005210000000,0.78009164284286,-1.113989227559,1.4041483882215,0.82414497926048,0.39993463010175,-0.14349475856109,-0.37449512556322
3005220000000,0.78028991234133,-1.1172884513442,1.4053418652947,0.82400574017956,0.39962434132951,-0.1433682894958,-0.37518056923984
3005230000000,0.78047446944924,-1.1205696208925,1.406524315526,0.82384697384273,0.39942486692267,-0.14331082350623,-0.37576315311636
3005240000000,0.78063435238373,-1.1238354396903,1.4076916347205,0.82369381608646,0.3993449461184,-0.14327308397321,-0.37619799940912
3005250000000,0.78077017742877,-1.1270904063481,1.4088392362295,0.82355890008957,0.39937521342376,-0.14324127969672,-0.37647325638992
3005260000000,0.78089174080706,-1.1303404905328,1.4099618090491,0.82344532967292,0.39949248487743,-0.14322855406013,-0.37660207762061
3005270000000,0.78100894675243,-1.1335917738248,1.4110538151503,0.82335590330038,0.39967319829909,-0.14324869961328,-0.37659819585454
3005280000000,0.78113150060298,-1.1368504572407,1.4121094683788,0.82329337915201,0.39989376328766,-0.14331547504111,-0.37647531730758
3005290000000,0.78126895083534,-1.1401232945878,1.4131231575217,0.82325986416749,0.40012908712354,-0.14344344591734,-0.37624976745769
3005300000000,0.78143175244112,-1.1434239684584,1.414094506421,0.82324827473736,0.40033220979187,-0.14365943075881,-0.3759765523263
3005310000000,0.78163113956833,-1.146771416676,1.4150271001553,0.82324463681348,0.40043948346446,-0.14399958097861,-0.37574008133089
3005320000000,0.7818782482007,-1.1501848291643,1.4159242674224,0.82323488127235,0.40038673729879,-0.14450025418563,-0.37562543496416
3005330000000,0.78218389445235,-1.153683631006,1.4167885187635,0.82320481812673,0.40010966134086,-0.14519774726282,-0.37571758077637
3005340000000,0.78255767688038,-1.1572859979373,1.4176215935104,0.82314045588862,0.39955015244312,-0.14612398069316,-0.376094732519
3005350000000,0.78299913594052,-1.160986323405,1.4184323974617,0.8230370785347,0.39874406999349,-0.1472473015148,-0.37673779502288
3005360000000,0.78350059971926,-1.1647606442813,1.4192360491707,0.82289754035376,0.3977992763615,-0.14848758990229,-0.37755371730525
3005370000000,0.78405469468316,-1.1685844268547,1.4200482387309,0.8227255100096,0.39682581241858,-0.14976356840225,-0.3784479929359
3005380000000,0.78465483457091,-1.1724328659517,1.4208855521661,0.82252559835404,0.39593410146041,-0.15099406519917,-0.37932653430482
3005390000000,0.78529580595345,-1.1762821094951,1.4217647649285,0.82230418740422,0.39522925235845,-0.1521006670883,-0.38009873523725
3005400000000,0.78597854467277,-1.1801282050289,1.4226870295662,0.82207963618835,0.39473291208641,-0.15304362928322,-0.38072122007583
3005410000000,0.78670802342968,-1.1839826379069,1.4236408753648,0.82187894256105,0.39440265761633,-0.1538127701418,-0.38118654118582
3005420000000,0.78748884376381,-1.1878573238383,1.4246145065163,0.82172911658361,0.39419436011307,-0.15439864571518,-0.38148803862649
3005430000000,0.78832483067746,-1.1917642799663,1.4255962398764,0.82165695292591,0.39406381636108,-0.15479172826431,-0.38161902626099
3005440000000,0.78921860116017,-1.1957153500574,1.4265753088425,0.82168682040461,0.39396592392277,-0.15498437556106,-0.38157759799679
3005450000000,0.79017067533988,-1.1997176213395,1.4275496663836,0.82181001868141,0.39384342356997,-0.15499850022721,-0.38143297685553
3005460000000,0.79118057828075,-1.2037744951949,1.4285235919395,0.82199248915953,0.39362974766085,-0.15487865671837,-0.38130902325396
3005470000000,0.79224793788999,-1.2078894811651,1.429500755779,0.82219944304034,0.39325813608642,-0.1546698379019,-0.38133103140104
3005480000000,0.79337245056668,-1.2120665539846,1.4304830641822,0.82239590301923,0.39266183020361,-0.15441693715855,-0.38162425934013
3005490000000,0.79455393186757,-1.216310131392,1.4314695075869,0.82254832516171,0.39177848562971,-0.15416223661614,-0.3823059975633
3005500000000,0.79579692387439,-1.2206203022439,1.4324566770004,0.82265047469891,0.39061476303251,-0.15390909043808,-0.38337748402748
3005510000000,0.79710991634915,-1.2249934158262,1.4334410293203,0.82271749113697,0.38923056080766,-0.15363092420353,-0.38475061980329
3005520000000,0.7985019854578,-1.2294255430561,1.4344199645737,0.82276539556544,0.387687148341,-0.15330049453308,-0.38633500649977
3005530000000,0.79998303551033,-1.2339122543452,1.4353927570119,0.82281075170396,0.38604602389224,-0.15289059979581,-0.38804046027629
3005540000000,0.80156323177966,-1.2384486988008,1.4363613143655,0.82287050484324,0.38436675084233,-0.15237488798244,-0.38977971550387
3005550000000,0.80324257759997,-1.2430343607689,1.4373303277211,0.82295866162992,0.3826734314682,-0.15174012733409,-0.39150353747225
3005560000000,0.80501280249463,-1.2476724747643,1.4383054317351,0.82308675213175,0.38096244754201,-0.15098337828332,-0.39319185076774
3005570000000,0.80686546321713,-1.2523663898987,1.4392923974111,0.82326633627244,0.37922933882962,-0.15010213376205,-0.39482527473741
3005580000000,0.80879213312364,-1.2571195046044,1.4402972954751,0.82350907288614,0.37746951795226,-0.14909397469138,-0.39638435463804
3005590000000,0.81078397988035,-1.2619345373405,1.4413261994199,0.82382494194704,0.37567871980304,-0.14795777028558,-0.39785231270563
3005600000000,0.81282813758045,-1.2668039051956,1.4423767222593,0.82419776612558,0.37385815490563,-0.14671231755687,-0.39925382678349
3005610000000,0.81490899777345,-1.2717118556327,1.4434395259396,0.82459092840169,0.37201349042927,-0.14539160305593,-0.40064578557262
3005620000000,0.8170115141594,-1.276642173552,1.4445045507176,0.82496713853147,0.37015072328852,-0.14402971643286,-0.40208594003827
3005630000000,0.81912159962016,-1.281578491551,1.4455604487948,0.82528907843655,0.36827582405746,-0.14266072231958,-0.40363197684946
3005640000000,0.82122720458101,-1.2865055819322,1.4465945763916,0.82552302941048,0.36639303775423,-0.14131705845241,-0.40533610595225
3005650000000,0.8233301623704,-1.2914268808575,1.4476041814334,0.82568951294603,0.3644845085953,-0.1400027228413,-0.40716963148301
3005660000000,0.82544223576009,-1.2963605244131,1.4485954212983,0.82585135425837,0.36251507957279,-0.13870007037881,-0.40904113268578
3005670000000,0.82757476768241,-1.3013252693497,1.4495756245821,0.8260726985676,0.36044887717094,-0.13739158357421,-0.41085770820374
3005680000000,0.82973798301067,-1.3063400434261,1.4505542744234,0.82641781199454,0.35825008199619,-0.13605990387665,-0.41252658256766
3005690000000,0.83193944856671,-1.3114224171898,1.4515439087027,0.82694522891432,0.35588775690659,-0.13468968875515,-0.41396156899267
3005700000000,0.83417030272907,-1.3165677575113,1.4525534591991,0.82762680751956,0.35340062358258,-0.13330358165448,-0.41517709696528
3005710000000,0.83641034817866,-1.3217537677883,1.4535869258356,0.82836724858026,0.35088216478108,-0.13195350988386,-0.41626635601192
3005720000000,0.83864073198716,-1.3269571682029,1.4546467477906,0.82907019996978,0.34842800336026,-0.13069161681563,-0.41732509065543
3005730000000,0.84084543470267,-1.3321540086884,1.4557324312784,0.82964011737414,0.34613405003148,-0.12957030810997,-0.41844955527341
3005740000000,0.84301342543325,-1.3373210361904,1.456839259383,0.82998850524888,0.34409101872444,-0.12863849302293,-0.41972918662
3005750000000,0.84515046746431,-1.3424573351267,1.4579596381748,0.83012521585314,0.34231253796618,-0.12787751051883,-0.42114319970699
3005760000000,0.84727271989709,-1.3475801224413,1.4590861916588,0.83013677199872,0.34075162694375,-0.12721579306462,-0.42258420522503
3005770000000,0.84939483567399,-1.3527075578883,1.4602129336936,0.83011172453455,0.339359326089,-0.12658071874204,-0.42394232417799
3005780000000,0.85152859238319,-1.3578583589497,1.4613367605571,0.83013861762449,0.33808675256339,-0.12589942231081,-0.42510770250778
3005790000000,0.85368166968799,-1.3630507672114,1.4624589990968,0.83030085508273,0.33688653344187,-0.12510282977568,-0.4259779755064
3005800000000,0.85585257822311,-1.368287164666,1.4635841948522,0.83060524216302,0.33572919687369,-0.1241904815395,-0.42656483956469
3005810000000,0.85803460373113,-1.373557272476,1.4647166770697,0.83099831253228,0.33459926768969,-0.12321587427902,-0.42696953399005
3005820000000,0.8602214065503,-1.3788506181896,1.4658591283305,0.8314247820929,0.33348176430925,-0.12223374290367,-0.42729574850533
3005830000000,0.86240751284677,-1.3841570352533,1.4670111267333,0.83182943826739,0.33236163414927,-0.12129891920852,-0.42764716996168
3005840000000,0.8645887670059,-1.3894670979945,1.4681679835765,0.83216056602554,0.33122331993673,-0.12046350297817,-0.42812200262585
3005850000000,0.86676354585645,-1.3947763259769,1.469322339815,0.83241767001233,0.33004737613432,-0.11973223731802,-0.42873505047396
3005860000000,0.86893148136916,-1.4000838994429,1.4704671554641,0.83264041402388,0.32881130057243,-0.11907254320439,-0.42943544218525
3005870000000,0.87109175191636,-1.4053890725455,1.4715963184948,0.83286942919084,0.32749237262186,-0.11845099902324,-0.43017045531303
3005880000000,0.87324255815121,-1.4106911225715,1.4727053857331,0.83314520927923,0.32606787144518,-0.11783417111541,-0.43088735370607
3005890000000,0.87538062380417,-1.4159887053277,1.4737921358994,0.83350488079471,0.32451911442828,-0.11719008978371,-0.43153614091819
3005900000000,0.8775018014923,-1.4212691241935,1.4748546804005,0.83393598197216,0.32288884711126,-0.11651280413555,-0.43210917238097
3005910000000,0.87960250650743,-1.4265105597797,1.4758900962421,0.83438736148615,0.32126848085122,-0.11581690116872,-0.43263233768109
3005920000000,0.88168038227797,-1.4316906585187,1.4768948929042,0.83480739995788,0.31975102381124,-0.11511742648456,-0.43313261925973
3005930000000,0.88373511577105,-1.4367865110805,1.4778645634355,0.83514500784002,0.31842966880726,-0.11442953205633,-0.43363722637311
3005940000000,0.88576907389953,-1.4417757068975,1.4787935953252,0.83535295814895,0.31739125144909,-0.1137677615964,-0.43417176927654
3005950000000,0.88778407145428,-1.4466561721122,1.4796817990287,0.83543898980254,0.31662231389899,-0.11313314147188,-0.43473313303642
3005960000000,0.88977953233663,-1.4514425143064,1.4805340391965,0.83545398559274,0.3160297672109,-0.11251595297636,-0.43529528428372
3005970000000,0.89175348996625,-1.4561501949771,1.4813557568676,0.83544969614049,0.31551817004247,-0.11190625264497,-0.43583148143609
3005980000000,0.8937018349066,-1.4607954130342,1.4821532332478,0.83547771619948,0.31499201775415,-0.11129401514984,-0.43631485956484
3005990000000,0.89561800084325,-1.465394558915,1.482933666436,0.83558653777835,0.31435948260201,-0.11067022593116,-0.4367211406311
3006000000000,0.897499203374,-1.4699528450307,1.4837003996494,0.83577738800172,0.313586251758,-0.11004471696833,-0.43706976637689
3006010000000,0.89934726156403,-1.4744660855564,1.4844529028391,0.8360139243663,0.31268379948225,-0.10944228731535,-0.43741507239027
3006020000000,0.90116467818386,-1.4789297387596,1.4851899282577,0.83625871473854,0.31166495032862,-0.10888800881826,-0.43781242821109
3006030000000,0.90295483497547,-1.483339130853,1.4859090339334,0.83647429354715,0.31054253130767,-0.1084069277174,-0.4383172715131
3006040000000,0.90472183276062,-1.487689369179,1.4866065281547,0.83662543524865,0.30933019454544,-0.10802175239857,-0.43898065201809
3006050000000,0.90646533550541,-1.4919743130441,1.487286008419,0.83671282129896,0.3080560013451,-0.10771638147646,-0.43978441976817
3006060000000,0.90818104872009,-1.4961868415642,1.4879581575593,0.83676602742865,0.30675951165945,-0.10744384170927,-0.44065523737553
3006070000000,0.90986467080233,-1.5003196741544,1.4886348230277,0.83681581156614,0.30548061329147,-0.10715646905925,-0.44151827091834
3006080000000,0.91151197069821,-1.504365307286,1.4893295289149,0.83689326044472,0.30425931510736,-0.10680661528465,-0.44229886584079
3006090000000,0.91311884477658,-1.5083164047603,1.4900571530733,0.83702761200709,0.30313408555102,-0.10634921319877,-0.44292702307136
3006100000000,0.91468368572685,-1.5121736449381,1.4908197678528,0.83721592293935,0.30211567812366,-0.1057820910419,-0.44340248603668
3006110000000,0.91620687957375,-1.5159442965178,1.4916077830025,0.83742933378,0.30119261854182,-0.10513734999051,-0.44378063848898
3006120000000,0.91768890660017,-1.5196358733972,1.4924105229471,0.837638140169,0.30035284895738,-0.10444795330873,-0.44411838208637
3006130000000,0.91913045911419,-1.5232560390413,1.4932160632325,0.83781263381021,0.29958427333329,-0.10374689692191,-0.44447253591019
3006140000000,0.92053229966147,-1.5268123698304,1.4940112555877,0.83792481290148,0.29887385331105,-0.10306608157895,-0.44489752815562
3006150000000,0.92189064469295,-1.5303079130975,1.4947883766242,0.83797301526858,0.29819539309766,-0.10241801933947,-0.44541136327175
3006160000000,0.92319778550154,-1.5337419586728,1.4955449932542,0.83797658877426,0.29751217176568,-0.10179964435393,-0.44600288869796
3006170000000,0.92444565594321,-1.5371136635842,1.4962791430252,0.83795535095814,0.29678713717071,-0.10120749482202,-0.44666012582554
3006180000000,0.92562572154113,-1.540422192939,1.4969893441747,0.83792901399313,0.29598324198958,-0.10063808964679,-0.44737105726911
3006190000000,0.92672910777689,-1.5436668125769,1.4976745356796,0.8379169436227,0.29506591760669,-0.10008733517753,-0.44812255599776
3006200000000,0.92775177073056,-1.5468467568525,1.4983320641343,0.83793436834255,0.29404005228625,-0.099542840643921,-0.448884912732
3006210000000,0.92869400526154,-1.5499611099183,1.4989578284324,0.83799339526717,0.29294223571094,-0.098985680587004,-0.44961511436338
3006220000000,0.92955646816367,-1.5530087677126,1.499547918901,0.838106275633,0.29180993009441,-0.098396877323331,-0.45026979687283
3006230000000,0.930340180681,-1.5559883780908,1.5000988726058,0.83828543479374,0.29068062482444,-0.09775755566249,-0.45080568372108
3006240000000,0.931046556795,-1.5588984661306,1.5006079211571,0.83854172579302,0.28959076552604,-0.097050286292989,-0.45118311643562
3006250000000,0.93167716858083,-1.5617398741938,1.5010730796043,0.83885950027115,0.28855856446258,-0.09628069312587,-0.45141856609065
3006260000000,0.93223356857894,-1.5645154582688,1.5014924256394,0.83920167718199,0.28758757094771,-0.095472893422017,-0.45157375994733
3006270000000,0.93271744625634,-1.5672281905952,1.5018635025066,0.83953058560916,0.2866810268231,-0.094651423446542,-0.45171173631636
3006280000000,0.9331307462759,-1.569881102044,1.5021829766751,0.83980864882221,0.28584218657253,-0.09384086825494,-0.45189552905955
3006290000000,0.93347566467184,-1.572477348857,1.502446723668,0.84000062432455,0.28507268616328,-0.093064902917903,-0.45218518173741
3006300000000,0.93375288097915,-1.5750207155899,1.5026555520503,0.84010727497144,0.28434967204685,-0.092329966265354,-0.45259276162611
3006310000000,0.93396155563863,-1.5775154640566,1.5028149646532,0.8401583596693,0.28363044934589,-0.09162851046353,-0.45309150836435
3006320000000,0.93410052889771,-1.5799658303924,1.5029309234067,0.84018432258691,0.28287168586447,-0.090952652831229,-0.4536535333912
3006330000000,0.93416817849336,-1.5823760010374,1.5030099167161,0.84021549108528,0.28203005393784,-0.090294486733574,-0.45425090300588
3006340000000,0.93416223204508,-1.5847499883427,1.50305885237,0.84028117067285,0.2810646506815,-0.089646385491509,-0.45485573747976
3006350000000,0.93407998649043,-1.5870896549368,1.5030811473748,0.84039564516986,0.27997320769325,-0.089007258591668,-0.45544249963249
3006360000000,0.9339188139592,-1.5893951006414,1.5030770648186,0.84056113483612,0.27878480158065,-0.08838146047982,-0.45598764287435
3006370000000,0.9336763197676,-1.5916662824194,1.5030468015683,0.84077964052541,0.27752942136012,-0.087773606214832,-0.45646775396465
3006380000000,0.93335049272023,-1.5939030922296,1.5029906256864,0.84105328281287,0.27623707981269,-0.08718840799987,-0.45685953280708
3006390000000,0.93293962414726,-1.5961053523427,1.5029090535823,0.84138298687395,0.27493722305808,-0.086630966324584,-0.45714250343832
3006400000000,0.93243958348982,-1.5982717356574,1.5028042624702,0.84174849168871,0.27364924309807,-0.086112110349693,-0.4573404344061
3006410000000,0.93184406276835,-1.6003998980807,1.5026796073867,0.84211224137846,0.27238439545912,-0.085647157457672,-0.4575131456585
3006420000000,0.9311467573746,-1.6024873844725,1.5025382270325,0.84243621412203,0.27115377628945,-0.085251377400041,-0.45772159375663
3006430000000,0.93034148680495,-1.6045316717816,1.5023828150907,0.84268241983178,0.26996848773964,-0.084940034710078,-0.45802679554529
3006440000000,0.92942278023876,-1.6065307761031,1.5022152441509,0.84281557345122,0.26883810609627,-0.08472754658408,-0.45848579553624
3006450000000,0.92839373778546,-1.6084915425034,1.5020334735364,0.84284491907442,0.26774818200874,-0.084611814963307,-0.45909061653454
3006460000000,0.92726420876155,-1.6104280284804,1.5018326663717,0.84281605468875,0.26666463468975,-0.084577323835457,-0.45978010707023
3006470000000,0.92604394192319,-1.6123544586485,1.5016081666149,0.84277559195668,0.26555279655133,-0.084608348126298,-0.46049152139119
3006480000000,0.92474226466276,-1.614284888708,1.5013558071454,0.84277012153546,0.2643780430484,-0.084689146934188,-0.46116214175989
3006490000000,0.9233675433515,-1.6162325363052,1.5010723329969,0.84284338932268,0.2631082848078,-0.084804655203365,-0.46173284699747
3006500000000,0.92192068054093,-1.6182007248522,1.5007582456841,0.84299274247624,0.26175253307454,-0.084954535720631,-0.46220295804109
3006510000000,0.92039680518677,-1.6201847849302,1.5004167023559,0.8431775551813,0.2603534970398,-0.085150498381332,-0.4626197786985
3006520000000,0.91879108364128,-1.622179837115,1.5000507320336,0.84335617519643,0.25895490613136,-0.0854044453902,-0.46303217928793
3006530000000,0.91709905645666,-1.6241811502557,1.4996629178954,0.84348706579588,0.25760052742904,-0.08572831398155,-0.46348915228429
3006540000000,0.91531717141596,-1.6261845405543,1.499255076269,0.84353110231994,0.25633223687549,-0.08613350764059,-0.46403672550655
3006550000000,0.91344803388745,-1.6281900081317,1.498826672744,0.84348751122869,0.2551597224553,-0.086619080366346,-0.4646713562877
3006560000000,0.91149892659357,-1.6302008039935,1.4983756226927,0.8433870085703,0.25406621076889,-0.087173912061613,-0.46534871158762
3006570000000,0.9094770664941,-1.6322202021594,1.4978999383003,0.84326124403879,0.25303420140757,-0.087786677962507,-0.46602324662242
3006580000000,0.90738937679943,-1.6342512993136,1.4973979321812,0.84314189033033,0.25204623720406,-0.088446003096308,-0.46664949546503
3006590000000,0.90524245789224,-1.6362970286858,1.4968688756151,0.84305909288214,0.25108485901052,-0.08914030362327,-0.46718493742238
3006600000000,0.90304288169168,-1.6383606287669,1.4963210313381,0.84301697852693,0.25013279513983,-0.08985710885605,-0.46763410771553
3006610000000,0.90079739882861,-1.6404456783128,1.4957697628828,0.84299816557617,0.24917285861448,-0.090583238751413,-0.46804022927779
3006620000000,0.89851277830191,-1.6425556549969,1.4952304456365,0.84298458114748,0.24818777452117,-0.091305414676402,-0.46844759128061
3006630000000,0.89619567232126,-1.6446937750147,1.4947181097396,0.84295806354091,0.24716024701066,-0.092010358250524,-0.46890042587269
3006640000000,0.89385233024528,-1.6468626058487,1.4942469844232,0.84290178410961,0.24607353184985,-0.092685297072528,-0.4694399162559
3006650000000,0.89148613685847,-1.6490604298496,1.4938256960632,0.84282359553152,0.24491936531062,-0.093324782725791,-0.47005677980469
3006660000000,0.88909832377402,-1.6512822697884,1.4934585430867,0.84275189843411,0.24369654650834,-0.093929534048437,-0.47069998251439
3006670000000,0.88669019870819,-1.6535231829944,1.4931498699722,0.84271579312675,0.2424041691239,-0.094500641692604,-0.47131723873183
3006680000000,0.88426321799686,-1.6557783840091,1.4929043882361,0.84274448805799,0.24104133999721,-0.095039257878108,-0.47185627019486
3006690000000,0.88181917421286,-1.658043166482,1.4927273268499,0.84286596303665,0.23960839851243,-0.095545614489775,-0.47226668236113
3006700000000,0.87936419391152,-1.660312452948,1.492623547186,0.84308604040366,0.2381272847736,-0.09600626549135,-0.47252949295175
3006710000000,0.87690805962377,-1.6625808873757,1.4925971517114,0.84339224467566,0.23663793471675,-0.096396525566202,-0.47265179501691
3006720000000,0.87446086013108,-1.6648432447575,1.4926518623352,0.84377173920549,0.23518090220051,-0.096691466045065,-0.47264146639112
3006730000000,0.87203297363108,-1.6670945539367,1.4927907958234,0.84421186052309,0.23379683729294,-0.096866328116994,-0.47250638927012
3006740000000,0.8696342819395,-1.6693301930495,1.4930156500976,0.8446987300082,0.23252474804037,-0.096898861152148,-0.47225724746022
3006750000000,0.86726156234057,-1.6715453073213,1.4933177006366,0.84519599597673,0.23137497104562,-0.096806730742452,-0.47195106530391
3006760000000,0.86490048785761,-1.6737346202794,1.4936800670764,0.84564857437174,0.23033395020344,-0.096640535675707,-0.47168354530451
3006770000000,0.86253642222051,-1.6758928424986,1.4940857678928,0.84600087347733,0.22938746135751,-0.096451646272373,-0.47155168813068
3006780000000,0.86015489439827,-1.6780148412705,1.4945179924303,0.84619733019051,0.22852134154846,-0.09629142900423,-0.47165245206154
3006790000000,0.85774236086336,-1.6800961331161,1.4949605530741,0.84618592713618,0.22772137633363,-0.096208630776524,-0.47207653070399
3006800000000,0.85529554616962,-1.6821372946669,1.4954060564946,0.84597690821608,0.22697279866642,-0.096204509950901,-0.47281192000181
3006810000000,0.85281946752213,-1.6841428091407,1.4958545527593,0.84563263997662,0.22626036053319,-0.096240707434637,-0.47376092461287
3006820000000,0.85031914132661,-1.6861169711885,1.4963066422824,0.84521725056737,0.22556875797021,-0.096277790315549,-0.47482325328807
3006830000000,0.84779914825685,-1.6880634474931,1.4967633996511,0.84479520576428,0.22488276513156,-0.096276279552337,-0.47589881304751
3006840000000,0.84526340800158,-1.6899851456957,1.4972264254262,0.84442866777696,0.2241875504379,-0.096198789614605,-0.47689197953181
3006850000000,0.84271446491708,-1.6918864343435,1.4976975466324,0.84413428335497,0.22347207379832,-0.096047075417499,-0.47777871781906
3006860000000,0.84015405586174,-1.6937734513879,1.4981785006728,0.8438902409665,0.22272839651608,-0.095855773661159,-0.47859481113224
3006870000000,0.83758399446787,-1.6956525497706,1.4986710464598,0.84367335318986,0.2219486921224,-0.095660493905105,-0.47937784793248
3006880000000,0.83500630693041,-1.697530343152,1.4991770776812,0.84346030539966,0.2211250844639,-0.095496864079357,-0.48016534567474
3006890000000,0.83242342765182,-1.699413469761,1.4996988232738,0.8432289127084,0.22024967872803,-0.095399170117387,-0.48099280465899
3006900000000,0.82984007447098,-1.7013034649794,1.5002399570613,0.84297778019222,0.21931616587433,-0.095377643430465,-0.48186303720252
3006910000000,0.82726275077185,-1.7031974287826,1.500805165745,0.84272305451264,0.21831964034327,-0.095422334152384,-0.48275145383331
3006920000000,0.82469801225703,-1.7050923401268,1.5013990747552,0.8424814679497,0.21725526179741,-0.095522766060992,-0.48363263800815
3006930000000,0.82215235899284,-1.7069851068496,1.5020262134522,0.84226978355148,0.21611823903363,-0.095668510337222,-0.48448122213662
3006940000000,0.81963224779603,-1.7088725017344,1.5026913376765,0.84210399001779,0.21490447798663,-0.095849047758289,-0.48527301118158
3006950000000,0.81714552636264,-1.7107521791528,1.5034033436565,0.84198634981347,0.21362107745893,-0.09605291919672,-0.48600294104754
3006960000000,0.81470138002741,-1.712622784484,1.5041744828761,0.8419075769199,0.21228453717512,-0.096267874929487,-0.4866820352733
3006970000000,0.81230918299919,-1.714483231172,1.5050168334704,0.84185807468633,0.21091164508841,-0.096481628293021,-0.48732181918467
3006980000000,0.80997845894981,-1.7163327436944,1.5059420476994,0.84182829023619,0.2095192103667,-0.096681952577257,-0.4879338380264
3006990000000,0.80771815281028,-1.7181705796508,1.5069604127913,0.84180858999898,0.20812394318408,-0.096857540826914,-0.48852977274922
3007000000000,0.80552553780953,-1.7199911311017,1.5080669425574,0.8417874109053,0.20674020805558,-0.097011270416653,-0.48912294428563
3007010000000,0.80338799084781,-1.721784454874,1.5092440684451,0.84175153876618,0.20538037650982,-0.097157882820557,-0.48972808142405
3007020000000,0.8012926517085,-1.7235404579045,1.5104739276193,0.84168770426453,0.20405677359128,-0.097312406753479,-0.49036000768137
3007030000000,0.79922683442625,-1.72524919072,1.5117387241249,0.84158264598447,0.20278172530099,-0.097489839196482,-0.49103355599711
3007040000000,0.79717835276328,-1.7269018613641,1.5130208122681,0.84142471618437,0.20156624435402,-0.09770380163278,-0.49176159190971
3007050000000,0.79513926389912,-1.7285047554018,1.5143048117948,0.84123014791091,0.20039869164169,-0.097943368472288,-0.49252339965364
3007060000000,0.79310488594564,-1.7300766176008,1.5155772706589,0.84103888462961,0.19924820794371,-0.098176956192004,-0.49326973497781
3007070000000,0.79107028302711,-1.7316362142641,1.5168248499116,0.84089170554833,0.19808331412836,-0.098372541628518,-0.49395038542094
3007080000000,0.78903002995498,-1.7332016611017,1.5180343530828,0.840829414651,0.19687253070424,-0.098498138940426,-0.49451513499289
3007090000000,0.78697847535704,-1.7347897817161,1.5191932731756,0.84088999144461,0.19558605930536,-0.098523656489268,-0.49491737169519
3007100000000,0.78491654005141,-1.7364105363063,1.5202971532824,0.84106344151821,0.19422342098605,-0.098454871083118,-0.49517288742623
3007110000000,0.78285111941424,-1.7380687813144,1.5213482114636,0.84129899132824,0.19280910958961,-0.098327986715838,-0.49535064497562
3007120000000,0.7807894906667,-1.7397697222856,1.5223487626267,0.84154460919404,0.19136846043103,-0.098179968678552,-0.49552141915259
3007130000000,0.77873933563144,-1.7415193882071,1.5233008813527,0.84174840003277,0.18992683757448,-0.098047818988986,-0.4957560414183
3007140000000,0.77670848655061,-1.7433248669894,1.524206106626,0.84186118796443,0.18850868380731,-0.097966747798897,-0.49612169137628
3007150000000,0.77469667236783,-1.7451941681274,1.5250632103466,0.84187903415768,0.18712226053288,-0.097935866949759,-0.49662210726426
3007160000000,0.77269621762223,-1.7471353695523,1.5258688435017,0.84183658521026,0.18576199734577,-0.097923436409308,-0.49720684301951
3007170000000,0.77069892719737,-1.7491562140369,1.5266196496649,0.8417697991608,0.18442184755644,-0.097896857159329,-0.49782365625086
3007180000000,0.76869617625959,-1.751263963919,1.5273124372093,0.84171471321253,0.1830957723209,-0.097823485203977,-0.49842035016871
3007190000000,0.76667905459051,-1.753464715356,1.5279445375572,0.84170572576238,0.18177832839237,-0.097671981131578,-0.49894718623069
3007200000000,0.76464245793774,-1.7557537567061,1.5285180047955,0.84174762379972,0.18047372688163,-0.097437431275884,-0.49939575360564
3007210000000,0.76258493506658,-1.7581174742168,1.529038798468,0.84181982653818,0.17919443349681,-0.097137595899434,-0.49979297925627
3007220000000,0.76050537032779,-1.7605420989377,1.5295129894821,0.84190094839993,0.1779532059327,-0.096790896191923,-0.5001669441256
3007230000000,0.75840293425167,-1.7630140932193,1.5299465362044,0.84196965874808,0.17676279868186,-0.096415781358105,-0.50054570605979
3007240000000,0.75627686730499,-1.7655207593044,1.530345051691,0.84200575970773,0.17563506094954,-0.096030349285516,-0.50095588428559
3007250000000,0.75412135436498,-1.7680584850046,1.5307119371349,0.84200800090599,0.17456639545001,-0.09564456341025,-0.50139925955266
3007260000000,0.75192598102824,-1.7706311745224,1.5310488930604,0.84199133682249,0.17353994143572,-0.095261384768459,-0.50185630016405
3007270000000,0.7496800579354,-1.7732427812712,1.5313577406017,0.84197120684559,0.17253838683287,-0.094883597569602,-0.5023067736198
3007280000000,0.74737268348243,-1.7758970019335,1.5316406505837,0.84196302691001,0.17154441431046,-0.094513971527563,-0.502730429178
3007290000000,0.74499334465352,-1.7785971093575,1.5319002611005,0.84198174085811,0.17054150750632,-0.094154151192939,-0.50310768041459
3007300000000,0.74254279578369,-1.7813439076622,1.5321387126491,0.84203411025261,0.16952718584755,-0.093786963276216,-0.50343132197861
3007310000000,0.7400316279763,-1.784136275108,1.5323573559022,0.84211988477441,0.16851103318269,-0.093379069498641,-0.50370475552928
3007320000000,0.73747071195909,-1.7869730709028,1.5325573071181,0.84223861141944,0.1675030036857,-0.092896615264124,-0.50393162637702
3007330000000,0.73487081311318,-1.7898531399633,1.532739258409,0.84238981354655,0.16651302957052,-0.092305775152172,-0.50411551938997
3007340000000,0.73224220223963,-1.7927753646239,1.5329033530773,0.84257245329499,0.16555051305897,-0.091574500448962,-0.50426064633471
3007350000000,0.72958915999602,-1.7957408914523,1.5330511736598,0.84277703720856,0.16461565563682,-0.090702121067686,-0.50438247065797
3007360000000,0.72691088468999,-1.7987529155243,1.5331859850636,0.8429868093257,0.16370077481531,-0.0897150180395,-0.50450620527989
3007370000000,0.72420644469699,-1.8018147653808,1.5333112467094,0.84318478452224,0.16279800740356,-0.088640406323132,-0.50465741478996
3007380000000,0.7214750166661,-1.804929886935,1.533430618739,0.84335404956739,0.16189952601032,-0.087505498299548,-0.50486164275301
3007390000000,0.71871594526725,-1.8081020245048,1.5335474409404,0.84347939322391,0.16099677056237,-0.086336218199514,-0.50514216860416
3007400000000,0.7159290138215,-1.8113373510954,1.5336563772314,0.84357434082394,0.16006866302367,-0.085134415651745,-0.50548242886662
3007410000000,0.71311421140145,-1.8146440137259,1.5337445582766,0.84367716493593,0.15908312179751,-0.083881167263559,-0.50583134689671
3007420000000,0.71027131037186,-1.8180300578551,1.5337991393922,0.84382678895101,0.15800747577281,-0.082557021028797,-0.50613666744011
3007430000000,0.70739960878901,-1.821503194243,1.5338079312535,0.84406192259065,0.15680896305891,-0.081142554223532,-0.50634603368748
3007440000000,0.70449774846371,-1.8250700398351,1.5337604371675,0.84441804802361,0.15545681128961,-0.079620393249501,-0.50641083417958
3007450000000,0.70156602218189,-1.8287275079136,1.5336579817946,0.84487729862034,0.15395487527178,-0.078012631190361,-0.50635390393558
3007460000000,0.69860681513139,-1.8324645963128,1.5335114080059,0.84537583240486,0.15233740183756,-0.076375518269478,-0.50626060304575
3007470000000,0.69562309897012,-1.836270519476,1.533331423887,0.84584874029753,0.1506400683816,-0.074766128274553,-0.50621883054455
3007480000000,0.69261882116792,-1.8401353035031,1.5331277553513,0.84623165740578,0.14889868618602,-0.073241505025004,-0.50631694144875
3007490000000,0.68959949289447,-1.8440500579608,1.5329086578399,0.84646439913912,0.14714813304178,-0.071856903467326,-0.50663797070142
3007500000000,0.68657445979125,-1.8480071489137,1.5326815966335,0.84655384813275,0.14540965219335,-0.070629265405059,-0.50716281619317
3007510000000,0.68355560048102,-1.8519995384131,1.5324543907202,0.84656518536964,0.14369250209716,-0.069542246553486,-0.50778315027718
3007520000000,0.68055480774964,-1.8560203089363,1.5322354965399,0.84656563321895,0.14200534839032,-0.068578770704734,-0.50838770824024
3007530000000,0.67758379989841,-1.8600626112216,1.5320347157196,0.84662251017665,0.14035698567459,-0.067721724016468,-0.50886541435901
3007540000000,0.67465327755354,-1.8641199952725,1.5318636489069,0.84680083199012,0.13875634625244,-0.066953587388927,-0.50910926572915
3007550000000,0.67175762963862,-1.8681927977313,1.5317290485449,0.84712326877511,0.13720866210797,-0.066257099145398,-0.50908343850016
3007560000000,0.66887692771581,-1.8722870190647,1.5316319083422,0.84757534855991,0.13571572280787,-0.065615512211485,-0.5088141857825
3007570000000,0.6659905257649,-1.8764084588789,1.5315723793893,0.84814116550521,0.13427915294476,-0.065012162047426,-0.5083297072234
3007580000000,0.66307746197895,-1.880562532447,1.5315495049983,0.84880467393895,0.1329004664319,-0.064430603153269,-0.50765814176361
3007590000000,0.66011756723544,-1.8847535701868,1.5315610932104,0.84954875748162,0.13158045145688,-0.063855587521266,-0.50682931781632
3007600000000,0.65711061574693,-1.8889712930093,1.5316052184776,0.85033830121179,0.13030898232449,-0.063289452592892,-0.50590393140229
3007610000000,0.65407412696256,-1.8931928185154,1.5316806184515,0.85112260667445,0.1290665214692,-0.062749562008073,-0.50496993367063
3007620000000,0.65102630086413,-1.8973949000752,1.5317853777845,0.85185076067929,0.12783332055682,-0.062253506596732,-0.50411647920093
3007630000000,0.64798528474067,-1.9015542771789,1.5319164110563,0.85247215444797,0.126589664992,-0.061818869311784,-0.5034329250308
3007640000000,0.64496836640136,-1.9056491626306,1.5320688674822,0.85293970404254,0.12531658881945,-0.061462641453101,-0.5030029398921
3007650000000,0.64197941437281,-1.9096855314757,1.5322345991691,0.85326782647724,0.12400974328438,-0.061186054422965,-0.5028040041741
3007660000000,0.6390103545532,-1.9136937911646,1.5324038638412,0.85352485615036,0.1226776027387,-0.060976579898956,-0.50271998411006
3007670000000,0.63605242028886,-1.9177050758042,1.5325678040999,0.85378079345331,0.12132902150449,-0.06082154372334,-0.50263144061042
3007680000000,0.63309660031568,-1.9217503874838,1.5327193076111,0.85410552644741,0.11997286339276,-0.06070825021308,-0.50241891892861
3007690000000,0.63013423848322,-1.9258590755751,1.532853991815,0.85456472220797,0.11861830101873,-0.060624130821659,-0.50196966938568
3007700000000,0.62716600270088,-1.9300324363201,1.532971305941,0.85514891054424,0.11727969457427,-0.060565801109679,-0.50129591836709
3007710000000,0.62420097502727,-1.9342471684561,1.5330720725108,0.85578266268584,0.11597601031197,-0.060537978250577,-0.50052048156672
3007720000000,0.62124874074674,-1.9384793233303,1.5331558647652,0.85638878183159,0.1147264142361,-0.060545404514617,-0.49977030546211
3007730000000,0.61831916806032,-1.9427052222107,1.5332198306169,0.85689060547952,0.11355010973564,-0.060592912395745,-0.49917267732455
3007740000000,0.61542226174549,-1.9469027316747,1.5332581005947,0.85721544045461,0.11246537465825,-0.060685677432144,-0.49884915225325
3007750000000,0.61256297460502,-1.9510719575207,1.5332708879739,0.85735770192934,0.11147252589175,-0.060828394373976,-0.49881013757906
3007760000000,0.60974136943484,-1.9552324058401,1.5332662374278,0.85737089969528,0.11055594207522,-0.061025219505966,-0.49896738030839
3007770000000,0.60695703909917,-1.9594040468738,1.5332535725895,0.85731035156389,0.10969946733432,-0.061280391819362,-0.49922910727083
3007780000000,0.60420916744836,-1.9636065653356,1.5332443183716,0.85723131100023,0.10888695415929,-0.061598050230506,-0.49950354439437
3007790000000,0.60149636629525,-1.9678576409427,1.5332523793697,0.85718677391171,0.10810291541122,-0.061981628860763,-0.49970278365664
3007800000000,0.59881462184649,-1.9721422939053,1.5332879251289,0.85718687559361,0.10734510426717,-0.062425820103705,-0.49981067003848
3007810000000,0.59615787066813,-1.976416651486,1.5333559989166,0.85720364874087,0.10662302864241,-0.06291762959475,-0.49987479055723
3007820000000,0.59352003192787,-1.9806357521967,1.5334608785259,0.85720781802671,0.10594655177541,-0.063443724350288,-0.49994497569368
3007830000000,0.59089499017069,-1.9847545787464,1.5336057152723,0.85717011769488,0.10532553284287,-0.063990781528843,-0.50007109628696
3007840000000,0.58827662783729,-1.9887298344247,1.5337921561746,0.85706326066412,0.10476981428469,-0.064545674209393,-0.50029961940361
3007850000000,0.58565963872587,-1.9925504161132,1.5340222203556,0.85689762595472,0.10428792282399,-0.065097524111371,-0.50061242507631
3007860000000,0.58303940623389,-1.9962338669026,1.5342994172594,0.85671724127472,0.10388726224812,-0.065637469402988,-0.500933855769
3007870000000,0.58041122328901,-1.9997986623264,1.5346279224674,0.85656740434496,0.10357530072305,-0.066156767404508,-0.50118631368031
3007880000000,0.57777023711418,-2.003263118462,1.5350129575421,0.85649348561741,0.10335952529766,-0.066646650213908,-0.50129227167436
3007890000000,0.57511159922834,-2.0066447205344,1.5354605291367,0.85653837179961,0.10324636662696,-0.067098696380397,-0.50117858130337
3007900000000,0.57243292673936,-2.0099493877482,1.5359654481939,0.85669796527503,0.10322365664461,-0.067512307930203,-0.50085483054521
3007910000000,0.56973397837614,-2.0131728482303,1.5365114421866,0.85692619605462,0.10326258938293,-0.067893905285356,-0.5004045860845
3007920000000,0.56701438318034,-2.0163104488639,1.5370812411178,0.85717559403404,0.10333372580567,-0.068250151672415,-0.49991405151306
3007930000000,0.56427347885732,-2.0193575227051,1.537656599719,0.85739883638078,0.10340767373783,-0.068587739119703,-0.49946952902802
3007940000000,0.5615102271331,-2.0223098213655,1.5382184765933,0.85755024355411,0.10345618837963,-0.068913566760529,-0.49915460248562
3007950000000,0.55872258299269,-2.0251719022846,1.5387556823894,0.85761290942199,0.10347079323846,-0.069237761399375,-0.49899902298077
3007960000000,0.55590782849092,-2.0279562389938,1.5392649427618,0.8575956176495,0.10346066989147,-0.069573318979786,-0.49898416774495
3007970000000,0.55306331067275,-2.0306756046338,1.5397436183078,0.85750797234124,0.10343561462715,-0.069933328169889,-0.49908965187529
3007980000000,0.55018654129539,-2.0333428391066,1.5401895700215,0.85735951658916,0.10340539807565,-0.070330867659617,-0.49929505506972
3007990000000,0.54727566677698,-2.0359702663842,1.5406013908294,0.85715998961578,0.10338057600839,-0.070777959687164,-0.49957951231868
3008000000000,0.54433659583462,-2.0385575857519,1.5409811594482,0.85692350771847,0.10338743705725,-0.071266475040278,-0.49991422195567
3008010000000,0.54138206299979,-2.0410929955925,1.5413337821644,0.85666816286761,0.10346647356574,-0.071770111308012,-0.50026332935739
3008020000000,0.53842499910522,-2.0435642698927,1.5416642394654,0.85641223223494,0.10365871154787,-0.072261858070658,-0.50059083478104
3008030000000,0.53547832325383,-2.0459592359383,1.5419773918299,0.85617402252326,0.10400518432071,-0.072714669557368,-0.50086080064417
3008040000000,0.53255437412673,-2.0482664074906,1.5422776174581,0.85597154897043,0.10454374315118,-0.073101994283471,-0.50103833341661
3008050000000,0.52965287032731,-2.0504836760929,1.5425652131019,0.85581731600644,0.10525131177197,-0.073406414786473,-0.50110915104596
3008060000000,0.52676194959732,-2.0526171817879,1.5428370486258,0.85571893637928,0.10604985379995,-0.073618729064833,-0.50107765182834
3008070000000,0.52386905078964,-2.0546730238475,1.5430900670593,0.85568396439837,0.10685938702066,-0.073729986164836,-0.50094901299153
3008080000000,0.52096107028628,-2.0566565475848,1.5433216152076,0.85572008114059,0.10759996690883,-0.073731164717184,-0.50072857438277
3008090000000,0.5180246121435,-2.0585718470785,1.5435295089486,0.85583427334792,0.1081952163568,-0.073613758500898,-0.50042232791904
3008100000000,0.51505517964203,-2.0604213463898,1.5437098053873,0.85601802303188,0.10863728205868,-0.073379836518193,-0.50004648262343
3008110000000,0.51205695225278,-2.0622068847495,1.5438565513005,0.85624865851571,0.10898034362899,-0.073041092941607,-0.49962637864153
3008120000000,0.5090347965695,-2.0639307442257,1.5439635284026,0.8565029316163,0.10928083939875,-0.072609620985712,-0.49918760923454
3008130000000,0.50599412299163,-2.0655960624972,1.544024147306,0.856757565623,0.10959523487337,-0.072097491439369,-0.49875576184036
3008140000000,0.50294108488321,-2.0672071560424,1.5440317259407,0.85698977434506,0.10997738680291,-0.071516536281834,-0.49835618396711
3008150000000,0.49988362358628,-2.0687703843323,1.5439884332574,0.85718687192042,0.11043036970274,-0.07087558856795,-0.49800848486723
3008160000000,0.49683087954982,-2.0702932203706,1.5439049647102,0.85734538318254,0.1109111833237,-0.070180818887713,-0.4977270898892
3008170000000,0.49379189680071,-2.0717829620451,1.5437926395887,0.85746220197818,0.11137521172859,-0.069438317031947,-0.49752633550286
3008180000000,0.49077550171134,-2.0732465100865,1.5436632492359,0.85753427387913,0.11177789356436,-0.068654214656978,-0.49742061722726
3008190000000,0.48778945814008,-2.0746897553057,1.5435284854653,0.85755941693039,0.11207617700859,-0.067834165716356,-0.49742266026259
3008200000000,0.48482695434878,-2.0761100372752,1.5433876689086,0.85755125177507,0.11225606703815,-0.066973840933254,-0.49751274418128
3008210000000,0.48186819677748,-2.0774973235622,1.5432284873031,0.85753771703221,0.11232993148382,-0.066059788727897,-0.49764159258772
3008220000000,0.47889311987336,-2.0788414266329,1.5430381364071,0.85754721177444,0.11231097625412,-0.065078226042316,-0.49775882582423
3008230000000,0.47588190168242,-2.0801323666909,1.5428037550139,0.85760805110505,0.1122123756131,-0.06401539153068,-0.49781406477342
3008240000000,0.472815883763,-2.0813605221029,1.5425130495007,0.85774691054667,0.11204776111569,-0.062858994320152,-0.49775926260559
3008250000000,0.46969509122917,-2.0825188045752,1.5421664217265,0.8579606108614,0.11183817105632,-0.06162546903745,-0.49759231834004
3008260000000,0.46653653853941,-2.0836024396612,1.5417759762176,0.85821891586217,0.11161143114457,-0.060357508451677,-0.49735314623286
3008270000000,0.46335796301405,-2.0846070575285,1.5413543485304,0.858490845067,0.11139571423963,-0.059098791967297,-0.49708328937232
3008280000000,0.46017725551447,-2.0855288330502,1.5409143574247,0.85874569072153,0.11121919158567,-0.057893027322069,-0.49682444331747
3008290000000,0.45701147751442,-2.0863648920843,1.5404686408419,0.8589541735525,0.11110850682179,-0.056782203773226,-0.49661696384963
3008300000000,0.45385768453325,-2.0871167791972,1.5400206263625,0.85911061801569,0.1110617372851,-0.055773784462343,-0.49647106813053
3008310000000,0.45069446768464,-2.0877894807273,1.5395650050382,0.85923075658895,0.11105080105856,-0.054843561425032,-0.49636922777913
3008320000000,0.44749967726077,-2.0883877765715,1.5390959770513,0.85933096644829,0.11104660930482,-0.053966142487838,-0.49629285319249
3008330000000,0.4442510885151,-2.0889159020457,1.5386075448602,0.85942752496019,0.11102007503944,-0.053116132433511,-0.49622328517952
3008340000000,0.44092779903176,-2.0893776942412,1.5380936355974,0.8595365507752,0.11094252402499,-0.052268932802657,-0.49614174679028
3008350000000,0.43753690062188,-2.0897830745045,1.5375504133854,0.85967231398338,0.11079280947398,-0.051415722437648,-0.49602912154987
3008360000000,0.43411125916218,-2.0901481095142,1.5369763031639,0.85984738861794,0.11055662775186,-0.050562189490618,-0.49586607601343
3008370000000,0.43068466676764,-2.0904892789097,1.5363699566594,0.8600742254045,0.1102198563971,-0.04971456440478,-0.49563330410364
3008380000000,0.42729088946069,-2.090823237577,1.5357301769533,0.86036519038172,0.10976832460555,-0.04887907837667,-0.49531150783094
3008390000000,0.42396174828478,-2.0911657678767,1.5350558046194,0.86073109051281,0.1091885225474,-0.048062358821929,-0.49488368939885
3008400000000,0.42069148349353,-2.0915134111044,1.5343424644877,0.86115353825543,0.10848017012544,-0.047279148911671,-0.49437973089307
3008410000000,0.41743983371366,-2.091844858939,1.5335825107665,0.86158739713343,0.10765528464414,-0.046551559925976,-0.49387290779865
3008420000000,0.4141654244471,-2.0921380469893,1.5327679522906,0.86198672243821,0.1067264542321,-0.045901798384835,-0.49343832361534
3008430000000,0.41082700025126,-2.0923708828032,1.5318907287027,0.86230574334734,0.10570627533656,-0.045351975797852,-0.49315128169345
3008440000000,0.40738529257233,-2.0925225881316,1.5309437526064,0.86250109777982,0.10460767278394,-0.044923371897178,-0.49308313881202
3008450000000,0.40384089893036,-2.0925994893753,1.5299346920966,0.86257574641174,0.10345172422799,-0.044619095519765,-0.49322404520815
3008460000000,0.4002311991097,-2.0926332498052,1.528884516156,0.86257547397732,0.10226706655714,-0.044425527896118,-0.49348897785234
3008470000000,0.39659487488657,-2.0926569804908,1.5278142678004,0.86254773036203,0.10108262140904,-0.044328601449035,-0.49379012909329
3008480000000,0.39297070577148,-2.0927045343363,1.526744189642,0.86254008589539,0.099927379932562,-0.04431421357048,-0.49403984600335
3008490000000,0.38939620009454,-2.0928090911718,1.5256930312935,0.86259860399629,0.098829030605341,-0.044368093105172,-0.49415376494313
3008500000000,0.38587851035391,-2.0929711071577,1.5246682766712,0.86273650325862,0.097787420475476,-0.044477111808786,-0.49411044602091
3008510000000,0.38239656782854,-2.0931598448253,1.5236675622826,0.86293638780335,0.096776512402262,-0.044629305122857,-0.49394667968964
3008520000000,0.37892837008551,-2.0933428898967,1.5226882096884,0.86317959737337,0.095769271509221,-0.044812689626537,-0.4937013795417
3008530000000,0.37545196966598,-2.0934870796557,1.5217275690505,0.86344738919851,0.094738656885104,-0.045015324936732,-0.49341343060229
3008540000000,0.37194619595834,-2.0935598492397,1.5207834380563,0.86372228538597,0.093658460682964,-0.045225848985624,-0.49311918341681
3008550000000,0.36840572166818,-2.0935593223627,1.5198613161717,0.86401389015372,0.092519255430972,-0.045442069427688,-0.49280341244969
3008560000000,0.36483994417687,-2.0935128195534,1.5189738199491,0.86435697833383,0.091327252123236,-0.045670421870094,-0.49240284279382
3008570000000,0.36125877583738,-2.0934489380414,1.5181338205124,0.86478712640823,0.090089280726909,-0.045917912051594,-0.49185230796402
3009170000000,0.17358171278909,-2.0851291891555,1.5217375608641,0.87900643762668,0.067001249750511,-0.013963237842642,-0.47187238013225
3009180000000,0.17037596177488,-2.0847666374559,1.5216528003307,0.87915373531852,0.066744967503616,-0.013441147223301,-0.47164939791094
3009190000000,0.16718615900184,-2.0844359477002,1.5215807709487,0.8793478170381,0.066478076150154,-0.012945580926551,-0.47133904357286
3009200000000,0.16401093794641,-2.084137140828,1.5215190799806,0.87958552423677,0.066180829901283,-0.012471235841154,-0.47094996717623
3009210000000,0.1608422792179,-2.0838586821252,1.5214488022989,0.87984898895298,0.065826625281145,-0.011988722036782,-0.47051980041911
3009220000000,0.15767197170009,-2.0835884677209,1.5213502426533,0.88011970388621,0.065388651936111,-0.011467583431177,-0.47008735949766
3009230000000,0.15449188246343,-2.0833140868577,1.5212035746529,0.88037911668509,0.064840110995436,-0.010877328233201,-0.46969144620845
3009240000000,0.15129425965118,-2.0830230771155,1.5209895800005,0.88060922389567,0.064155120124976,-0.010188447351095,-0.46936948227617
3009250000000,0.14807750598453,-2.0827149757773,1.5207057304941,0.88080573573071,0.063329255553756,-0.0093921094169687,-0.46912945929198
3009260000000,0.14484586340338,-2.0824015512698,1.5203658495158,0.88097774284157,0.062378987279472,-0.0084995684621955,-0.46895078195875
3009270000000,0.14160365497621,-2.0820953767248,1.5199844707092,0.88113488356837,0.061321622394085,-0.0075229339695604,-0.46881166906382
3009280000000,0.13835504677032,-2.0818095599135,1.5195761484739,0.881286819734,0.060174498746407,-0.0064742876870153,-0.46869036117963
3009290000000,0.13510380408524,-2.0815573655339,1.5191550044893,0.88144292843062,0.058954526501845,-0.0053660048554736,-0.4685658264497
3009300000000,0.13184767402068,-2.0813422287107,1.5187256910361,0.88160532251092,0.057667655052882,-0.004218526569823,-0.46843217322756
3009310000000,0.12857862354873,-2.0811576055696,1.5182836475769,0.88176900099185,0.0563091067812,-0.0030601856681966,-0.4682983543074
3009320000000,0.12528839272254,-2.0809965645148,1.5178240304788,0.88192868652283,0.054873679889396,-0.0019196014577225,-0.46817409825165
3009330000000,0.12196868329946,-2.0808522986331,1.517342270228,0.88207914950008,0.053356184695886,-0.00082537662422922,-0.46806923667908
3009340000000,0.11861162600378,-2.0807182121046,1.5168342891802,0.8822156670093,0.05175289345761,0.00019504841365216,-0.46799264615827
3009350000000,0.11522076917384,-2.0805887381003,1.5162962765945,0.8823429116484,0.050092477023451,0.0011403111270031,-0.46793207808401
3009360000000,0.11181094265857,-2.0804593819355,1.5157242218573,0.8824749143139,0.048435252508714,0.0020344369681422,-0.46785458530115
3009370000000,0.10839751743876,-2.0803260820208,1.5151137565324,0.88262642593512,0.046842800924873,0.0029023475865164,-0.46772633090408
3009380000000,0.10499598469729,-2.080185410113,1.5144597979483,0.88281242571663,0.04537669603488,0.0037689096277585,-0.46751360598114
3009390000000,0.10162118345452,-2.0800351045532,1.5137566891512,0.88304744287853,0.044094984249627,0.0046580471991571,-0.46718427690368
3009400000000,0.098269692057312,-2.0798786625969,1.5130088903239,0.88333433583292,0.042976365715091,0.0055707568600432,-0.46673595297185
3009410000000,0.094919975595657,-2.0797242400785,1.5122316425932,0.88366420460156,0.041921657884541,0.0064855923916351,-0.46619532944617
3009420000000,0.091549579707369,-2.0795793883143,1.5114410654819,0.8840272497036,0.040828377125109,0.0073803378746291,-0.46559037362865
3009430000000,0.08813583023799,-2.0794503313774,1.5106541695868,0.88441338294686,0.039593976135786,0.0082327757872207,-0.46494892893854
3009440000000,0.08465655327008,-2.0793414434269,1.5098886272033,0.88481205529048,0.038119519481513,0.0090210973278391,-0.46429855572695
3009450000000,0.081106726521699,-2.0792557398277,1.5091468435777,0.885207777906,0.036388302958696,0.0097371013731625,-0.46366827603293
3009460000000,0.077498339586045,-2.079196427148,1.5084151158304,0.88558059353391,0.034464647767147,0.010386257935738,-0.46308889649451
3009470000000,0.073844034723588,-2.0791673540881,1.5076786955673,0.88591074651032,0.032416367325516,0.010974792938331,-0.46259148529443
3009480000000,0.070156446019566,-2.0791733600769,1.5069221196681,0.88617889147536,0.030311296906246,0.011509120442461,-0.4622074617853
3009490000000,0.066448047484774,-2.0792201896712,1.5061296963838,0.88636684476164,0.028216018988377,0.011995451046727,-0.46196729530772
3009500000000,0.062725999894651,-2.0793069457258,1.5053012526979,0.88647377420218,0.026169630790181,0.01243390018499,-0.46187097354373
3009510000000,0.058992225634316,-2.0794253614046,1.5044525231729,0.88651573163481,0.024184103784263,0.012818493742279,-0.4618881606042
3009520000000,0.055248562520008,-2.0795668950363,1.5035998724297,0.88650947528335,0.022270251395265,0.013142949977006,-0.46198728229415
3009530000000,0.051496938030246,-2.0797231692127,1.5027596294258,0.88647177770525,0.020438919317618,0.013401104432123,-0.46213682855754
3009540000000,0.047739392136741,-2.0798863584496,1.5019478422877,0.88641969056915,0.018700720075679,0.013588007694649,-0.46230485752027
3009550000000,0.043979849430979,-2.0800535810847,1.5011744491086,0.88637572050167,0.017060258233128,0.013721378939515,-0.46244864953221
3009560000000,0.040224079065551,-2.0802265420566,1.5004432729821,0.88636778468108,0.015516132490497,0.013841030224137,-0.46251467630165
3009570000000,0.036477957893792,-2.0804069660005,1.4997576989449,0.8864240403606,0.014066667276609,0.013987468743611,-0.46244880825954
3009580000000,0.032747403402178,-2.0805962326414,1.4991207401654,0.88657253406096,0.012710187634668,0.014201101828218,-0.46219684300727
3009590000000,0.029038152124486,-2.0807950395993,1.4985343694353,0.88683915981764,0.011444836341151,0.01452058785148,-0.46170821182162
3009600000000,0.025350143128373,-2.0809977353134,1.4979903550971,0.88720687049364,0.010264348461334,0.014942937831792,-0.46101553196015
3009610000000,0.021677536235376,-2.0811925793857,1.4974708658749,0.88761629951295,0.0091581294788105,0.015423969607673,-0.46023421718178
3009620000000,0.01801426080175,-2.0813674827764,1.4969579532392,0.88800657536303,0.0081154665967245,0.015918001367664,-0.4594834910488
3009630000000,0.014354197049446,-2.0815102165461,1.4964342856669,0.88831725978225,0.0071256780930316,0.016379316841776,-0.45888276135029
3009640000000,0.010691357180303,-2.0816093527465,1.4958837542235,0.8884907670319,0.0061768728439804,0.016763404728145,-0.45854660766694
3009650000000,0.0070254364548496,-2.081675617708,1.4952975763773,0.88852646518911,0.0052301882173178,0.017059996454612,-0.45847826808991
3009660000000,0.0033617370042342,-2.0817418603926,1.4946735840279,0.88848002851574,0.0042198762112465,0.017292971020278,-0.4585699343903
3009670000000,-0.00029442886963167,-2.0818416324661,1.4940098008895,0.88840921411719,0.0030789806562516,0.017487399185383,-0.45870881724633
3009680000000,-0.0039379833287657,-2.082007945937,1.4933041714309,0.88837147977685,0.0017405663652797,0.017668295198085,-0.45878199146502
3009690000000,-0.0075641314382997,-2.0822715559526,1.4925550918882,0.88842153595991,0.00014086773547126,0.017859600708993,-0.45868092314967
3009700000000,-0.011168633195046,-2.0826311583962,1.4917683045799,0.8885600964076,-0.0017126306460943,0.018054930340619,-0.45840161589897
3009710000000,-0.014747399969924,-2.0830543126207,1.4909565988966,0.88873446985875,-0.0037412808016659,0.018217689122058,-0.45804493306432
3009720000000,-0.018295951834024,-2.083507887276,1.4901327490354,0.88889014916688,-0.0058633569724695,0.018310437346963,-0.45771678103742
3009730000000,-0.02180936969055,-2.0839598721546,1.4893089804186,0.8889732917938,-0.0079971719081697,0.018295859270263,-0.45752354393225
3009740000000,-0.025282243388713,-2.0843806447239,1.4884965101122,0.88893190868677,-0.010063147932916,0.018138056711193,-0.45756945447759
3009750000000,-0.028707196109251,-2.0847628991813,1.4876967572003,0.88874182422522,-0.012029947508301,0.017841458753165,-0.45790275450725
3009760000000,-0.03207524946882,-2.0851206679553,1.48690155933,0.88840621874611,-0.013914646601674,0.017451340111887,-0.45851523838526
3009770000000,-0.03537754464726,-2.0854686802045,1.486102025098,0.88792917867272,-0.015736548303063,0.017014921128149,-0.45939593725684
3009780000000,-0.038605323919739,-2.0858211699953,1.4852887341377,0.88731446767029,-0.017515049477404,0.016579734616863,-0.4605337891022
3009790000000,-0.041750037501748,-2.086190746031,1.4844522176726,0.88656730536315,-0.019268587838446,0.016191967065135,-0.46191444531038
3009800000000,-0.044807961877368,-2.0865689321444,1.483597520646,0.88573469964191,-0.020993755650527,0.01585948485472,-0.46344555323586
3009810000000,-0.047779991337586,-2.0869268468981,1.4827450732421,0.88490661001358,-0.022665044914356,0.015550915253755,-0.46495672522082
3009820000000,-0.050666882908973,-2.0872353767542,1.481916578999,0.88417607404594,-0.024255773895955,0.015232589952515,-0.46627491431639
3009830000000,-0.053469197591051,-2.0874664512204,1.4811344023103,0.88363718417043,-0.025739263461103,0.014870772457441,-0.46722765028876
3009840000000,-0.05618783194132,-2.0875941437142,1.4804207262838,0.8833808572452,-0.027090341034272,0.014433499022593,-0.46764949329743
3009850000000,-0.058832128197405,-2.0876114840227,1.4797801734996,0.88341124683665,-0.02831438915059,0.013919774812649,-0.46753513686001
3009860000000,-0.06142001727956,-2.0875292786877,1.4791991860359,0.88364445086512,-0.029447543370643,0.0133597446636,-0.46704051630158
3009870000000,-0.063969941783629,-2.0873582776876,1.4786631385309,0.88399232537462,-0.030527388367254,0.012785224306188,-0.46632840925434
3009880000000,-0.066500350926415,-2.0871080576322,1.4781572176741,0.88436687124252,-0.031591425082239,0.012227863545059,-0.46556170188614
3009890000000,-0.069028917164914,-2.0867866954204,1.4776666192995,0.884682441614,-0.032676110043056,0.011717926346565,-0.46489992421432
3009900000000,-0.071557139214418,-2.0863996582142,1.4771781483849,0.88490025521813,-0.033798057273677,0.0112658018719,-0.46441609720981
3009910000000,-0.07407028551325,-2.0859508580276,1.4766801996812,0.88502862086816,-0.034953954804331,0.010862217608868,-0.46409543578488
3009920000000,-0.07655298002383,-2.0854443858847,1.4761612384848,0.88507780738107,-0.036139611664214,0.01049706059239,-0.46391919023596
3009930000000,-0.078989926318719,-2.0848846290569,1.4756097495949,0.88505800185742,-0.03735086209119,0.010160324715575,-0.46386853121426
3009940000000,-0.081366504682128,-2.0842762126077,1.4750147423783,0.88497915918651,-0.038583039328849,0.009841723580895,-0.46392496953563
3009950000000,-0.083682804984686,-2.083622741295,1.4743764691491,0.88484673616905,-0.039819098001144,0.0095213357006414,-0.46407977449122
3009960000000,-0.08595376072858,-2.0829265999664,1.4737066246363,0.88466162673222,-0.041029392588873,0.0091694257483665,-0.46433427265575
3009970000000,-0.088194969437667,-2.0821901864228,1.4730175131356,0.88442451481805,-0.042183703743434,0.0087559071270313,-0.46469037736726
3009980000000,-0.090422107882746,-2.0814161682214,1.4723215523655,0.88413608885829,-0.043251810703231,0.0082507917409413,-0.46515006361916
3009990000000,-0.092650518453935,-2.0806075549714,1.4716307036032,0.88379755575829,-0.044203789512363,0.0076257510593989,-0.4657142400112
3010000000000,-0.094882980284138,-2.0797644581481,1.4709423129716,0.88342216016921,-0.045016182304118,0.0068908802867331,-0.46635967452344
3010010000000,-0.097109371634772,-2.0788835731804,1.4702386377673,0.88303554278492,-0.045672083103097,0.0060953699912284,-0.46703868947682
3010020000000,-0.099319023189259,-2.0779612399461,1.469500981472,0.88266412202418,-0.046154874078214,0.0052901905470248,-0.46770267176282
3010030000000,-0.10150115571972,-2.0769935963996,1.4687100834888,0.88233450641211,-0.046447932708336,0.0045264136472906,-0.46830323501031
3010040000000,-0.10364529218156,-2.0759769474523,1.4678466854926,0.88207301667827,-0.046536630971034,0.0038533201344872,-0.46879279767282
3010050000000,-0.10575422874515,-2.0749126948144,1.4669124284978,0.88189583384016,-0.046453852987301,0.0032751139194704,-0.46913862708886
3010060000000,-0.10784447471611,-2.0738073929105,1.4659311199964,0.88180864986044,-0.046280930672698,0.0027498949411607,-0.46932293632976
3010070000000,-0.10993312265064,-2.0726676607996,1.4649279601143,0.88181658095958,-0.046101319794167,0.00223370654925,-0.46932845259268
3010080000000,-0.11203729820173,-2.0714996652855,1.4639288537984,0.88192460334295,-0.045998444849618,0.0016826736459099,-0.46913783230433
3010090000000,-0.11417328813051,-2.0703089362027,1.4629596337124,0.88213649600314,-0.046053897611652,0.0010556900774355,-0.46873566799695
3010100000000,-0.11633546229237,-2.0691012753827,1.4620222220511,0.88243299675525,-0.046305573749565,0.00037709027337984,-0.46815345548249
3010110000000,-0.11849572207374,-2.0678832556181,1.4610932491642,0.88277164669619,-0.046746597324837,-0.00026167366362791,-0.46747075518661
3010120000000,-0.12062490903036,-2.0666614631658,1.4601479251206,0.88310933057322,-0.047367978731255,-0.00076595187537946,-0.46676932007487
3010130000000,-0.12269359081993,-2.0654422544103,1.459161073649,0.8834033225944,-0.048160630680553,-0.0010409625471263,-0.46613092546901
3010140000000,-0.12467272349767,-2.0642310265935,1.4581081777266,0.88361224518372,-0.049114411480194,-0.00099580864253971,-0.4656352468526
3010150000000,-0.12655781528706,-2.0630244133146,1.4569916516263,0.8837234930789,-0.050194156294655,-0.00063336048947418,-0.46530950270631
3010160000000,-0.12837020435236,-2.0618106666744,1.4558420123314,0.88375400097953,-0.05133900638071,-5.2830095362387e-05,-0.46512704649966
3010170000000,-0.13013274175236,-2.0605780740026,1.4546913202537,0.8837221784433,-0.052486952697927,0.00064215669808814,-0.46505894116626
3010180000000,-0.13186911726745,-2.0593158638468,1.4535720126204,0.8836468616084,-0.053575923736069,0.0013480827141106,-0.46507636688877
3010190000000,-0.13360365422799,-2.0580146922909,1.4525159712871,0.88354708387211,-0.05454532605998,0.0019643919547919,-0.46515104982182
3010200000000,-0.13534659551876,-2.0566678597172,1.4515301254336,0.88343351318485,-0.055372579245174,0.0024587237593886,-0.46526665464772
3010210000000,-0.13709267004293,-2.0552703802561,1.4505953230192,0.8833077355432,-0.056074334639565,0.0028689043302657,-0.46541903991159
3010220000000,-0.13883567510958,-2.0538171896315,1.4496911140527,0.88317076290468,-0.056669047081262,0.0032359853591112,-0.46560450067845
3010230000000,-0.14056902565767,-2.0523029195304,1.4487968361018,0.88302346892838,-0.057175154058878,0.0036010405855578,-0.4658192649373
3010240000000,-0.14228584305752,-2.0507219227513,1.4478920772279,0.8828671819663,-0.057611140199024,0.0040037052205721,-0.46605843611757
3010250000000,-0.14398405550106,-2.0490712244253,1.4469701780532,0.88271734595873,-0.057997425519019,0.0044477265745545,-0.46629025671256
3010260000000,-0.14566693885412,-2.0473509006712,1.4460389530061,0.88260409965957,-0.058356511359293,0.0048996655878753,-0.46645526486816
3010270000000,-0.14733808004797,-2.0455612158512,1.445106878833,0.88255829263755,-0.058711074751267,0.0053243021630189,-0.46649278837376
3010280000000,-0.14900117867464,-2.0437025667205,1.4441823463516,0.88261076487781,-0.059083836792138,0.0056863998631005,-0.46634215208184
3010290000000,-0.15065982330729,-2.0417758193857,1.4432731931656,0.88279075498709,-0.059497177427844,0.0059526618288294,-0.46594542019918
3010300000000,-0.15231026199896,-2.0397873839072,1.442379571612,0.88309059677126,-0.059965711330724,0.0061366532850141,-0.46531435916512
3010310000000,-0.15394095040055,-2.0377491694377,1.4414939366701,0.88346451620492,-0.060495926785236,0.0063006082895923,-0.46453309223819
3010320000000,-0.15553981444071,-2.0356731447482,1.4406085934582,0.88386514522883,-0.061093779246522,0.006509153236907,-0.46368910501665
3010330000000,-0.15709436477247,-2.0335708127133,1.4397163049746,0.884245348443,-0.061765189473353,0.0068269569453734,-0.46286997935176
3010340000000,-0.15859198053067,-2.0314527064187,1.4388106576488,0.88455925971728,-0.062515842254442,0.0073159132634441,-0.46216140354724
3010350000000,-0.16003394383926,-2.0293233285777,1.4378891327517,0.88478857319179,-0.063342429990733,0.0079716376100779,-0.46159871133476
3010360000000,-0.16143666425456,-2.0271815105172,1.4369527423259,0.88494358546365,-0.064232216442604,0.0087208932661933,-0.46116485006801
3010370000000,-0.16281758899579,-2.0250259792567,1.4360026635554,0.8850359554076,-0.065172065260334,0.0094872370448409,-0.46084048420111
3010380000000,-0.16419485256166,-2.0228558148426,1.4350401175072,0.88507749622521,-0.066148766022425,0.010194302592315,-0.460606385783
3010390000000,-0.16558678904574,-2.0206704870342,1.4340664920515,0.88507991150565,-0.067148512391413,0.010768667847498,-0.46044398500313
3010400000000,-0.16699272510661,-2.0184666417235,1.433082985871,0.88504669142817,-0.068145804982191,0.011207526288939,-0.46035083861102
3010410000000,-0.16839131697229,-2.0162376952722,1.4320903415894,0.88497265178152,-0.069103005584874,0.011581733214413,-0.46034122525977
3010420000000,-0.16976001012674,-2.0139770233101,1.4310890234067,0.88485225954095,-0.069981903720888,0.011965676639676,-0.46043005388378
3010430000000,-0.17107582831873,-2.0116780601075,1.4300790591157,0.88467994890768,-0.070744289578651,0.012433811492639,-0.4606322110149
3010440000000,-0.17231619670528,-2.0093345862831,1.4290600409146,0.88445088493408,-0.071354531715078,0.013058188073773,-0.46096056953635
3010450000000,-0.17348202680365,-2.0069499711697,1.4280335252414,0.88418279548475,-0.071841773589232,0.013850350250225,-0.46137588963259
3010460000000,-0.17459928865832,-2.0045375900946,1.4270034206621,0.88391714049198,-0.072303130438484,0.014758340864579,-0.46178451408445
3010470000000,-0.17569521724963,-2.0021112287499,1.4259735555073,0.88369649056419,-0.072839138368028,0.015727000012333,-0.46209050407571
3010480000000,-0.17679706199447,-1.9996846979735,1.424947349768,0.8835634629934,-0.073550462233493,0.016701128907685,-0.46219801888537
3010490000000,-0.17793124363195,-1.9972713436428,1.4239274333303,0.88355867716842,-0.074534525468417,0.017627018025473,-0.46201510445993
3010500000000,-0.17910659742749,-1.9948698204761,1.4229120966764,0.88367382152677,-0.075809292844403,0.018484972538732,-0.46155371741213
3010510000000,-0.18031357727879,-1.9924632785864,1.4218957134218,0.88384946534689,-0.077309242137923,0.019291147864298,-0.46093519642153
3010520000000,-0.18154177700671,-1.9900340706459,1.4208729135798,0.88402413036754,-0.078964715583226,0.020063792671677,-0.46028616625357
3010530000000,-0.18278097296582,-1.9875643590586,1.4198392719223,0.88413685985638,-0.080706131223777,0.020821277810018,-0.4597336270239
3010540000000,-0.18402142234496,-1.9850365005154,1.4187920726844,0.88412888319695,-0.082465385717017,0.021580663204732,-0.45940162497655
3010550000000,-0.18525703022592,-1.9824477071465,1.4177347227178,0.88398499251166,-0.084204259147314,0.022332411765563,-0.4593271591582
3010560000000,-0.18648539041015,-1.9798112604375,1.4166757676652,0.88373553251561,-0.085915792815092,0.023039168529535,-0.45945530993534
3010570000000,-0.18770452093516,-1.9771414633215,1.4156236101184,0.8834129602604,-0.087594514944447,0.02366215702896,-0.45972692429347
3010580000000,-0.188912805255,-1.9744530861086,1.4145859071199,0.88304981060876,-0.08923485002616,0.024162764838959,-0.46008296460527
3010590000000,-0.19010921063425,-1.9717611397038,1.4135694149393,0.88267824728797,-0.09083052171529,0.024503710436027,-0.46046552125478
3010600000000,-0.19129412329186,-1.969071432404,1.4125813398452,0.8823166569382,-0.09236030388211,0.024673248931404,-0.46084500859114
3010610000000,-0.19246886741673,-1.9663796083312,1.4116300023149,0.88196880282589,-0.093787238345261,0.024686394571237,-0.46122181939769
3010620000000,-0.19363457081988,-1.9636808204494,1.4107236819622,0.88163781726899,-0.095073615207966,0.024559502080269,-0.46159787446437
3010630000000,-0.19479214060417,-1.9609702460158,1.4098704554454,0.88132684990238,-0.096181699785815,0.024308960832106,-0.46197525766075
3010640000000,-0.19594252062738,-1.9582434030575,1.409077876608,0.881039395909,-0.097076262420715,0.023951295929491,-0.46235496921092
3010650000000,-0.19708798129403,-1.9555016789458,1.4083468508681,0.88078801840577,-0.097787202948158,0.023506786122756,-0.46270677602408
3010660000000,-0.19823197782527,-1.9527524957021,1.40767140765,0.88059483872431,-0.098413395275267,0.022999547404742,-0.46296712028142
3010670000000,-0.19937753691291,-1.9500033578442,1.4070451065385,0.88048233650531,-0.099056910694975,0.022453726202148,-0.46307063578396
3010680000000,-0.20052665240263,-1.9472613902721,1.406461144107,0.88047277381919,-0.099819712804368,0.021893457337291,-0.46295182905418
3010690000000,-0.20167979892304,-1.9445332024627,1.4059119461499,0.88058673830985,-0.10080096374752,0.021342772522784,-0.46254799543553
3010700000000,-0.2028364374624,-1.9418254213886,1.4053874180556,0.88081335766706,-0.10202869294655,0.020820820414092,-0.46187061847252
3010710000000,-0.20399632645259,-1.9391450863104,1.4048755861288,0.88110886420734,-0.10345537302232,0.020341662596582,-0.46101016471534
3010720000000,-0.20515969858668,-1.9364993088093,1.4043649970738,0.88142825999049,-0.105029872987,0.01991934522467,-0.46006104807545
3010730000000,-0.20632743362419,-1.9338952487031,1.4038452515537,0.88172714172108,-0.10670104915154,0.019567975850166,-0.45911788026984
3010740000000,-0.20750087886813,-1.9313393475157,1.4033076835135,0.8819627493421,-0.10841761980823,0.019301172681732,-0.45827370993889
3010750000000,-0.20867657837646,-1.9288193607211,1.4027540254308,0.88211805030638,-0.11012573642746,0.019124172513494,-0.45757440217484
3010760000000,-0.20984534800024,-1.9263031999378,1.4021959136532,0.88220314816762,-0.1117688527574,0.019033429273537,-0.4570153799234
3010770000000,-0.21099758098685,-1.9237579938275,1.4016451403631,0.8822296854388,-0.11329030515578,0.019024970717758,-0.45658968382723
3010780000000,-0.21212388974012,-1.9211511788891,1.4011131414244,0.88220952960799,-0.11463344223244,0.019094955644485,-0.45629037077252
3010790000000,-0.21321588604738,-1.91845151588,1.4006106729658,0.88215499176926,-0.11574397411699,0.019239074768752,-0.45610937389428
3010800000000,-0.21427504067174,-1.9156517226674,1.4001398021082,0.88208579873984,-0.11662901332681,0.019436459706083,-0.45600936497621
3010810000000,-0.21531281602963,-1.9127697709676,1.3996935599762,0.88202929376846,-0.11736135501095,0.019648316582791,-0.45592168290154
3010820000000,-0.21634103591135,-1.9098247286151,1.399264446646,0.88201289187342,-0.11801701655493,0.019834873080408,-0.45577606363482
3010830000000,-0.21737106791606,-1.9068354940512,1.398844620787,0.88206378742533,-0.11867199879496,0.019956359071023,-0.45550211343914
3010840000000,-0.21841330599991,-1.9038205328597,1.3984258022594,0.88220779982225,-0.1194003547741,0.019974164225697,-0.45503185160611
3010850000000,-0.21947023829363,-1.9007912966822,1.3980043402842,0.88244082509958,-0.12022672822131,0.019878257718715,-0.45436612867691
3010860000000,-0.22053641103718,-1.8977518171549,1.3975822038342,0.8827269618295,-0.12112283107627,0.01968930944933,-0.45357987361074
3010870000000,-0.22160601710585,-1.894705722032,1.3971620403176,0.88302898964141,-0.12205783120889,0.019429607452416,-0.45275178591331
3010880000000,-0.22267332109967,-1.8916565497161,1.3967473076566,0.88331001710424,-0.12300099084332,0.019121454705066,-0.4519607725288
3010890000000,-0.22373302365586,-1.8886076206791,1.3963424069068,0.88353457705463,-0.12392202498238,0.018786330860386,-0.45128378726247
3010900000000,-0.22478816304588,-1.8855595947404,1.3959456632863,0.8836958823087,-0.12480060115802,0.018426363914794,-0.45074035392244
3010910000000,-0.22585067608153,-1.8825103593469,1.3955478422215,0.88381768975925,-0.12562704625954,0.018022872771696,-0.45028803290092
3010920000000,-0.22693301309891,-1.8794577027375,1.3951390606854,0.88392511169052,-0.12639218333531,0.017556067495962,-0.44988131480282
3010930000000,-0.22804778389409,-1.8763995263628,1.3947088761632,0.88404312684756,-0.12708682999343,0.017006171484787,-0.44947466852675
3010940000000,-0.22920746435322,-1.8733341578903,1.3942466791941,0.88419613463386,-0.12770247744802,0.016354251029475,-0.44902317448595
3010950000000,-0.23041291960629,-1.8702650467497,1.393757804035,0.88439637027791,-0.12824796983549,0.015601316007865,-0.44849985218633
3010960000000,-0.23165200954718,-1.8672009202344,1.393265395793,0.88464301936055,-0.12875080762155,0.014769841505694,-0.44789709712761
3010970000000,-0.23291151228994,-1.8641506000187,1.3927934776506,0.88493461035741,-0.12923935221798,0.013883384482855,-0.44720820303876
3010980000000,-0.23417754510935,-1.8611226158565,1.3923660445918,0.88526964281279,-0.12974192641197,0.012965480634253,-0.4464264646691
3010990000000,-0.23543582782314,-1.8581249750591,1.3920061737659,0.88564610055425,-0.13028597239327,0.012038879168428,-0.44554642334886
3011000000000,-0.23668235154501,-1.8551609146008,1.391715166767,0.88604980615675,-0.13087515243127,0.011106714738583,-0.44459428288429
3011010000000,-0.23792495215027,-1.8522288209971,1.3914709844517,0.88645354875575,-0.1314875230649,0.01015096556994,-0.44363058401624
3011020000000,-0.23917233721532,-1.8493269545797,1.391250802737,0.88682962783918,-0.13210009536454,0.0091526050573508,-0.44271774960122
3011030000000,-0.24043357392626,-1.8464537017904,1.3910325236689,0.88715053640365,-0.13268997813757,0.0080926371078072,-0.44191832354544
3011040000000,-0.241717804769,-1.8436073446904,1.3907958291596,0.88739003236501,-0.13323467353575,0.0069530686295689,-0.44129254136421
3011050000000,-0.24302423348731,-1.8407804359719,1.3905394898042,0.88755096816439,-0.13372458131975,0.0057432319609738,-0.44083787331394
3011060000000,-0.24434078054832,-1.8379591858401,1.3902818635079,0.88766770007482,-0.13416405312739,0.0045021102957213,-0.44048358890564
3011070000000,-0.24565451928463,-1.8351294353193,1.3900416138502,0.88777620071449,-0.1345579368729,0.0032701174082886,-0.44015552410665
3011080000000,-0.24695216788095,-1.8322769710554,1.3898362214544,0.88791247751677,-0.13491110293203,0.0020876736164643,-0.43977956773202
3011090000000,-0.24822031529425,-1.8293880203829,1.3896808003733,0.88811138557383,-0.13522918187592,0.00099421511753822,-0.43928378836421
3011100000000,-0.24945243247288,-1.8264624259096,1.3895706899937,0.88837731400861,-0.13553222655427,9.9699068352598e-07,-0.43865335233998
3011110000000,-0.25064986737686,-1.8235149409685,1.3894811900748,0.88868150211746,-0.13585588380263,-0.00091141167049603,-0.43793553858898
3011120000000,-0.25181444170399,-1.8205611179236,1.3893871217162,0.88899353073905,-0.13623668018537,-0.0017638755758415,-0.43718069264222
3011130000000,-0.25294789699479,-1.8176164789824,1.3892642580408,0.88928302728825,-0.13671109976179,-0.0025772233660896,-0.4364391486779
3011140000000,-0.25405187536813,-1.8146962497652,1.3890905137042,0.88952032453812,-0.13731436976531,-0.0033713172076202,-0.43576024406758
3011150000000,-0.25513322758972,-1.811811043222,1.3888674124261,0.88969420628568,-0.1380518112144,-0.0041379421162888,-0.43516524925269
3011160000000,-0.25620476532194,-1.8089665353777,1.3886212577336,0.88981370268979,-0.13889615399357,-0.0048381243709934,-0.43464471176336
3011170000000,-0.25727966752533,-1.8061681286479,1.3883794420591,0.88988901054393,-0.13981843969957,-0.0054313384281573,-0.43418757858328
3011180000000,-0.25837132520346,-1.8034212960753,1.3881689416048,0.88993046705799,-0.14078973633638,-0.005876998151647,-0.43378275073706
3011190000000,-0.25949284927735,-1.8007312633265,1.3880152425465,0.88994840477337,-0.14178165843097,-0.0061360055761786,-0.43341913618283
3011200000000,-0.26064252689454,-1.7980940726055,1.3879204309687,0.88995069450852,-0.14277882009977,-0.0062123330248186,-0.43308587692641
3011210000000,-0.26180230921583,-1.7954957241374,1.3878614367622,0.88994238712681,-0.14378004885107,-0.006157268205676,-0.43277238035215
3011220000000,-0.26295351616534,-1.7929219123903,1.3878139550061,0.88992829664473,-0.14478490855896,-0.006024531712137,-0.43246810530053
3011230000000,-0.26407778587553,-1.7903585697173,1.3877538709843,0.88991324364755,-0.14579295180155,-0.0058678395479843,-0.43216247227719
3011240000000,-0.26515779566261,-1.7877921876345,1.387658020389,0.8899019424216,-0.14680357560373,-0.0057395358800627,-0.43184522782138
3011250000000,-0.26619349802495,-1.7852183995445,1.3875216958207,0.88989415252115,-0.1478127751946,-0.0056549808173726,-0.43151802046947
3011260000000,-0.2672035029983,-1.7826426306528,1.387360297689,0.88988415732372,-0.1488128271658,-0.0055888586447328,-0.43119565590835
3011270000000,-0.26820732756055,-1.7800706564661,1.3871902968061,0.88986602099743,-0.14979580688337,-0.0055137334249846,-0.43089358275343
3011280000000,-0.26922439846674,-1.7775081300684,1.3870281874253,0.8898338456172,-0.15075379399486,-0.0054021590842763,-0.43062726047881
3011290000000,-0.27027360253081,-1.7749604624226,1.386890029114,0.88978184436861,-0.15167897412196,-0.0052274323660508,-0.43041193314332
3011300000000,-0.27136212439228,-1.7724287907983,1.3867797690213,0.8897072792147,-0.15256595585445,-0.0049828393463745,-0.43025545637289
3011310000000,-0.27248434081678,-1.769909613068,1.3866879786641,0.88961078458015,-0.15341200455022,-0.0046836869995504,-0.43015749661567
3011320000000,-0.2736339983355,-1.7673992421486,1.3866045259058,0.88949316852888,-0.15421451245847,-0.004346400229713,-0.43011730503746
3011330000000,-0.27480491661367,-1.7648940302544,1.3865193012066,0.8893552599993,-0.15497086115557,-0.003987375855426,-0.43013411226972
3011340000000,-0.27599114292871,-1.7623903893049,1.3864226439194,0.88919816925818,-0.15567867587717,-0.0036226061726579,-0.43020651132863
3011350000000,-0.27718974054102,-1.7598847458448,1.3863152644131,0.88902997499785,-0.15634263953579,-0.003257463935821,-0.43031624597152
3011360000000,-0.27840096545856,-1.7573735021952,1.3862092370849,0.88886642750262,-0.156975271721,-0.0028856358489248,-0.43042642952379
3011370000000,-0.2796251616313,-1.7548530304438,1.386117086125,0.88872365247943,-0.15758953548569,-0.0025002631820424,-0.43049919455563
3011380000000,-0.28086253037662,-1.7523196543919,1.3860510198558,0.88861775269102,-0.15819839957136,-0.0020944996146683,-0.43049665393217
3011390000000,-0.28211318801875,-1.7497695909442,1.3860223337782,0.88856403026031,-0.15881457821987,-0.0016618098128878,-0.43038254177017
3011400000000,-0.28337985148269,-1.7471988313192,1.3860312211738,0.88855650132721,-0.15944440844905,-0.0012055573501984,-0.43016667838752
3011410000000,-0.28466826509544,-1.7446031645856,1.3860660878593,0.888565621327,-0.16008714279125,-0.00074006088807223,-0.42991010178708
3011420000000,-0.2859843202967,-1.741978351832,1.3861150368907,0.88856068696612,-0.16074161745171,-0.00028011294617654,-0.42967657550074
3011430000000,-0.28733391811348,-1.7393201551735,1.3861668609386,0.8885110690133,-0.16140667369046,0.00015951329815225,-0.42952990639131
3011440000000,-0.2887228022965,-1.7366245193433,1.3862118203308,0.8883871428446,-0.16208103365903,0.00056463373123251,-0.42953195939905
3011450000000,-0.2901515810825,-1.733891740578,1.3862512387658,0.8881865707502,-0.16275859952819,0.0009397137188723,-0.42968985414686
3011460000000,-0.29161513643722,-1.7311269635689,1.3862977026902,0.88793740631567,-0.16342790056513,0.0013100132286694,-0.42994972688399
3011470000000,-0.29310808906016,-1.7283356301714,1.3863639643907,0.88766933045764,-0.16407725177778,0.0017018251421469,-0.43025448167929
3011480000000,-0.29462511457476,-1.7255232139499,1.3864619014768,0.88741209206046,-0.16469498744177,0.0021414669657909,-0.43054704051436
3011490000000,-0.29616113639241,-1.7226952260606,1.386601712313,0.88719462072569,-0.16526983775534,0.0026546622607457,-0.43077202607877
3011500000000,-0.2977158831853,-1.7198580102379,1.386781991591,0.88702103041492,-0.1658031390554,0.0032478535913214,-0.43092048237241
3011510000000,-0.29929437504165,-1.7170188263608,1.3869895440242,0.8868676532522,-0.16631030668113,0.0039059064109461,-0.43103525540456
3011520000000,-0.30090187501503,-1.7141849233766,1.387210892624,0.88670931240528,-0.16680741443564,0.0046125973852643,-0.43116192518404
3011530000000,-0.30254353465814,-1.7113634997968,1.3874332475474,0.88652080617268,-0.1673105155757,0.0053517067714777,-0.43134604534569
3011540000000,-0.30422407081777,-1.7085614810636,1.3876452832693,0.88627792666462,-0.1678354580976,0.0061071080569757,-0.43163109126129
3011550000000,-0.30594098700145,-1.7057796190925,1.3878491497396,0.88598566968293,-0.16839069965907,0.006866437185909,-0.43200326089649
3011560000000,-0.30768390482286,-1.7030118524864,1.3880611766594,0.88568185045563,-0.16897647873467,0.0076214925875047,-0.43238469244257
3011570000000,-0.30944211342986,-1.7002518598779,1.3882981260097,0.88540614794577,-0.16959276716129,0.0083641605905972,-0.43269421919413
3011580000000,-0.3112050367807,-1.6974933699251,1.3885760583256,0.88519836317053,-0.17023959749172,0.0090862810571269,-0.43285075578381
3011590000000,-0.3129625417287,-1.6947301790259,1.3889090866928,0.8850970245116,-0.17091715093307,0.0097798642115001,-0.43277585303901
3011600000000,-0.31471323448026,-1.691958711177,1.3892869976996,0.88510266931259,-0.1716322971518,0.010439842566739,-0.43246575475673
3011610000000,-0.31646540261444,-1.6891784162648,1.3896733470631,0.88517310439476,-0.17239944976283,0.011064461027389,-0.43200067439738
3011620000000,-0.31822776407066,-1.6863890032056,1.3900307805746,0.88526385570512,-0.17323334230448,0.011652301836543,-0.4314653389996
3011630000000,-0.32000891759345,-1.6835903047454,1.3903229399072,0.8853305116727,-0.17414876493822,0.01220197229374,-0.43094454938425
3011640000000,-0.32181683234985,-1.6807820467416,1.3905159670801,0.88533013072185,-0.17515967561097,0.012711799140716,-0.43052068224243
3011650000000,-0.3236473704262,-1.6779598041695,1.3906063067244,0.88526009480239,-0.17625178685939,0.013176290326458,-0.43020490182303
3011660000000,-0.32548297434879,-1.6751145551284,1.3906231699501,0.88516325147231,-0.17737891991926,0.013585651646671,-0.42992809524452
3011670000000,-0.32730553201651,-1.6722372200746,1.3905970328766,0.8850849751131,-0.178493282914,0.013929634516132,-0.42961692246217
3011680000000,-0.32909739635557,-1.6693191011033,1.3905574106667,0.8850707359176,-0.17954710965545,0.014197951299663,-0.42919814307093
3011690000000,-0.3308421005451,-1.6663524620383,1.3905317509086,-0.88516476195491,0.18049354541753,-0.014380977374961,0.42860076031857
3011700000000,-0.33253422298846,-1.6633416752912,1.3905283170453,-0.88537459533174,0.18131366562185,-0.014483367908195,0.42781703174834
3011710000000,-0.33418006914206,-1.6603042924202,1.3905350609486,-0.88566635424265,0.18202016289177,-0.014525808257173,0.42691072855794
3011720000000,-0.3357863853044,-1.6572584179656,1.3905393196227,-0.88600402784417,0.18262741736648,-0.01452990778329,0.42594949330851
3011730000000,-0.33735946723879,-1.6542218999445,1.3905292751799,-0.8863517739996,0.18314987097707,-0.01451718378761,0.42500106925009
3011740000000,-0.33890493067651,-1.6512120765917,1.3904945038025,-0.88667423513531,0.18360222554622,-0.014509267041692,0.42413264987689
3011750000000,-0.34042586759604,-1.6482406451336,1.3904328395697,-0.88694467248549,0.18400378613065,-0.014536392544443,0.42339160115782
3011760000000,-0.34192294151263,-1.6453131047846,1.3903505381648,-0.88714599834619,0.18437892909199,-0.014638765367983,0.42280266635126
3011770000000,-0.34339652542593,-1.642434510905,1.3902542225584,-0.88726160513568,0.18475221225145,-0.014857197571707,0.42238930834073
3011780000000,-0.3448466373595,-1.6396097169964,1.390150405413,-0.88727475272907,0.18514812781339,-0.015232523970803,0.42217490942766
3011790000000,-0.34627240412556,-1.6368430036623,1.3900455392127,-0.88716934451488,0.18559032452468,-0.015804265819523,0.42218125346558
3011800000000,-0.3476638217245,-1.6341307175537,1.3899460959744,-0.88695535633173,0.18607873672739,-0.01657403699603,0.4223863171435
3011810000000,-0.34900112547456,-1.6314606189999,1.3898585562352,-0.88667268836847,0.18658643666802,-0.017500298562645,0.42271832808997
3011820000000,-0.35026434956309,-1.6288203534523,1.3897892668281,-0.88636302548529,0.18708519866704,-0.01853912645846,0.42310284362367
3011830000000,-0.35143415701203,-1.6261980198851,1.3897441750595,-0.88606835822057,0.18754688895716,-0.019646628067878,0.4234655110022
3011840000000,-0.35249243520594,-1.6235823117873,1.3897283880799,-0.88583047083248,0.18794393134456,-0.020780212626433,0.42373298004599
3011850000000,-0.35343288877262,-1.6209651366607,1.3897433745187,-0.88567469779575,0.18826638980366,-0.021933556456029,0.42385730529966
3011860000000,-0.35426194790275,-1.6183416883727,1.3897871839162,-0.88560719969203,0.18852460654397,-0.023141635745134,0.42381933093728
3011870000000,-0.354986567471,-1.6157072237641,1.3898577649109,-0.88563281329685,0.18873009411488,-0.024441648281536,0.42360131895046
3011880000000,-0.35561341828845,-1.6130568730988,1.3899531158924,-0.88575604878285,0.18889440914229,-0.025870766279467,0.42318533492016
3011890000000,-0.35614883926011,-1.6103858046194,1.3900708832722,-0.88598037144708,0.18902935491562,-0.027464943933009,0.42255456599762
3011900000000,-0.35660079907995,-1.6076941673768,1.3902034274406,-0.88628910824826,0.18915474607417,-0.029224675343895,0.42173216262121
3011910000000,-0.35697942792239,-1.6049879576658,1.390337485714,-0.88664300464502,0.1892994751097,-0.031109959285979,0.42078743026671
3011920000000,-0.35729490479444,-1.6022736002363,1.3904600530511,-0.88700195700956,0.18949279918351,-0.03307869650709,0.41979257634718
3011930000000,-0.35755730336038,-1.5995576532101,1.3905592439631,-0.8873263641141,0.18976405805628,-0.035088855172915,0.41882012614094
3011940000000,-0.35777632263737,-1.5968465964997,1.3906249991452,-0.88757796923859,0.19014216654946,-0.037098796151855,0.41794136472269
3011950000000,-0.35795570175143,-1.5941414375252,1.390656033547,-0.887742999856,0.19063416494737,-0.039079734867214,0.41718551710743
3011960000000,-0.35809257312571,-1.5914368381257,1.3906597363824,-0.88783540345434,0.19122171781387,-0.041017703577393,0.41653343083433
3011970000000,-0.35818389254624,-1.5887271252413,1.3906437181263,-0.8878706348588,0.19188513547701,-0.042899537363084,0.41596329192903
3011980000000,-0.35822694818528,-1.5860066679459,1.3906151823203,-0.88786414862345,0.19260464956272,-0.044712132099977,0.41545340027378
3011990000000,-0.35821951282873,-1.5832699166751,1.3905805478736,-0.88783127216458,0.19336004132438,-0.046442232535719,0.41498270520921
3012000000000,-0.35816082732101,-1.5805124094048,1.3905371146142,-0.887782845605,0.19412219166101,-0.048069102826786,0.4145449976874
3012010000000,-0.35805139479046,-1.5777309485663,1.3904720308769,-0.88772468930206,0.19485188846862,-0.049563303022834,0.414151055241
3012020000000,-0.35789179589029,-1.5749224566109,1.3903718495357,-0.88766259348927,0.19550939542361,-0.050894913939397,0.41381264378472
3012030000000,-0.35768288180845,-1.5720838507856,1.3902231237332,-0.88760251248212,0.19605500273452,-0.052034046124484,0.41354162279281
3012040000000,-0.35742613148917,-1.5692118539989,1.3900129424141,-0.8875505237036,0.19644985430916,-0.052951396675344,0.41334933434749
3012050000000,-0.35712242810602,-1.5662994344589,1.3897418768257,-0.8875148137608,0.19668059933894,-0.05363482802913,0.41322814814711
3012060000000,-0.356771219493,-1.5633353032918,1.3894258927049,-0.88750586483751,0.19676334982606,-0.054091996803301,0.41314837519478
3012070000000,-0.35637162302761,-1.5603079027953,1.3890815982022,-0.88753406019777,0.19671582731826,-0.054331652717427,0.41307898371177
3012080000000,-0.35592228084104,-1.5572057156999,1.3887251720537,-0.88760960186432,0.19655569516031,-0.054362544850987,0.41298882199842
3012090000000,-0.35542144673249,-1.5540176246888,1.3883717924649,-0.88774218353653,0.19630083503879,-0.054193766284724,0.4128472277111
3012100000000,-0.35487061964602,-1.5507421131992,1.388025384138,-0.88793041598604,0.19597755078391,-0.053845197236845,0.41264157654085
3012110000000,-0.35427532649314,-1.5473887203285,1.3876774208752,-0.88816016750027,0.19562193345018,-0.053349252817034,0.41238020471764
3012120000000,-0.35364099423904,-1.5439676421148,1.38731878546,-0.88841664822193,0.19527062713669,-0.05273907795498,0.41207260403503
3012130000000,-0.35297233955828,-1.540489184371,1.3869405818385,-0.88868517194327,0.19496030138399,-0.052047843749547,0.41172826963114
3012140000000,-0.35227289553926,-1.5369637663732,1.386534485352,-0.88895143022045,0.19472646303305,-0.051308178518209,0.41135681606215
3012150000000,-0.35154133611403,-1.5334005101766,1.3861007754884,-0.88920917679899,0.19456786238307,-0.050535934289741,0.41097020107254
3012160000000,-0.35077162011723,-1.5298068236673,1.3856494838871,-0.88946140845319,0.19444049781925,-0.049727424613784,0.41058309624428
3012170000000,-0.34995762764362,-1.5261899245746,1.3851912207528,-0.88971157689844,0.19429799288026,-0.048877815646379,0.41021038386813
3012180000000,-0.34909372025941,-1.5225568596423,1.3847367221021,-0.88996309624715,0.19409398444665,-0.04798226637203,0.40986694747639
3012190000000,-0.34817517058536,-1.5189140270179,1.3842966379232,-0.89021925920363,0.19378322969334,-0.04703641273278,0.40956721830462
3012200000000,-0.34720076747047,-1.5152560449884,1.3838713742086,-0.8904802170296,0.1933556384423,-0.046049589319752,0.4093140792655
3012210000000,-0.34617265287825,-1.5115640397695,1.3834490909763,-0.89074254180523,0.19284214213269,-0.045047087166275,0.4090970451786
3012220000000,-0.34509300021014,-1.5078184514665,1.383017133726,-0.89100272564975,0.19227599226017,-0.04405512298373,0.40890491782805
3012230000000,-0.34396345647244,-1.5039998905587,1.3825626349406,-0.89125738588056,0.19169048196476,-0.043099904549597,0.40872659500611
3012240000000,-0.34278475663614,-1.5000898557022,1.3820729450506,-0.89150335552245,0.19111852720241,-0.042207355109468,0.40855111654096
3012250000000,-0.34155660380412,-1.4960883272604,1.3815501004841,-0.89174065324626,0.19057917484922,-0.04139546641532,0.40836821720351
3012260000000,-0.34027824368511,-1.4920166275395,1.3810135331757,-0.89197294202239,0.19007516028994,-0.040672998245818,0.40816836153034
3012270000000,-0.33894881905572,-1.4878972549682,1.3804836352427,-0.89220408057439,0.18960825730537,-0.040048206162452,0.40794206518964
3012280000000,-0.33756747698394,-1.4837526600329,1.3799806935994,-0.89243790773212,0.18918021211286,-0.039529355098438,0.40767984776434
3012290000000,-0.33613325385039,-1.4796047693422,1.3795242141258,-0.89267831024123,0.18879253635952,-0.039124255219131,0.40737219504202
3012300000000,-0.33464198038609,-1.4754588165998,1.3791150746343,-0.89293160210643,0.18843959541905,-0.038826548221721,0.40700881070455
3012310000000,-0.3330858997385,-1.4713004137307,1.3787324660773,-0.89320691441462,0.18810735777867,-0.03861325449417,0.40657846299184
3012320000000,-0.33145735829724,-1.4671139951914,1.3783542989718,-0.89351344702381,0.18778129794955,-0.038460444405163,0.40606981954359
3012330000000,-0.32974922112523,-1.4628838661595,1.3779583487766,-0.89386030735492,0.18744685772784,-0.038344197139074,0.40547151442374
3012340000000,-0.32795536933527,-1.4585944468345,1.3775225570862,-0.89425596267657,0.18708954510466,-0.038241072111852,0.40477326459843
3012350000000,-0.32608041299903,-1.4542402156908,1.3770400641515,-0.89469161786483,0.18669860670327,-0.038142313513298,0.40399963254602
3012360000000,-0.3241409643685,-1.4498276658837,1.3765224019244,-0.89513834729412,0.1862677640286,-0.03805637288388,0.40321628410849
3012370000000,-0.32215423770148,-1.4453639312549,1.3759827135672,-0.89556628163102,0.1857910297095,-0.037992591263951,0.4024913558005
3012380000000,-0.32013731494538,-1.44085602571,1.3754353644112,-0.89594575390621,0.18526244585734,-0.037960263129699,0.40189308358755
3012390000000,-0.31810673319346,-1.4363108480624,1.3748965464775,-0.896248000978,0.18467620738482,-0.037968537384979,0.40148799401444
3012400000000,-0.31606619301398,-1.4317370790916,1.3743784029703,-0.8964687320709,0.18403057183253,-0.038020622906226,0.40128667219832
3012410000000,-0.31400432348259,-1.4271456776915,1.3738862129066,-0.89663240769156,0.18332856713096,-0.038112694754237,0.40123357841726
3012420000000,-0.31190885871579,-1.4225477938674,1.3734241142063,-0.89676503017222,0.18257348492296,-0.038240587833399,0.40126931194082
3012430000000,-0.30976752239796,-1.4179547035223,1.3729947678511,-0.89689255417469,0.18176860940168,-0.03840011456943,0.40133446164419
3012440000000,-0.30756846566352,-1.413377584662,1.3725987828805,-0.89704068649491,0.18091758923417,-0.03858668773102,0.40137002903602
3012450000000,-0.30531250936226,-1.4088197533568,1.3722353451701,-0.89722738302498,0.18003621816156,-0.03878648121515,0.40132977982598
3012460000000,-0.30301541084248,-1.4042751133452,1.3719037053349,-0.89746146529869,0.17915472709337,-0.038974931994816,0.40118257282691
3012470000000,-0.30069370505154,-1.3997371262942,1.3716030092859,-0.8977512875913,0.17830423568156,-0.039126986998418,0.40089812178981
3012480000000,-0.29836369424023,-1.3951994154772,1.3713320120678,-0.89810521621917,0.17751589702579,-0.039217689298968,0.40044612590098
3012490000000,-0.29604085010973,-1.3906558326693,1.3710886074013,-0.89853097406816,0.17681938572135,-0.039222867864094,0.39979814920753
3012500000000,-0.2937263338211,-1.3861001785171,1.3708706266009,-0.89901755081093,0.17619741445659,-0.039143629373948,0.39898582775854
3012510000000,-0.2914047511474,-1.3815258557473,1.3706770386123,-0.89953183097069,0.17557691944013,-0.039010919660938,0.39811226881075
3012520000000,-0.28906005781057,-1.3769259300219,1.3705079265265,-0.90003958905311,0.17488161139403,-0.038857090709233,0.39728489353983
3012530000000,-0.28667694672769,-1.3722929233056,1.3703656890342,-0.90050677884675,0.17403526489149,-0.0387144018459,0.39661122388924
3012540000000,-0.2842418916315,-1.3676188211181,1.3702562046175,-0.90090022056588,0.17296423649647,-0.038614695192148,0.39619574807506
3012550000000,-0.28175883954513,-1.3629042286195,1.3701810028473,-0.90121395562478,0.17167676585661,-0.038569545406375,0.39604656849833
3012560000000,-0.27925103420535,-1.3581609922972,1.3701325553809,-0.90147469149523,0.17027870183123,-0.038566343266745,0.39605704319364
3012570000000,-0.27674195568431,-1.3534022421408,1.3701013640673,-0.90171138758659,0.16888167494626,-0.038591376764295,0.39611394699437
3012580000000,-0.27425333700916,-1.3486421336502,1.3700750523266,-0.9019535089239,0.16759742247287,-0.038630922853557,0.39610430888819
3012590000000,-0.27180389831129,-1.3438958881379,1.3700373552134,0.90223042412493,-0.16653520804123,0.038671079013107,-0.39591771103852
3012600000000,-0.26939666520307,-1.3391687950688,1.3699782321431,0.90255403190989,-0.16572121566206,0.0387023580602,-0.39551842642697
3012610000000,-0.26701853441303,-1.3344528305922,1.3698991170907,0.9029149076294,-0.16508221846178,0.038720786241441,-0.39495978458721
3012620000000,-0.26465631951538,-1.3297387121386,1.3698030382944,0.9033021426741,-0.16453911370764,0.038722574011452,-0.3943002426611
3012630000000,-0.26229836625895,-1.3250163117824,1.3696946719018,0.90370473650018,-0.16401278938703,0.038703973796024,-0.39359821716698
3012640000000,-0.25993554896073,-1.3202747282984,1.3695807927866,0.90411188408505,-0.16342556059308,0.038661428549117,-0.39291103464215
3012650000000,-0.25757282984048,-1.3155130538593,1.3694652268012,0.90451983245285,-0.1627462359527,0.038590843694945,-0.39226047744528
3012660000000,-0.25523006009724,-1.3107435024843,1.3693462741293,0.90493328344062,-0.16199940328562,0.038487305086106,-0.39162567995943
3012670000000,-0.25292759065589,-1.3059793339066,1.3692216933433,0.90535743737934,-0.16121295470688,0.0383459180302,-0.39098322775666
3012680000000,-0.25068516666243,-1.3012341967827,1.3690887689003,0.90579750357567,-0.16041479491432,0.03816178793962,-0.39030968990012
3012690000000,-0.24852143290854,-1.2965219020408,1.3689440675416,0.90625849948453,-0.15963190979754,0.037930124380351,-0.38958245744763
3012700000000,-0.24644324529889,-1.2918472467879,1.3687851775419,0.90673900046869,-0.15886069741586,0.037652003174977,-0.38880585193962
3012710000000,-0.2444439771502,-1.2872038214752,1.3686117415626,0.90722982615117,-0.15806076466119,0.037335520881303,-0.38801661832577
3012720000000,-0.24251639727572,-1.2825844595131,1.3684239004219,0.90772132510598,-0.15718956074188,0.036989016827968,-0.38725347070843
3012730000000,-0.24065368994909,-1.2779818120843,1.3682225843204,0.90820382673581,-0.15620455731502,0.036620763455337,-0.38655512551303
3012740000000,-0.23884998907261,-1.2733885173732,1.3680097655091,0.90866800316312,-0.15506474328213,0.036238984863585,-0.38595870426052
3012750000000,-0.23710643892857,-1.2688069594169,1.3677822951141,0.90911760131585,-0.15377943348332,0.035847538741945,-0.38545042065279
3012760000000,-0.23543162913146,-1.2642518267076,1.3675295432079,0.90957229180951,-0.15241866271433,0.03544515195391,-0.38495511222964
3012770000000,-0.23383384269415,-1.2597389444545,1.3672398122705,0.91005286898883,-0.1510560374838,0.035030606328955,-0.38439394610884
3012780000000,-0.23232009731199,-1.2552848106141,1.3669000667889,0.91058028307806,-0.14976517218847,0.034602792886213,-0.3836881389792
3012790000000,-0.23089568452495,-1.2509063324342,1.3664954907663,0.91117480809573,-0.14861804048872,0.034160677341177,-0.38276127711225
3012800000000,-0.22956393289094,-1.2466067983822,1.3660208026124,0.91183313051773,-0.1476301505649,0.033713290977416,-0.38161380313859
3012810000000,-0.22832750400047,-1.2423721735877,1.3654845593188,0.91252353200104,-0.14674861596819,0.033281923747641,-0.38033927066163
3012820000000,-0.22718954186632,-1.2381871301597,1.3648971272111,0.91321283538149,-0.14591648446665,0.032888311467974,-0.3790370111535
3012830000000,-0.22615395054751,-1.2340358954162,1.3642707682563,0.91386824697021,-0.14507681544977,0.032554237123002,-0.37780651985361
3012840000000,-0.22522536618612,-1.2299023270155,1.3636202523586,0.91445812139335,-0.14417372164924,0.03230136503546,-0.37674514465404
3012850000000,-0.2244024286481,-1.2257790686053,1.3629550069979,0.91497669356548,-0.14318663350947,0.032135461082479,-0.37587571131588
3012860000000,-0.22367564543058,-1.2216700232489,1.3622752435679,0.91544920615617,-0.14213783374332,0.032042722984343,-0.37513044540605
3012870000000,-0.22303489987486,-1.2175798971259,1.3615798501554,0.91590252614472,-0.14105215137917,0.032008331823741,-0.37443600239146
3012880000000,-0.22246987775596,-1.2135136658268,1.3608663088877,0.91636333647412,-0.13995437852075,0.032017439118199,-0.37371900017419
3012890000000,-0.22197031206001,-1.2094766974363,1.3601301607098,0.91685771330122,-0.13886894744554,0.032055119788633,-0.37290725159317
3012900000000,-0.22153589534422,-1.2054746860694,1.3593663358714,0.91739654989636,-0.13780973001246,0.0321113146669,-0.37196896647773
3012910000000,-0.22117865967575,-1.2015134325656,1.3585709287247,0.91797240439534,-0.13677779484877,0.03218213840218,-0.37092156795314
3012920000000,-0.22091138401601,-1.1975988166892,1.3577404877997,0.91857677924178,-0.13577344691338,0.032264089276446,-0.36978547874979
3012930000000,-0.22074686872022,-1.1937367356848,1.3568721702945,0.91920124727327,-0.13479700006202,0.03235373716872,-0.36858115995904
3012940000000,-0.2206976516121,-1.1899328788532,1.3559640637747,0.91983744486953,-0.13384864354597,0.032447874690586,-0.36732921346505
3012950000000,-0.22076635990562,-1.1861882576781,1.3550222005125,0.92047631341839,-0.13292417664941,0.032547586866528,-0.36605351287337
3012960000000,-0.22094353336974,-1.1824981216186,1.3540617720465,0.9211079382139,-0.13201401150522,0.032659052134288,-0.364781925593
3012970000000,-0.22121906087404,-1.178857164543,1.3530986513548,0.92172246478522,-0.13110821156848,0.032788671226849,-0.36354262172234
3012980000000,-0.22158292812606,-1.1752599028746,1.3521490217843,0.92231014935694,-0.13019683693835,0.03294282799928,-0.36236382563364
3012990000000,-0.22202540111331,-1.1717007347311,1.3512293247073,0.92286155303745,-0.12926999564339,0.033127761344182,-0.3612732671815
3013000000000,-0.22254307491537,-1.1681756163923,1.3503481119365,0.92337451482013,-0.12831869156618,0.033342554868359,-0.36028057512207
3013010000000,-0.22314024504388,-1.1646826003197,1.3495036825581,0.92385567493908,-0.1273350041572,0.033577423196066,-0.35937312816994
3013020000000,-0.22382173735051,-1.1612200000083,1.3486934740268,0.92431211576039,-0.12631108144134,0.033822008330569,-0.3585368811101
3013030000000,-0.22459251062063,-1.1577862975944,1.3479145750517,0.92475082652319,-0.12523904330776,0.034065891802784,-0.35775774749364
3013040000000,-0.22545757590978,-1.1543802928036,1.3471637065084,0.92517858279369,-0.12411149997587,0.034298767457119,-0.35702173612333
3013050000000,-0.22641603854774,-1.1510052685478,1.3464378374993,0.92559793296709,-0.12293960166576,0.034516371118432,-0.35631859473528
3013060000000,-0.2274594100897,-1.1476698523632,1.3457345707931,0.92600636805225,-0.12175734840451,0.034721971003809,-0.35564271279726
3013070000000,-0.22857847886833,-1.1443829434631,1.3450515744351,0.92640119207585,-0.12060015697828,0.034919362383799,-0.35498883304686
3013080000000,-0.22976359373456,-1.1411533350504,1.3443865061609,0.92677984574036,-0.11950346413702,0.035112342442447,-0.35435175037938
3013090000000,-0.23100468099499,-1.1379893530626,1.3437371254446,0.92713991405883,-0.11850192149355,0.035304600540909,-0.35372653214308
3013100000000,-0.23229761745804,-1.1348902744982,1.3431052697888,0.92747942496696,-0.11760233460479,0.035497997207013,-0.35311683527233
3013110000000,-0.23364630365987,-1.1318444362767,1.3424977566244,0.92779681174544,-0.11677713431734,0.03569215079905,-0.35253687379758
3013120000000,-0.23505541341989,-1.1288395637759,1.3419216357853,0.92809046285225,-0.11599661059071,0.035886476980984,-0.35200147707652
3013130000000,-0.23653003221875,-1.1258635432081,1.3413839152907,0.928358696729,-0.1152310395604,0.036080383559989,-0.3515254523525
3013140000000,-0.23807557858377,-1.1229046761555,1.3408914714172,0.92859980201218,-0.11445088836596,0.036273315057672,-0.3511234091739
3013150000000,-0.2396912837466,-1.1199579201011,1.3404453817617,0.92881356292251,-0.11363364202574,0.036464310472247,-0.35080352733823
3013160000000,-0.2413682413698,-1.1170262461302,1.3400394521175,0.92900164796992,-0.11276546491455,0.036651824022437,-0.35056601630451
3013170000000,-0.24309701073272,-1.1141131468121,1.3396669599636,0.92916578326845,-0.11183304744537,0.036834232816586,-0.35041055348695
3013180000000,-0.2448681759309,-1.1112221809009,1.3393210402019,0.92930762413198,-0.11082306254578,0.037009864103669,-0.35033677868185
3013190000000,-0.24667264238526,-1.1083570704814,1.3389947719628,0.92942873206702,-0.10972307473984,0.037177250581552,-0.3503440179554
3013200000000,-0.24850842108947,-1.1055228152502,1.3386842236087,0.92953024631182,-0.10855255430266,0.037343419719766,-0.35042165051475
3013210000000,-0.25038207439508,-1.1027258742028,1.3383892155773,0.92961296493271,-0.10737060616816,0.037525997075731,-0.35054684124032
3013220000000,-0.25230038338336,-1.0999726987117,1.3381096507076,0.9296778746994,-0.10623884582689,0.03774330075443,-0.3506961650488
3013230000000,-0.25426951512461,-1.0972694183525,1.3378451850839,0.92972619475159,-0.10521892379892,0.038013630843365,-0.35084632638439
3013240000000,-0.25629454934273,-1.0946214383947,1.3375951674986,0.92975942751555,-0.104371658389,0.038354998107387,-0.35097415573125
3013250000000,-0.25837390144931,-1.0920304867953,1.3373586921533,0.92978174462578,-0.10372804925943,0.038776805176652,-0.35105948005682
3013260000000,-0.26049870623703,-1.0894944165449,1.3371348263329,0.92980041196173,-0.10328198938831,0.039277798091652,-0.35108585724986
3013270000000,-0.26265995585047,-1.087010965013,1.336922659729,0.92982273179545,-0.10302506352358,0.039856069289238,-0.35103705995696
3013280000000,-0.26484906672263,-1.0845781446419,1.3367212464296,0.92985583822999,-0.1029488709308,0.040509706991617,-0.35089687049492
3013290000000,-0.26705796978599,-1.08219435674,1.3365294210286,0.92990646525999,-0.10304462187804,0.041236585330574,-0.3506498478539
3013300000000,-0.26928301573157,-1.0798623170315,1.3363430126248,0.92997267899957,-0.10329015187924,0.042027314095515,-0.35030795838669
3013310000000,-0.27152591731792,-1.0775900102768,1.3361543539571,0.93004190288025,-0.10364657356687,0.04286344429454,-0.34991737855949
3013320000000,-0.27378903768211,-1.0753859650016,1.335955800889,0.93010102860005,-0.10407388345455,0.043725984209171,-0.34952645348351
3013330000000,-0.27607529028799,-1.0732591258207,1.3357401405148,0.93013711205333,-0.10453207775412,0.044595982040465,-0.34918361342902
3013340000000,-0.27838818139312,-1.0712188895841,1.3355009668692,0.93013764344088,-0.10498199427677,0.045454898509242,-0.3489363800658
3013350000000,-0.28072902677167,-1.069270444446,1.3352401445669,0.93010037603156,-0.10541211363522,0.046298385192722,-0.34879512085672
3013360000000,-0.28309583246095,-1.0674131422426,1.334969279408,0.93003572992524,-0.10584549107241,0.047139849802969,-0.34872354041937
3013370000000,-0.28548635922828,-1.0656458832625,1.3347003853948,0.92995479808641,-0.10630741120319,0.047993783098877,-0.34868238358599
3013380000000,-0.28789828061393,-1.0639673767725,1.3344451390771,0.92986856818449,-0.10682314380811,0.048874671063179,-0.34863236851724
3013390000000,-0.29032917914705,-1.0623760462626,1.3342145821381,0.92978778029587,-0.10741731681622,0.049796930281735,-0.34853474632381
3013400000000,-0.29278055551972,-1.0608709135004,1.3340120967785,0.92971762579718,-0.10809433710974,0.050771552557121,-0.34837192771204
3013410000000,-0.29525909842078,-1.0594520932835,1.3338318394697,0.92965642747913,-0.10883328721627,0.05180518263095,-0.34815293405775
3013420000000,-0.29777197631769,-1.0581198317113,1.3336674049148,0.92960210904212,-0.10961162890234,0.05290418597755,-0.34788842576302
3013430000000,-0.30032658079479,-1.056874556622,1.3335123867388,0.92955262452249,-0.1104068383942,0.05407491212047,-0.3475890564421
3013440000000,-0.30293046911275,-1.0557170353376,1.333360405741,0.9295059313885,-0.1111970072102,0.055323229366679,-0.34726544514757
3013450000000,-0.30558875043109,-1.0546506403846,1.3332089941667,0.92945968313115,-0.11198121907713,0.056638081481493,-0.3469251096906
3013460000000,-0.30830334852922,-1.0536817226574,1.3330607915185,0.92941115272013,-0.11278498978196,0.057987113948201,-0.3465717096003
3013470000000,-0.31107611966053,-1.0528167367356,1.3329189613776,0.92935761188789,-0.11363554576732,0.059336645743429,-0.34620883067323
3013480000000,-0.31390907315463,-1.0520619812671,1.3327870967446,0.92929639306938,-0.11456013068792,0.060653010551232,-0.34584014023256
3013490000000,-0.3168042670741,-1.0514232604111,1.332669442459,0.92922486221749,-0.11558518671168,0.061902836457799,-0.34546962078915
3013500000000,-0.31976175379168,-1.0508968483053,1.3325697016714,0.92913833719224,-0.11670770845838,0.063064009451606,-0.34511475172458
3013510000000,-0.32277895968522,-1.0504672571368,1.3324901407319,0.92902959415598,-0.1178874048478,0.064128753813377,-0.34481020271297
3013520000000,-0.32585310955134,-1.050118431818,1.3324327587309,0.92889144904821,-0.11908152625284,0.065090345611048,-0.34459180619776
3013530000000,-0.32898144601355,-1.049834750386,1.3323992674475,0.92871687685755,-0.12024730802416,0.065942155959256,-0.34449554368721
3013540000000,-0.33216131495457,-1.049601570617,1.3323910482366,0.92849921461987,-0.12134267297801,0.06667762743905,-0.34455661097117
3013550000000,-0.33539140308372,-1.0494139727059,1.33240902465,0.92824166943907,-0.12234875046088,0.067292468720428,-0.34477515866307
3013560000000,-0.33867207702033,-1.0492785446457,1.3324537514137,0.92795985757837,-0.12327606128664,0.067785252907918,-0.34510675873561
3013570000000,-0.34200381596964,-1.0492024447559,1.3325256643874,0.92767011590512,-0.12413701569771,0.068154666513332,-0.34550412272895
3013580000000,-0.34538710401499,-1.0491925016562,1.3326251311708,0.92738874381459,-0.12494396078813,0.068399441762818,-0.34591999201419
3013590000000,-0.34882234554111,-1.0492549359451,1.3327525385427,0.92713187580926,-0.12570919221675,0.068518659876715,-0.34630748923365
3013600000000,-0.35230813736419,-1.0493874125298,1.3329058752545,0.92690985375575,-0.12644613238717,0.068519728398341,-0.34663315686044
3013610000000,-0.3558407712686,-1.0495769889033,1.3330798754213,0.9267256187453,-0.12716969282894,0.068420472197414,-0.34688057854428
3013620000000,-0.35941634186897,-1.0498098785535,1.3332689500281,0.92658157647972,-0.12789486216073,0.068239329064458,-0.3470344079916
3013630000000,-0.36303094902786,-1.0500719570674,1.3334672582939,0.92648006400633,-0.12863659107529,0.067994693738322,-0.34707929938097
3013640000000,-0.36668080469082,-1.0503489491669,1.3336688088121,0.92642299479158,-0.12940977952129,0.067704936718831,-0.34700084326921
3013650000000,-0.37036469586165,-1.0506387192179,1.3338724981945,0.92639954264905,-0.13022861327715,0.067387863462986,-0.34681878772845
3013660000000,-0.37408470349002,-1.050955093603,1.3340836615093,0.92638269828942,-0.13110641913068,0.06706066009096,-0.34659640944608
3013670000000,-0.37784318614046,-1.0513129117636,1.3343079057201,0.92634441184137,-0.13205650922015,0.066740630902654,-0.34639976502528
3013680000000,-0.38164259715265,-1.0517269236037,1.3345504509898,0.92625663879775,-0.13309220396117,0.066445137597464,-0.34629488592456
3013690000000,-0.38548550122203,-1.0522113800019,1.3348157772056,0.92609195928364,-0.13422634209356,0.066191104496604,-0.34634622810691
3013700000000,-0.3893737370818,-1.0527693449272,1.3351046226086,0.92584836238787,-0.13545496355606,0.065982525637444,-0.34655889690242
3013710000000,-0.39330808866254,-1.0533898618249,1.3354136690716,0.92555652658818,-0.13675264168609,0.065806857730157,-0.34686205984164
3013720000000,-0.39728921114269,-1.0540612480322,1.335739523673,0.92524943879544,-0.13809253999638,0.065650292607724,-0.34718001884699
3013730000000,-0.40131765789175,-1.0547722081984,1.3360792420358,0.9249603234332,-0.1394478614562,0.065499008247061,-0.34743715104791
3013740000000,-0.40539369621866,-1.0555121032999,1.3364306464327,0.92472199162595,-0.14079200327092,0.065339859746787,-0.34755942333157
3013750000000,-0.40951230907622,-1.0562747081151,1.3367941932218,0.92454315394619,-0.14210309322562,0.065178532367991,-0.34753190688812
3013760000000,-0.41366182960391,-1.0570589757799,1.3371728939998,0.9244014453866,-0.1433652777427,0.065044780571003,-0.34741551696115
3013770000000,-0.41783018599974,-1.0578642825593,1.3375695777052,0.92427253564287,-0.14456311137326,0.064970093131958,-0.34727607704075
3013780000000,-0.42200535790091,-1.0586901222134,1.3379863091315,0.92413218607895,-0.14568113697249,0.064985947163733,-0.34717939981308
3013790000000,-0.42617571407299,-1.0595363992986,1.3384239351066,0.92395658682023,-0.14670466250453,0.065123285941098,-0.34719004205072
3013800000000,-0.43034046052554,-1.060410957094,1.3388841252272,0.9237369134123,-0.14764852630585,0.065398968379664,-0.34732262007261
3013810000000,-0.43451274234522,-1.0613315088493,1.3393710830615,0.9234835273731,-0.14856562717717,0.065811801658009,-0.34752731670261
3013820000000,-0.4387068129595,-1.0623160381267,1.3398896094734,0.923207841017,-0.1495114167181,0.066359254936636,-0.34775000767784
3013830000000,-0.44293715018623,-1.0633817155481,1.3404453524974,0.92292107845214,-0.15054135918865,0.067038762575063,-0.34793646896349
3013840000000,-0.44721823505348,-1.0645439579328,1.3410449213869,0.92263399874595,-0.1517101488524,0.06784765481948,-0.34803337602697
3013850000000,-0.45155238283784,-1.0658015525101,1.3416870129197,0.9223467611816,-0.15304504587027,0.06877543945311,-0.34802816696413
3013860000000,-0.45592572714239,-1.0671334627614,1.3423589747853,0.9220459931443,-0.15453788351388,0.069801464077827,-0.34796118274626
3013870000000,-0.46032308609996,-1.0685179175211,1.3430474301518,0.92171742607594,-0.15617804783149,0.070904549319036,-0.34787634114633
3013880000000,-0.46472898181822,-1.0699340584627,1.3437389683856,0.92134683823197,-0.15795491385895,0.072063553555714,-0.34781761473032
3013890000000,-0.4691277399573,-1.0713623034141,1.3444202103237,0.92092046855523,-0.15985740872133,0.073257235586991,-0.34782822902559
3013900000000,-0.47350762366949,-1.0727941709387,1.3450840894393,0.92043932355215,-0.16185358550418,0.074465028047654,-0.3479221581276
3013910000000,-0.47786229057877,-1.0742349119656,1.3457319282968,0.91992378277101,-0.16388439740613,0.075667391365815,-0.34807554361518
3013920000000,-0.48218575101339,-1.0756912023907,1.3463657244077,0.91939607311578,-0.16588913022161,0.076844843953275,-0.34826215294142
3013930000000,-0.48647180792439,-1.0771707001129,1.3469877078735,0.91887900328245,-0.16780714971117,0.077977996856756,-0.34845597977172
3013940000000,-0.49071392174778,-1.0786822905079,1.3476003766349,0.91839538137053,-0.16957895368985,0.079047924789752,-0.34863208046473
3013950000000,-0.49491027872477,-1.0802278253184,1.3482034603836,0.91794766793334,-0.17118846351141,0.08004769875855,-0.34879643751019
3013960000000,-0.49906567771501,-1.0817983350706,1.348792695363,0.9175112121002,-0.17267592041925,0.080985940534248,-0.34899495642999
3013970000000,-0.50318540736564,-1.0833835980103,1.3493634080431,0.91705913794163,-0.17408513742227,0.081872450940584,-0.34927611459047
3013980000000,-0.50727504021425,-1.084972546047,1.3499106016068,0.91656416960241,-0.17545980578946,0.082717068785082,-0.34968824127354
3013990000000,-0.51134040255304,-1.086553215512,1.3504289163325,0.91599941115754,-0.17684296238036,0.083529117125178,-0.35027779262733
3014000000000,-0.51538041753053,-1.088119959704,1.3509197287631,0.91536871265734,-0.17825355319429,0.084301344830145,-0.35102574538271
3014010000000,-0.51938456437279,-1.0896764911049,1.3513939125514,0.91471666851718,-0.17967922716229,0.085004769492058,-0.35182805576986
3014020000000,-0.52334168364576,-1.0912273811178,1.351863456383,0.91409110767734,-0.18110570357932,0.085608643827872,-0.35257528429854
3014030000000,-0.52724049754606,-1.0927774400875,1.3523414136364,0.91354036028263,-0.18251875194157,0.086082176354327,-0.35315828496367
3014040000000,-0.53106957212623,-1.0943315868845,1.3528423143489,0.91311211040142,-0.18390408952691,0.086395613266896,-0.3534704481308
3014050000000,-0.53482187895603,-1.0958898397341,1.3533698028123,0.91281461431119,-0.18524735959745,0.086549903360061,-0.35349966038238
3014060000000,-0.53849650878795,-1.0974455669507,1.3539110215926,0.91260423351581,-0.18653414769206,0.086586032011726,-0.35335730327006
3014070000000,-0.54209307602794,-1.0989916494717,1.3544510008943,0.91243371866345,-0.18775001284305,0.086547958537994,-0.35316298304936
3014080000000,-0.54561144545156,-1.1005210324579,1.3549728976679,0.9122558486305,-0.18888055298148,0.086479605815047,-0.35303637365423
3014090000000,-0.54905184172127,-1.1020269737428,1.3554576418422,-0.9120242985133,0.18991167810252,-0.086424150019927,0.35309502932631
3014100000000,-0.5524164688044,-1.1035074946935,1.3558994297022,-0.91172715908479,0.19084014834564,-0.086407593874105,0.35336574945441
3014110000000,-0.55570988819835,-1.1049665501173,1.3563126541381,-0.91139772402104,0.19167698098952,-0.086433646897923,0.35375605760459
3014120000000,-0.55893683255171,-1.1064082553539,1.3567136653157,-0.91107242052508,0.19243419705662,-0.086504356662116,0.35416538599956
3014130000000,-0.56210210673443,-1.1078363164708,1.3571198403127,-0.91078779436033,0.19312387422064,-0.086621816313566,0.35449319286666
3014140000000,-0.5652105734401,-1.1092538617213,1.3575497279872,-0.91057978886012,0.19375805442213,-0.086788443736606,0.3546407062081
3014150000000,-0.56826611745927,-1.1106630726353,1.3580132868307,-0.91045695056325,0.19434646534144,-0.087011769757755,0.35457939097469
3014160000000,-0.57127128159787,-1.1120654352145,1.3585076781229,-0.91039167413422,0.19489575589631,-0.087305888066313,0.35437314501757
3014170000000,-0.57422855609803,-1.1134623820449,1.3590288800769,-0.91035382539988,0.19541228391277,-0.087685396028462,0.3540921111789
3014180000000,-0.57714053165665,-1.1148553831971,1.3595722488773,-0.91031326844091,0.19590237412118,-0.088164866555401,0.35380640104355
3014190000000,-0.58000996376068,-1.1162459352104,1.360132121495,-0.91024017665054,0.19637270777288,-0.088758634017415,0.35358518823688
3014200000000,-0.58283978540392,-1.1176339331592,1.3607001083508,-0.91011698995548,0.19684269802888,-0.089475251502013,0.35346031771011
3014210000000,-0.58563296867796,-1.1190170894162,1.3612653556654,-0.90994227060254,0.19734848830325,-0.090315737756492,0.35341435433301
3014220000000,-0.58839242403577,-1.1203928918685,1.3618171301251,-0.90971552073549,0.19792735334044,-0.091280564987422,0.35342650238513
3014230000000,-0.59112103788799,-1.1217586049385,1.3623451784942,-0.90943608501293,0.19861651654624,-0.092370190682285,0.35347593200203
3014240000000,-0.59382176631046,-1.1231110308907,1.3628400396686,-0.90910343298705,0.19945224646471,-0.093584672949089,0.35354159373453
3014250000000,-0.59649714008644,-1.124446655496,1.363302106971,-0.90872803009332,0.20043560513067,-0.094907345281727,0.35359797981633
3014260000000,-0.59914892803816,-1.125762211953,1.3637443796004,-0.90833521853591,0.20152124181507,-0.09629929930254,0.35361386400772
3014270000000,-0.60177867533702,-1.1270548070906,1.3641808940575,-0.90795171584069,0.20266082960535,-0.097720011587644,0.35355773104392
3014280000000,-0.60438756361028,-1.1283222221618,1.3646260789966,-0.9076046301514,0.20380621801459,-0.099128924807013,0.35339824149667
3014290000000,-0.6069761899922,-1.1295630200876,1.3650946959855,-0.90732087054196,0.2049097903151,-0.10048602310465,0.35310533113026
3014300000000,-0.60954318265656,-1.1307715559746,1.3655901473258,-0.90710405493647,0.20594365783336,-0.10177112554862,0.35269261591449
3014310000000,-0.61208501653816,-1.1319357189019,1.3660999463276,-0.90692656773644,0.20690601977499,-0.10299042428096,0.35223156051254
3014320000000,-0.61459792494168,-1.1330429772868,1.3666101578831,-0.90675868478176,0.20779668841616,-0.10415208799453,0.35179762139974
3014330000000,-0.61707813698433,-1.1340808549957,1.3671062311081,-0.90657072953368,0.20861547078302,-0.1052642857622,0.35146625420619
3014340000000,-0.61952212128545,-1.1350372416978,1.3675729670494,-0.90633358660522,0.20936245927244,-0.10633482729902,0.35131139312865
3014350000000,-0.62193262253193,-1.1359103580959,1.368002000965,-0.90604216996918,0.21004244167072,-0.10736238563045,0.35134466992723
3014360000000,-0.62432071863245,-1.1367119356982,1.3683949867885,-0.90572346998122,0.21066635612139,-0.10833355765617,0.35149469783947
3014370000000,-0.62669815737475,-1.137454389353,1.3687545396933,-0.90540670205916,0.21124569419399,-0.1092340122194,0.35168436292407
3014380000000,-0.62907673617239,-1.1381497997003,1.3690837802791,-0.90512116094692,0.21179193353137,-0.11004944340149,0.35183658266895
3014390000000,-0.63146810466769,-1.138809727997,1.3693865707667,-0.90489574482167,0.21231635059776,-0.11076618621171,0.35187541867059
3014400000000,-0.63387729664264,-1.1394383283418,1.3696662318559,-0.90473884868946,0.21282759174051,-0.11139222171352,0.35177237641369
3014410000000,-0.63630050900677,-1.1400301483813,1.3699244473119,-0.90463130961189,0.2133308999588,-0.11196435451966,0.35156237584479
3014420000000,-0.63873334580497,-1.1405790419954,1.3701624900628,-0.9045519409446,0.21383120248998,-0.11252141980942,0.35128468947438
3014430000000,-0.64117147195555,-1.1410787547342,1.3703810704936,-0.90447947728769,0.21433341512849,-0.11310222979492,0.35097855766438
3014440000000,-0.64361075627992,-1.1415229307945,1.3705802209782,-0.90439258385432,0.21484243897656,-0.11374512392854,0.35068337209853
3014450000000,-0.64605162760947,-1.1419088657671,1.3707637557823,-0.90427031596272,0.21536019414968,-0.11447129143942,0.35044472585656
3014460000000,-0.64850054891764,-1.142238958755,1.3709413756003,-0.90409235752631,0.215884422476,-0.11527906276612,0.35031651814107
3014470000000,-0.65096441914327,-1.1425159763887,1.3711232298576,-0.90383843998947,0.21641240706701,-0.11616526684281,0.35035321497625
3014480000000,-0.6534501368924,-1.1427427679689,1.3713194720773,-0.90348821855908,0.21694129141752,-0.11712678522584,0.35060922860885
3014490000000,-0.6559645228664,-1.1429224370643,1.371539990865,-0.90302165730746,0.21746868679531,-0.11816038993015,0.35113726510977
3014500000000,-0.65851087565252,-1.1430621783554,1.371787545579,-0.90244002764177,0.21801360949248,-0.1192597525386,0.35192211355699
3014510000000,-0.66108774886767,-1.1431744775493,1.3720555300632,-0.90177356874157,0.21862405880844,-0.12041425242989,0.35285742083874
3014520000000,-0.66369338470081,-1.1432720323896,1.3723369206635,-0.90105472734733,0.21935039320666,-0.12161266097124,0.35383067139045
3014530000000,-0.66632601171046,-1.1433671166687,1.3726252450854,-0.90031625219668,0.22024309768632,-0.1228436360471,0.35472956605671
3014540000000,-0.66898374832934,-1.1434710091169,1.3729149954946,-0.89959096386733,0.22135118182057,-0.12409613646262,0.3554432457509
3014550000000,-0.67166168975509,-1.1435851321402,1.3732047322063,-0.89890186700665,0.22266715905484,-0.12536346557019,0.3559196134953
3014560000000,-0.67435085794647,-1.1436987173277,1.3734975104274,-0.89825864946704,0.22410758577392,-0.12664451672868,0.35618584340031
3014570000000,-0.67704189740512,-1.1438007087707,1.373796533043,-0.89767037211448,0.22558372000511,-0.12793864133936,0.35627460244698
3014580000000,-0.67972538167565,-1.143881091573,1.3741045747264,-0.89714646414161,0.22700703289114,-0.12924504392446,0.35621867934898
3014590000000,-0.68239209827269,-1.1439314115376,1.3744237180146,-0.8966962901662,0.22829061331143,-0.13056270779673,0.3560513142917
3014600000000,-0.68504232059162,-1.1439493918146,1.3747531313123,-0.89631305382623,0.22940523500548,-0.13189050410288,0.35581040263077
3014610000000,-0.68768915364522,-1.143939456903,1.3750886703835,-0.89596766425365,0.23039938028523,-0.13322741779161,0.35553976616494
3014620000000,-0.69034663971265,-1.1439061115861,1.3754259453842,-0.89562918530963,0.23132684764523,-0.13457253157809,0.35528366937532
3014630000000,-0.69302881183677,-1.1438532777896,1.3757606134331,-0.89526650373456,0.23224135423366,-0.13592490305257,0.3550862731855
3014640000000,-0.69574950004686,-1.1437841558902,1.3760884680122,-0.89484876507982,0.23319587088857,-0.13728332053056,0.35499107501422
3014650000000,-0.69851489967217,-1.1437025225432,1.3764067778429,-0.89436219099972,0.2342085850235,-0.13864058491137,0.35502309534297
3014660000000,-0.70132090544862,-1.1436137455127,1.3767147127421,-0.89381643158071,0.23525030347932,-0.13998158221493,0.35518254178637
3014670000000,-0.70416272774694,-1.1435234645053,1.3770116088183,-0.89322298576495,0.2362884178344,-0.14129073363081,0.35546787462236
3014680000000,-0.70703561771417,-1.1434376378019,1.3772968391855,-0.89259352808111,0.23729024960067,-0.14255258706403,0.35587763485996
3014690000000,-0.70993494896294,-1.1433626894632,1.3775700342007,-0.89193983784029,0.23822364292447,-0.14375189882475,0.35641017551343
3014700000000,-0.71286021250522,-1.1433022868702,1.377839878808,-0.89127181935063,0.23908101243567,-0.1448788451563,0.35705032383452
3014710000000,-0.71581656060722,-1.143255685378,1.3781273226165,-0.89059666689643,0.23988829824423,-0.14593087145995,0.35776439458588
3014720000000,-0.71880966485763,-1.1432216795506,1.378454203281,-0.88992134490274,0.24067387632718,-0.14690584958489,0.35851744239003
3014730000000,-0.72184526153375,-1.1431987075316,1.3788424670057,-0.88925283352393,0.24146606716694,-0.14780166398702,0.3592745532309
3014740000000,-0.72492900044862,-1.1431848413064,1.3793140704469,-0.88859812133403,0.24229294243341,-0.14861659318198,0.36000085699839
3014750000000,-0.72806324727777,-1.1431861208727,1.3798795062313,-0.88796272263488,0.24317620946284,-0.14936098017668,0.36066443124156
3014760000000,-0.73124600025731,-1.1432200738301,1.3805331342255,-0.88735005585378,0.24412905231404,-0.1500613999026,0.36123740178975
3014770000000,-0.73447507705667,-1.1433049605521,1.3812679371353,-0.88676330791207,0.24516412116635,-0.15074543890366,0.36169213715993
3014780000000,-0.73774848426274,-1.1434587841836,1.3820765929789,-0.88620554855683,0.24629407431078,-0.15144055086895,0.36200098648897
3014790000000,-0.74106433430073,-1.1436987017303,1.3829516975462,-0.88567961414138,0.24753062343782,-0.15217383033946,0.36213717969118
3014800000000,-0.74441665593678,-1.1440270555345,1.3838948405742,-0.88518535308047,0.24884723396665,-0.15295846341617,0.36211276324968
3014810000000,-0.74779365027526,-1.1444267134056,1.3849201795946,-0.88471893038182,0.25016501281991,-0.15378872450931,0.36199296788565
3014820000000,-0.75118303929522,-1.1448797187231,1.3860426503603,-0.88427667366841,0.25140126808844,-0.15465774478756,0.36184685819652
3014830000000,-0.75457256130142,-1.1453693289312,1.3872767209195,-0.88385533971127,0.25247341026074,-0.15555869929479,0.36174356476502
3014840000000,-0.75795025434358,-1.1458808453245,1.3886356245438,-0.88345171822206,0.25330068702333,-0.15648477384661,0.36175176444375
3014850000000,-0.76131355472594,-1.146406429613,1.3901144729614,-0.88305177861558,0.25387541561724,-0.15743533723559,0.36191289589977
3014860000000,-0.76467265268029,-1.1469452514507,1.3916845135915,-0.88262621058231,0.25429010456337,-0.15841838469972,0.36223076968059
3014870000000,-0.76803856381071,-1.147496277204,1.3933154800959,-0.88214418660315,0.25464437848358,-0.15944239295775,0.36270648998452
3014880000000,-0.7714222282458,-1.1480571586603,1.3949775233001,-0.88157458527387,0.25503769617013,-0.16051575852006,0.36334104557312
3014890000000,-0.77483430410187,-1.1486237044846,1.3966416226867,-0.88088666473971,0.25556801873658,-0.16164677828834,0.36413457780306
3014900000000,-0.77827292742896,-1.1491902574525,1.3982934847317,-0.88007783968899,0.25627280834117,-0.16283758510781,0.36506323379593
3014910000000,-0.78171887516979,-1.149751278209,1.3999388097949,-0.87918481318798,0.25710635371715,-0.1640817031379,0.36607046020304
3014920000000,-0.78515156386024,-1.1503016401013,1.4015850944376,-0.87824754966137,0.25801714567428,-0.16537206863085,0.36709736170212
3014930000000,-0.78855022883834,-1.1508367240436,1.4032403129752,-0.87730650110711,0.25895386585942,-0.16670165964903,0.36808525526285
3014940000000,-0.79189403577202,-1.1513523450186,1.4049128354693,-0.87640240255379,0.25986536085986,-0.16806323857117,0.36897638252887
3014950000000,-0.79517136315344,-1.1518423892812,1.4066057337808,-0.87556607062494,0.26070632957453,-0.16943762653571,0.36973930870833
3014960000000,-0.79838352484383,-1.1522977003211,1.4083142570246,-0.87481429580914,0.26143963909907,-0.17078912779135,0.37037863975124
3014970000000,-0.80153263693972,-1.1527090522899,1.41003311838,-0.87416306324607,0.26202880664474,-0.17208093467058,0.37090159782276
3014980000000,-0.80462064127512,-1.1530676791058,1.4117571491473,-0.87362852657211,0.2624374841842,-0.17327626708569,0.37131536423821
3014990000000,-0.80764936464468,-1.1533658525023,1.4134814017818,-0.87322641752132,0.26263021579077,-0.174338914047,0.37162741629957
3015000000000,-0.81062516019921,-1.1536077227856,1.4152008176072,-0.87295075914725,0.2626055435022,-0.17526023115732,0.37185904856658
3015010000000,-0.81356099031099,-1.1538128557729,1.4169097659787,-0.87276526435199,0.26240899234018,-0.17606985355381,0.37205069647718
3015020000000,-0.81647047218343,-1.154001596347,1.4186022781958,-0.8726311567989,0.2620894100132,-0.17680014447053,0.37224415946789
3015030000000,-0.81936747367586,-1.1541937443936,1.4202719456395,-0.87250951997558,0.26169559625966,-0.17748342379137,0.37248112264862
3015040000000,-0.82226610002662,-1.1544082722091,1.4219118199606,-0.87236169206122,0.26127622988343,-0.17815177361415,0.37280256903637
3015050000000,-0.82517576781126,-1.1546551974919,1.4235159163312,-0.87216378173887,0.26087331297735,-0.17882514313182,0.37322516070471
3015060000000,-0.8280989695822,-1.154932638556,1.4250802227463,-0.87191252036031,0.26051951839834,-0.17950648761142,0.37373193371432
3015070000000,-0.83103760941034,-1.155237647157,1.4266009449389,-0.87160618000606,0.26024684944188,-0.18019744788737,0.37430351869264
3015080000000,-0.83399350028378,-1.1555668699149,1.4280744604728,-0.87124305944915,0.26008729848583,-0.18089961186536,0.37492060353493
3015090000000,-0.83696826325803,-1.1559163009727,1.4294974124229,-0.87082174497664,0.26007237139862,-0.18161424699854,0.37556373014189
3015100000000,-0.83995921816022,-1.1562806118595,1.430866533626,-0.87035283151739,0.26021284778427,-0.18232846098191,0.37620679796308
3015110000000,-0.84295772406695,-1.1566534101364,1.4321784128329,-0.86986375654354,0.26049063376315,-0.18300955735708,0.37681451231289
3015120000000,-0.8459546222198,-1.1570284057237,1.4334297595996,-0.86938335622788,0.26088554328548,-0.18362335192473,0.37735100085532
3015130000000,-0.84894059854816,-1.1573996446625,1.4346175663041,-0.86894060738739,0.26137743848764,-0.18413560917453,0.37778053538634
3015140000000,-0.85190622195373,-1.15776156969,1.4357394745526,-0.86856427160302,0.2619459612852,-0.18451236955897,0.37806825434149
3015150000000,-0.85484736346126,-1.1581075926836,1.4367985872502,-0.86826829794398,0.26255923086482,-0.18473388064727,0.37821449788994
3015160000000,-0.85776766570038,-1.1584293187397,1.4378048547527,-0.86804577096094,0.26316918233984,-0.18480035729597,0.37826888442838
3015170000000,-0.86067147382985,-1.1587184408537,1.4387683700574,-0.86788816750297,0.26372653610186,-0.18471356034187,0.37828473864257
3015180000000,-0.86356332434234,-1.1589671681407,1.4396985701727,-0.86778693173622,0.26418203341367,-0.1844752232767,0.3783154587461
3015190000000,-0.86644794270679,-1.1591688049933,1.4406038930496,-0.86773345064274,0.26448742346458,-0.18408708339026,0.37841380417947
3015200000000,-0.86932856642392,-1.1593268795337,1.4414837670048,-0.86771773890737,0.26464150749464,-0.18355506836493,0.37860049521097
3015210000000,-0.87220615321947,-1.1594580301558,1.442325751645,-0.8677278973733,0.26470923755177,-0.18289106180818,0.3788511253587
3015220000000,-0.87508158336975,-1.159579346162,1.4431165225874,-0.86775188890215,0.26476048991584,-0.18210734841573,0.37913777962537
3015230000000,-0.87795581793942,-1.1597069168369,1.443842817711,-0.86777769345998,0.26486512321665,-0.18121620477663,0.37943250831084
3015240000000,-0.88082995541573,-1.1598553112678,1.4444918185348,-0.86779330754021,0.26509204276788,-0.18023004350522,0.37970793469149
3015250000000,-0.88370808047462,-1.1600317032028,1.4450613256019,-0.86778925326168,0.26546464863071,-0.17916629877044,0.37996022112297
3015260000000,-0.88659846174341,-1.1602344285097,1.4455637509018,-0.86775970369893,0.26594221709814,-0.17804947931384,0.38021864330585
3015270000000,-0.88950970866474,-1.1604614050439,1.4460123962319,-0.86769913752104,0.26647931479151,-0.17690470837382,0.38051505316959
3015280000000,-0.8924504998394,-1.1607109823569,1.4464200450963,-0.86760215119735,0.26703059146183,-0.17575716053047,0.38088133451711
3015290000000,-0.89542949528927,-1.1609822025763,1.4467985705899,-0.86746367586009,0.26755115194062,-0.17463189397116,0.38134872986099
3015300000000,-0.8984509958117,-1.1612779202754,1.4471554913199,-0.86728604421329,0.26801790559996,-0.17354877571333,0.3819190257621
3015310000000,-0.90151303387166,-1.1616056484691,1.4474931396702,-0.86708193893369,0.26843864186321,-0.17252036492467,0.38255238911276
3015320000000,-0.90461314018,-1.1619731293614,1.447813528112,-0.86686494792622,0.26882347614522,-0.1715586486504,0.38320585956287
3015330000000,-0.90774882712747,-1.1623878495687,1.4481188720999,-0.86664876094728,0.26918259453013,-0.1706756503564,0.38383652552356
3015340000000,-0.9109176837795,-1.162856826818,1.4484116731203,-0.86644696313748,0.26952642287972,-0.16988349411077,0.38440182864838
3015350000000,-0.91412059680187,-1.1633829764846,1.4486940774933,-0.86626507506704,0.26987102934422,-0.16919553729223,0.38487311857311
3015360000000,-0.91736309207473,-1.1639638470914,1.4489674447695,-0.86609713726911,0.27024035677718,-0.16862677035795,0.38524136681027
3015370000000,-0.92065106235121,-1.1645965469849,1.4492331531967,-0.86593629243554,0.27065893384585,-0.16819225565288,0.38549895474673
3015380000000,-0.92399045266102,-1.1652780072382,1.4494926669265,-0.86577561634921,0.27115125804367,-0.1679070097391,0.38563818985799
3015390000000,-0.92738724410819,-1.1660047630131,1.4497475344407,-0.86560801312602,0.27174158270344,-0.16778579119676,0.3856516668113
3015400000000,-0.9308438574152,-1.1667751440294,1.4500011839858,-0.86542395692608,0.27244467857528,-0.16783229704327,0.38554843011429
3015410000000,-0.93435749349018,-1.1675907315984,1.450259729557,-0.86521055021087,0.27326183885366,-0.16803452941336,0.38536095826505
3015420000000,-0.93792496638813,-1.1684535816478,1.4505295185576,-0.86495454294008,0.27419326898918,-0.16837934048137,0.38512347057457
3015430000000,-0.94154307861166,-1.1693661459095,1.4508169003394,-0.86464263311013,0.27523912640997,-0.16885358855748,0.38487011566594
3015440000000,-0.9452086624484,-1.170331276726,1.4511279673382,-0.86426157638717,0.27639960662633,-0.16944433922983,0.38463463304873
3015450000000,-0.94892055288295,-1.1713517718986,1.4514613766103,-0.863801962843,0.27767729327815,-0.17015175322146,0.38443448162458
3015460000000,-0.9526805022948,-1.1724300359092,1.4518053812813,-0.86325979537877,0.27907813152043,-0.1709947868899,0.38426384821649
3015470000000,-0.95649057067277,-1.1735684941895,1.4521474730522,-0.86263133940689,0.28060826541605,-0.17199380808247,0.38411496148232
3015480000000,-0.96035290614403,-1.1747696140551,1.4524751722892,-0.86191265733785,0.28227374597258,-0.17316916610649,0.38397987364625
3015490000000,-0.96426972427901,-1.1760356288449,1.4527760064657,-0.86109967586084,0.28408014782812,-0.1745407132288,0.38385069658383
3015500000000,-0.96823928989544,-1.1773648325321,1.4530425819032,-0.86019451819272,0.28601533478325,-0.17610456849313,0.38372881061483
3015510000000,-0.97225396871692,-1.1787504208001,1.4532750845061,-0.85920869491069,0.28804193618767,-0.17782297052211,0.38362905617512
3015520000000,-0.97630551351738,-1.180185789411,1.453474532381,-0.85815487886359,0.29012067793754,-0.17965574317978,0.38356747784216
3015530000000,-0.98038534755193,-1.1816654126071,1.4536423636931,-0.85704629614038,0.29221238553072,-0.18156289773994,0.3835602718984
3015540000000,-0.98448449130213,-1.1831852228625,1.4537804480091,-0.85589679652172,0.29427877304074,-0.18350452625308,0.3836232087428
3015550000000,-0.98859741537255,-1.1847419293105,1.4538895065993,-0.85472241436522,0.29631571871048,-0.18543911621183,0.3837433040528
3015560000000,-0.99272411652418,-1.1863316810931,1.4539682824545,-0.85354163215655,0.29836810841663,-0.18732253008842,0.38386641397326
3015570000000,-0.99686505382806,-1.1879503636029,1.4540157875735,-0.85237294439674,0.30048483846785,-0.18911004317827,0.3839356939391
3015580000000,-1.0010208460361,-1.1895934390682,1.4540320979727,-0.85123473400075,0.30271484356696,-0.19075677679985,0.38389452095573
3015590000000,-1.0051923910159,-1.1912558011655,1.4540192344473,-0.85014491237503,0.30510616831467,-0.19221872961129,0.3836871303625
3015600000000,-1.0093793263233,-1.192936511985,1.4539839692066,-0.84910169239576,0.30767131603751,-0.19348741791158,0.38331096562493
3015610000000,-1.0135792179921,-1.1946415695256,1.4539372591656,-0.84807502247777,0.31037169780461,-0.19460559792678,0.3828404716155
3015620000000,-1.0177895943751,-1.1963778201633,1.4538894243521,-0.84703277950781,0.31316456820548,-0.19562054904184,0.38235588716864
3015630000000,-1.0220079888566,-1.1981526174095,1.453848827628,-0.84594294253401,0.31600724211663,-0.19657970240536,0.38193766704655
3015640000000,-1.0262317862214,-1.1999738495281,1.4538209386259,-0.84477413944758,0.31885756862623,-0.19752955380172,0.38166553371408
3015650000000,-1.0304583316339,-1.2018436494146,1.4538076638605,-0.84352556919527,0.32168709151287,-0.19848715668875,0.38155586471368
3015660000000,-1.034685109484,-1.2037551602796,1.4538092442926,-0.84224078473107,0.32448701365203,-0.19942727263088,0.3815329624525
3015670000000,-1.0389095317646,-1.205700936377,1.4538264531769,-0.8409670747883,0.32725035870421,-0.2003208799969,0.381514255156
3015680000000,-1.0431289300092,-1.2076737219847,1.453861443226,-0.83975204655823,0.32997027724415,-0.20113895841146,0.38141740370076
3015690000000,-1.0473406733437,-1.209666559919,1.4539185072235,-0.83864290167402,0.33263986760737,-0.20185317019872,0.38116151383718
3015700000000,-1.0515496475178,-1.2116720819371,1.4540011483865,-0.83765295404793,0.33525156907698,-0.20244339591002,0.38073689794741
3015710000000,-1.055771763394,-1.2136817042476,1.4541088907024,-0.836746056844,0.33779691574494,-0.20290109471398,0.38023732830048
3015720000000,-1.0600236977152,-1.2156863827177,1.4542402725792,-0.83588205238499,0.34026728187748,-0.20321922269778,0.37976482052775
3015730000000,-1.0643220731323,-1.2176768624985,1.4543924044174,-0.83502072278464,0.34265409733867,-0.20339082595376,0.37942157821491
3015740000000,-1.0686832236755,-1.219644209291,1.4545603521205,-0.83412226463597,0.34494912625971,-0.20340875894123,0.37930861408254
3015750000000,-1.0731116632437,-1.2215872075986,1.4547430288558,-0.83316904831867,0.34715485021397,-0.20328011067976,0.37946020015109
3015760000000,-1.0775949297635,-1.2235154350476,1.4549475613517,-0.8321756834463,0.34928922992643,-0.20303324335237,0.379813332878
3015770000000,-1.0821194771203,-1.2254391383523,1.4551820590981,-0.83115925925474,0.35137140059676,-0.20269793151783,0.3802972168662
3015780000000,-1.0866721592789,-1.2273678778977,1.4554553522174,-0.83013678718164,0.35342045978452,-0.2023040638212,0.38084112033087
3015790000000,-1.0912403212598,-1.2293098746717,1.4557772517554,-0.82912515149688,0.35545515938094,-0.20188165004651,0.38137502828481
3015800000000,-1.0958131278844,-1.2312605630086,1.456152983573,-0.82813969536529,0.35747824062535,-0.201444728671,0.38185595940139
3017320000000,-1.47523616997,-1.0557843694435,1.5256412132803,-0.76920947151172,0.43680459259615,-0.27170847661083,0.37906864887694
3017330000000,-1.4786475852965,-1.053311078965,1.5258947009282,-0.76837905857805,0.43773798051088,-0.27301373443442,0.3787381464378
3017340000000,-1.4821570920941,-1.0507997870503,1.5262001835578,-0.76754902317759,0.43877618630947,-0.27428324586097,0.3783023346304
3017350000000,-1.4857597858557,-1.0482475928331,1.526563605524,-0.76670622169801,0.43991174651924,-0.27552861850293,0.37778724868611
3017360000000,-1.4894206949395,-1.0456747617718,1.5269520148382,-0.7658235966757,0.44111609421432,-0.27675972456696,0.37727293178469
3017370000000,-1.4931024607617,-1.0431043336717,1.527328948078,-0.76487302249977,0.44235851210423,-0.27798665762536,0.37684429729436
3017380000000,-1.4967682621977,-1.0405601726378,1.5276577058235,-0.76382646449998,0.44360819981466,-0.2792197155174,0.37658630837173
3017390000000,-1.5003821964327,-1.0380667997601,1.5279015384229,-0.76265634880173,0.44483466678775,-0.28046877798005,0.37658289583388
3017400000000,-1.5039281202672,-1.035634123626,1.5280498860129,-0.76137138882163,0.44602102030463,-0.28172386753849,0.37684283221178
3017410000000,-1.5074210177798,-1.033247334726,1.5281351133444,-0.76003930307496,0.44717240977805,-0.28294313380339,0.37725359739588
3017420000000,-1.5108786504789,-1.0308891807951,1.5281936025705,-0.75873355879933,0.44829651945889,-0.28408160310878,0.37769201761209
3017430000000,-1.5143187598163,-1.0285423224301,1.5282621111295,-0.75752817300407,0.44940132974874,-0.28509446216509,0.37803526233406
3017440000000,-1.5177589656432,-1.0261896083726,1.5283777977268,-0.7564969537524,0.45049489431176,-0.28593785148187,0.37816167739779
3017450000000,-1.5212072504536,-1.0238266442659,1.5285563212927,-0.75566532093594,0.45159078981296,-0.28659775141775,0.37801773790812
3017460000000,-1.5246560307169,-1.0214695463254,1.5287772963969,-0.75497957686972,0.45271158600701,-0.28710777070955,0.3776601466965
3018170000000,-1.6410596329159,-0.86762552190811,1.5375645356904,-0.71866748656313,0.50291009449289,-0.28507963201726,0.38642992123164
3018180000000,-1.6406354345,-0.86516770187212,1.5371397104985,-0.71848416703384,0.50334021571114,-0.28515469398422,0.386155317804
3018190000000,-1.640186699563,-0.86267099759117,1.5366733403413,-0.71837177322838,0.50374216338536,-0.28511913404544,0.38586643758915
3018200000000,-1.6397268627724,-0.86013023946115,1.5361654297845,-0.71831606547184,0.50413157982447,-0.28496299403176,0.38557680472403
3018210000000,-1.6392566044974,-0.8575556920018,1.5356275387164,-0.71829543294516,0.50449943133112,-0.28473288457046,0.38530400885648
3018220000000,-1.6387752223882,-0.85495914926532,1.5350723217526,-0.71828759691627,0.50483430347068,-0.28448094781927,0.38506602613495
3018230000000,-1.6382816783249,-0.85235247009838,1.5345124183271,-0.71827032033565,0.50512482602409,-0.28425934684973,0.38488086570733
3018500000000,-1.6204231593873,-0.7772969437937,1.5307711482075,-0.71133269316216,0.52032768330901,-0.28967107428087,0.37330359005226
3018510000000,-1.6195903824421,-0.77452758618324,1.5310107173479,-0.71099011691602,0.52025518184558,-0.29034737819762,0.37353179166484
3018520000000,-1.6188055353295,-0.77177438407769,1.5312679155211,-0.71066276875918,0.52022164410798,-0.29096961924449,0.37371720695981
3018530000000,-1.6180504639605,-0.76904050442725,1.5315192204716,-0.71036992197704,0.52027169451672,-0.29145854413398,0.37382329366472
3018540000000,-1.6173069826921,-0.76632914580117,1.5317411901563,-0.71013074867697,0.52044962571157,-0.29173560646848,0.37381391466696
3018550000000,-1.6165667967614,-0.7636425214995,1.531921480001,-0.70994858600815,0.52076675358585,-0.29177724657151,0.37368573958319
3018560000000,-1.6158390513728,-0.76098106093571,1.5320671790038,-0.7097992075492,0.52117706288675,-0.29165546049379,0.3734924985156
3018570000000,-1.6151347481278,-0.75834497019665,1.5321874376361,-0.70965563535553,0.52162880131308,-0.29145185714116,0.37329356787627
3018580000000,-1.6144650490878,-0.75573439621906,1.5322916407736,-0.70949096803931,0.52207030194079,-0.29124810601243,0.37314837108886
3018590000000,-1.613841225473,-0.75314944687156,1.5323895195472,-0.70927867248439,0.52245027862026,-0.29112537724606,0.37311591476609
3018600000000,-1.613265941622,-0.75059153365308,1.532492129143,-0.70901609125972,0.52274143626876,-0.29112172213104,0.37321001600429
3018610000000,-1.612726543497,-0.74806442855659,1.5326122821672,-0.70874212748441,0.52295823811291,-0.2912000194707,0.37336554016001
3018620000000,-1.6122088328367,-0.74557218619421,1.5327627423003,-0.70849987273099,0.52311936073042,-0.29131556137497,0.37350944897011
3018630000000,-1.6116985824445,-0.74311887103531,1.5329558322828,-0.70833245644496,0.52324353091844,-0.29142366932581,0.37356871316443
3018640000000,-1.6111815555947,-0.74070844339395,1.5332030926586,-0.7082826923949,0.52334936201046,-0.29148003614212,0.37347083081235
3018650000000,-1.6106485575503,-0.73833990489066,1.5335093438236,-0.70836556936707,0.52344415460825,-0.29146744219218,0.37319052410754
3018660000000,-1.6100993114751,-0.73600369498759,1.5338688633201,-0.70854745057599,0.52351544655667,-0.29141600147967,0.37278519495874
3018670000000,-1.6095343915496,-0.73368939610503,1.5342751411111,-0.70878984186227,0.52354877919604,-0.29136059945434,0.3723206104432
3018680000000,-1.6089543666542,-0.73138664623836,1.5347222154574,-0.70905434938242,0.52352974877145,-0.29133612862735,0.37186259818594
3018690000000,-1.6083599399286,-0.72908526114522,1.5352049040928,-0.70930281228688,0.52344425022568,-0.29137729334229,0.37147666186737
3018700000000,-1.6077561801714,-0.7267815163355,1.5357167573395,-0.70950875374031,0.52329610253799,-0.29150044061352,0.37119538057004
3018710000000,-1.6071555880917,-0.72448287329001,1.5362478978558,-0.70966608731038,0.52312044831032,-0.2916896655428,0.37099350411659
3018720000000,-1.6065712931576,-0.72219796843077,1.5367880166718,-0.70977075057914,0.52295559349162,-0.29192581003463,0.37083992543114
3018730000000,-1.6060161260811,-0.71993549718618,1.5373266544707,-0.70981867611861,0.52283983667963,-0.29218970733812,0.37070355695582
3018740000000,-1.6055023242491,-0.71770418048985,1.537853162315,-0.70980581421509,0.52281127690018,-0.29246231441209,0.37055346375547
3018750000000,-1.605032365541,-0.71550884931048,1.5383565040573,-0.70972798656042,0.52289215465828,-0.29273760685332,0.37037099403639
3018760000000,-1.6045923530873,-0.71334737066525,1.5388251931301,-0.70958074192293,0.52307680426702,-0.29303251653876,0.3701591168415
3018770000000,-1.6041668555275,-0.71121689783619,1.5392476835937,-0.70935956789684,0.52335667907209,-0.29336630250592,0.36992296827562
3018780000000,-1.603740627931,-0.70911457413392,1.5396123881901,-0.70905990645686,0.52372319002043,-0.29375821741383,0.36966766019232
3018790000000,-1.6032987302299,-0.70703753166053,1.5399078032188,-0.7086773308133,0.5241675928151,-0.29422737121964,0.36939819904668
3018800000000,-1.6028391971739,-0.70498315749747,1.5401339735372,-0.70822424449079,0.52467062141168,-0.29478145681568,0.36911116382542
3018810000000,-1.6023829082345,-0.70294918400235,1.5403113733943,-0.70774292539777,0.52519454225054,-0.29540800111408,0.36878822814378
3018820000000,-1.6019532560385,-0.70093317816444,1.5404624601897,-0.70727881896681,0.52569988451933,-0.29609242723087,0.36840952511275
3018830000000,-1.6015740147257,-0.69893245795854,1.5406094767123,-0.70687749077555,0.52614730426631,-0.29682015524645,0.36795519114103
3018840000000,-1.6012693372467,-0.69694413500096,1.540774152214,-0.70658423527384,0.52649784664984,-0.29757668944527,0.36740556587287
3018850000000,-1.6010470348756,-0.69496684300022,1.540964568745,-0.7064130073511,0.52674359442734,-0.29835007290066,0.36675479925302
3018860000000,-1.6008850464104,-0.69300227754115,1.5411653185637,-0.70632212027689,0.52693162254388,-0.29913277808084,0.36602145927317
3018870000000,-1.6007580681685,-0.69105268740497,1.5413588441294,-0.70626410146049,0.52711457203686,-0.29991782638188,0.36522670268338
3018880000000,-1.600640445015,-0.68912054126085,1.541528041736,-0.70619146051188,0.52734509921265,-0.30069827032443,0.36439170909942
3018890000000,-1.6005061613536,-0.68720844281627,1.5416565618025,-0.70605697281457,0.52767557943034,-0.30146716359922,0.36353759542066
3018900000000,-1.6003452635526,-0.68531572582895,1.5417406544202,-0.70583412110945,0.52812617738855,-0.3022243951534,0.36268629586569
3018910000000,-1.6001772331713,-0.68343558182997,1.5417980217329,-0.705533208529,0.52865966233141,-0.3029822178003,0.36186133916629
3018920000000,-1.6000247099943,-0.68156031863557,1.5418484645944,-0.70516846963522,0.52923288666382,-0.30375418793837,0.3610863808228
3018930000000,-1.5999106219357,-0.67968202048088,1.5419116467744,-0.70475424212353,0.52980272008568,-0.30455395191087,0.36038510842456
3018940000000,-1.5998581774513,-0.6777926877905,1.5420069382539,-0.70430494803817,0.53032634503946,-0.30539502790932,0.35978102347719
3018950000000,-1.5998750042898,-0.67588982557112,1.542141029242,-0.70383993637112,0.53078467234413,-0.30626991112122,0.35927109139956
3018960000000,-1.5999402234591,-0.67398095684741,1.5422982173658,-0.70338731183556,0.53120094182785,-0.30713344943597,0.35880481210194
3018970000000,-1.6000299657326,-0.67207483469812,1.5424605014117,-0.70297600676307,0.53160293604602,-0.30793653003614,0.35832687001117
3018980000000,-1.6001202660476,-0.67018033677027,1.5426098415281,-0.70263494972607,0.53201850329279,-0.30863002733279,0.35778198082926
3018990000000,-1.6001872174558,-0.66830630781628,1.5427282075653,-0.70239282289261,0.53247523329224,-0.30916521905772,0.35711526935194
3019000000000,-1.6002230761378,-0.66645468017176,1.5428083260671,-0.70225245124536,0.53298569691351,-0.30952719634407,0.35631538884657
3019010000000,-1.6002491172841,-0.66461490716634,1.542862392343,-0.70217041768812,0.53353581334005,-0.30976157976198,0.35544901759694
3019020000000,-1.6002895379478,-0.66277499221185,1.5429047162069,-0.70209864121418,0.53410869782484,-0.30992042969917,0.35459092510686
3019030000000,-1.6003684118321,-0.6609228247396,1.5429498240773,-0.70198916205173,0.53468759023715,-0.31005591205128,0.35381595301845
3019040000000,-1.6005095726581,-0.65904629480035,1.5430124900163,-0.70179431406624,0.53525609760044,-0.31021993773282,0.35319858572607
3019050000000,-1.6007255948797,-0.65713803711486,1.5431009347929,-0.70148838346746,0.5358115296654,-0.31044192211881,0.35276885566758
3019060000000,-1.6010089818469,-0.65519923847875,1.5432110752161,-0.70108498271073,0.53637546074461,-0.31071096902874,0.3524768160514
3019070000000,-1.6013501291494,-0.65323200271531,1.5433373869534,-0.70060168808796,0.53697193553218,-0.31101185925701,0.35226416011372
3019080000000,-1.6017393231452,-0.65123840725569,1.5434741045971,-0.70005599402794,0.53762493236562,-0.31132933693412,0.35207255117173
3019090000000,-1.6021666118131,-0.64922046518861,1.5436151781024,-0.69946536080113,0.53835806624373,-0.31164826964491,0.35184393923583
3019100000000,-1.6026208121218,-0.64718063128514,1.5437548995455,-0.69884799730949,0.53916974014222,-0.31195925540067,0.35155211696326
3019110000000,-1.6030889846245,-0.64512234751105,1.5438885690946,-0.69822359731664,0.54001315822551,-0.31226311438173,0.35122833668448
3019120000000,-1.6035581993969,-0.64304926895946,1.5440115826988,-0.69761219140761,0.54083690253879,-0.31256185869577,0.35090990259662
3019130000000,-1.6040159349241,-0.6409651947744,1.5441192977512,-0.69703399649279,0.54158969069305,-0.31285759266026,0.35063419882141
3019140000000,-1.6044504708785,-0.63887403549276,1.5442070601558,-0.69650923898671,0.54222077948766,-0.31315239990787,0.35043841217808
3019150000000,-1.6048647026853,-0.63677455897362,1.5442744598005,-0.69604534696429,0.54271753981964,-0.31344334692868,0.350331008059
3019160000000,-1.6052867640862,-0.63465594220822,1.5443288364219,-0.6956264141109,0.54313598891853,-0.31371837584088,0.35026842591427
3019170000000,-1.6057471535079,-0.63250619491124,1.5443783524375,-0.69523394371685,0.54353928840714,-0.31396435899999,0.35020163725988
3019180000000,-1.6062758191739,-0.63031314444082,1.5444312289482,-0.69484933502447,0.54399052442839,-0.31416811130189,0.35008157447826
3019190000000,-1.6069016896915,-0.62806443602096,1.5444957919266,-0.69445393068294,0.54455228859214,-0.31431658574559,0.34985943902274
3019200000000,-1.6076359099792,-0.62575384462872,1.5445759388783,-0.69403361024292,0.54525031599248,-0.31441103546639,0.34952130341401
3019210000000,-1.6084588156803,-0.62338667544589,1.5446672317761,-0.69358269648166,0.54604376226597,-0.31447870982347,0.34911659069632
3019220000000,-1.6093476945221,-0.62096956345175,1.5447643020181,-0.69309653308098,0.54688481017169,-0.31454974861653,0.34870138496984
3019230000000,-1.6102802282897,-0.61850931037312,1.5448616291908,-0.69257061652882,0.54772574673378,-0.31465440339991,0.34833181581196
3019240000000,-1.6112348082332,-0.61601292927829,1.5449535103925,-0.69200052650239,0.54851923197848,-0.3148228956568,0.34806388471144
3019250000000,-1.6122023560861,-0.61348593557489,1.5450403620278,-0.6913774716908,0.54924128343992,-0.31508091537888,0.34792990812477
3019260000000,-1.613195635379,-0.61093073425601,1.5451341180952,-0.69068453389184,0.549910151453,-0.31544596881131,0.34791887090562
3019270000000,-1.6142296273212,-0.6083492753346,1.5452479016259,-0.68990378947771,0.55054845203262,-0.31593462774811,0.34801504883905
3019280000000,-1.6153190826642,-0.60574332182957,1.5453947573679,-0.68901715335603,0.55117866679718,-0.3165634265423,0.34820257986499
3019290000000,-1.6164782256014,-0.6031143670665,1.5455874992883,-0.68800647802096,0.55182310388077,-0.3173487121483,0.34846541165861
3019300000000,-1.6177111285103,-0.60046285750535,1.5458297302244,-0.68686401642324,0.55250360555735,-0.3182899910278,0.34878226789873
3023110000000,-1.4246618837133,0.26909288369846,1.5299639158224,-0.49330530830515,0.74267221725117,-0.3879774187587,0.23358376025428
3023120000000,-1.4227093223926,0.27080012544963,1.5304236859445,-0.49338087436569,0.74276895134981,-0.38790687058809,0.23323348274083
3023130000000,-1.4207637299792,0.27251196596148,1.5309098883823,-0.49350582388069,0.7427918090125,-0.38788256298309,0.23293657418585
3023140000000,-1.4188586527673,0.27422676196732,1.5314397181742,-0.4937246755852,0.74273211854665,-0.38788964198154,0.23265117760484
3023150000000,-1.4170150525098,0.27594531839614,1.5320182939003,-0.49405567715268,0.7425938065234,-0.38791442813714,0.23234849435563
3023160000000,-1.4152242191043,0.27767347914992,1.5326242045332,-0.49445548957765,0.74241059047011,-0.38794606805613,0.23203045546682
3023170000000,-1.4134731264265,0.27941758795864,1.5332323657152,-0.4948719698366,0.7422205173179,-0.38797418539728,0.23170340655181
3023180000000,-1.4117485191637,0.28118356744045,1.5338179601606,-0.49525302759547,0.74206171908638,-0.38798846441545,0.23137371329653
3023190000000,-1.4100367404452,0.28297671220165,1.5343566551946,-0.49554671857984,0.74197235050811,-0.3879786280668,0.23104775469505
3023200000000,-1.4083287344789,0.28480167233235,1.5348344911246,-0.49572513274954,0.74197342491475,-0.38793929701749,0.2307273960983
3023210000000,-1.4066273623318,0.28666297105494,1.5352608679363,-0.49581687498584,0.74204543163769,-0.38787663820243,0.2304038137742
3023220000000,-1.404937284763,0.28856530440621,1.5356484341499,-0.4958586665608,0.74216298700909,-0.38779843295943,0.23006664013823
3023230000000,-1.4032633737698,0.29051367834416,1.5360095902479,-0.49588721672822,0.74230068659306,-0.38771244669559,0.22970550199404
3023240000000,-1.4016108416338,0.29251349727535,1.5363563081759,-0.4959391882733,0.74243312347182,-0.38762648005972,0.22931003175442
3023250000000,-1.3999818492519,0.29456419373518,1.5366955082536,-0.49604238153471,0.74253730016926,-0.3875523416018,0.22887441119024
3023260000000,-1.3983705633406,0.29665019247008,1.5370231390973,-0.49620370729843,0.7425959340017,-0.38751122327367,0.22840361534874
3023270000000,-1.3967700106007,0.29875370468582,1.5373336228835,-0.49642709247897,0.74259255127669,-0.38752564197199,0.22790419358901
3023280000000,-1.3951732566323,0.3008569232207,1.5376214509551,-0.49671648237928,0.74251065150482,-0.38761807697679,0.22738270588471
3023290000000,-1.3935734487531,0.30294211260269,1.5378811662709,-0.49707575248214,0.74233377870944,-0.38781090270531,0.22684567667066
3023300000000,-1.3919674088463,0.3050029074788,1.538110707784,-0.49749475986554,0.74206815918889,-0.3881053837799,0.22629189580144
3023310000000,-1.390360409592,0.30705977492764,1.5383160978862,-0.49793018223332,0.74177394961446,-0.38845284678865,0.22570185448118
3023320000000,-1.3887588041918,0.30913695373354,1.5385045551394,-0.49833382928339,0.74151925016649,-0.38879757850834,0.22505341403838
3023330000000,-1.3871685570252,0.31125837554665,1.5386834897737,-0.49865750937238,0.7413722752107,-0.38908400933046,0.22432447833166
3023340000000,-1.3855948966103,0.31344739413342,1.5388607067708,-0.49885317016445,0.74140111532145,-0.38925667688518,0.22349304310716
3023350000000,-1.3840411934397,0.31571568170284,1.5390406144588,-0.4988963464188,0.74163298087835,-0.38929658688984,0.22255589104624
3023360000000,-1.3825083398095,0.31804852240735,1.5392185052999,-0.49881868787528,0.74199795699808,-0.38927181525836,0.22155451311702
3023370000000,-1.3809972344726,0.32042760767244,1.5393883251977,-0.49866029661282,0.74241204641226,-0.38926307445483,0.22053689212907
3023380000000,-1.3795095012887,0.32283513793052,1.5395438470101,-0.49846150931813,0.74279143358912,-0.3893512067263,0.21955101397099
3023390000000,-1.3780478489178,0.32525404346708,1.5396784869955,-0.49826263523203,0.74305266076436,-0.3896171451604,0.21864484869236
3023400000000,-1.376613901885,0.32767627102847,1.5397878567911,-0.49808556842179,0.7431529337996,-0.39010080561747,0.21784362504234
3023410000000,-1.3752042466958,0.33011373309577,1.5398736885454,-0.49790840711671,0.74314619670674,-0.39074373756046,0.21711812453156
3023420000000,-1.3738144336558,0.33258109736307,1.5399386063565,-0.49770264581504,0.74310050314721,-0.39147314758021,0.21643126690641
3023430000000,-1.3724395247335,0.3350927562148,1.5399853636863,-0.49743976720738,0.74308392494299,-0.39221627345944,0.21574603895685
3023440000000,-1.3710738391912,0.33766268046046,1.5400170641961,-0.49709146174355,0.74316443747236,-0.39290044577256,0.2150254339602
3023450000000,-1.3697168679985,0.34029845073069,1.5400384841007,-0.4966394750946,0.7433828643705,-0.39348372753383,0.21424683172489
3023460000000,-1.3683823077458,0.34299338222396,1.5400574454276,-0.49608919095693,0.74371504527435,-0.39399792589047,0.21342230540005
3023470000000,-1.36708611839,0.3457389558441,1.5400821748003,-0.49544951356045,0.74412720740752,-0.39448565173857,0.21256892830562
3023480000000,-1.3658445691007,0.34852698921471,1.5401207162726,-0.49472935508973,0.74458554832947,-0.39498955131145,0.2117037571376
3023490000000,-1.3646743146058,0.35134963733223,1.5401807497734,-0.49393756976621,0.74505631838888,-0.39555226300754,0.21084393951897
3023500000000,-1.3635801196789,0.35420074806977,1.5402639679377,-0.49308655519133,0.7455124529794,-0.39619888559411,0.21000779651281
3023510000000,-1.3625373524201,0.35707754308757,1.5403585065361,-0.49219751739409,0.74594289477257,-0.39691231181809,0.20921619998611
3023520000000,-1.3615171505982,0.35997751940572,1.5404505565902,-0.49129306888582,0.74633905172322,-0.39766931455457,0.20849042327968
3023530000000,-1.3604909153432,0.36289807602911,1.540526449486,-0.49039596334388,0.74669244457178,-0.39844678735097,0.20785175006514
3023540000000,-1.3594305560201,0.36583668302091,1.5405728030434,-0.4895290548649,0.74699474935119,-0.39922171986173,0.20732141055731
3023550000000,-1.3583210882899,0.3687939814932,1.5405815694501,-0.4887040742442,0.74725169018832,-0.39996824763884,0.20690248961416
3023560000000,-1.3571778878503,0.37177792872819,1.5405568326241,-0.487905641745,0.74750264949196,-0.40065342092883,0.20655437553808
3023570000000,-1.3560205427974,0.37479762313935,1.5405043531263,-0.48711422396476,0.74779195341959,-0.40124314032425,0.20623013735837
3023580000000,-1.3548681139911,0.37786209102676,1.5404297741243,-0.48631019631742,0.74816384053593,-0.40170323764488,0.20588290249037
3023590000000,-1.353738850562,0.38098011388701,1.5403387050281,-0.48547386784787,0.74866227694406,-0.40199964080466,0.20546583051856
3023600000000,-1.3526467168756,0.38415565980358,1.5402362521926,-0.48457936249103,0.74930275359827,-0.40214122661178,0.2049650183739
3023610000000,-1.3515972255563,0.38738168304854,1.5401261339019,-0.4835860184795,0.7500322694246,-0.40224101689939,0.20444637897668
3023620000000,-1.3505947970371,0.39064964181879,1.5400117520684,-0.48245115589749,0.75078756782915,-0.40242779559313,0.20398720425662
3023630000000,-1.3496440331765,0.39395114708019,1.5398961294606,-0.48113214348284,0.75150528473433,-0.40283053783667,0.20366449202107
3023640000000,-1.3487496619447,0.39727794328382,1.5397815960521,-0.47958617371337,0.75212188112886,-0.40357782818248,0.20355518787212
3023650000000,-1.3479137243982,0.40062575396594,1.5396671350755,-0.47779326686425,0.75260072553668,-0.40473519468996,0.20370361862305
3023660000000,-1.3471316197424,0.40399984589488,1.5395452777916,-0.47578990943233,0.75297147403539,-0.40621611333323,0.20407447326845
3023670000000,-1.3463977168955,0.40740693304215,1.5394076326532,-0.47362114946104,0.75327386409033,-0.40791143340011,0.20462100323058
3023680000000,-1.3457065202444,0.41085384332079,1.5392460739155,-0.47133248049238,0.75354810543663,-0.40971237680599,0.20529664857896
3023690000000,-1.3450528926628,0.41434756040992,1.5390531304961,-0.4689700145502,0.75383511586903,-0.41151088498012,0.20605468953264
3023700000000,-1.3444347846988,0.41789124343368,1.5388274213441,-0.46657550264271,0.75417554708137,-0.4132093349284,0.20684436189138
3023710000000,-1.3438568337727,0.42147843423057,1.5385805340187,-0.46417893673623,0.75460811181932,-0.414733872056,0.20760618400314
3023720000000,-1.3433248967875,0.42510135490087,1.538325819753,-0.46180878870904,0.75517174675375,-0.41601401560532,0.20828013442458
3023730000000,-1.342844998215,0.42875236503476,1.5380765192314,-0.45949378417262,0.75590574680867,-0.41697922153017,0.20880683192954
3023740000000,-1.3424231978427,0.43242391084974,1.5378460311457,-0.45726276590877,0.75684935089623,-0.41755916849816,0.20912714736385
3023750000000,-1.3420559957688,0.43610727980275,1.5376414051646,-0.45513989927694,0.7580124035554,-0.41772583096755,0.2092128062161
3023760000000,-1.3417166050185,0.43979064296995,1.5374531140071,-0.4531379199963,0.75933322700133,-0.41755421413842,0.20911134375833
3023770000000,-1.341374970937,0.4434613938123,1.5372687462168,-0.45126780159624,0.7607393607142,-0.41713495691366,0.20888136351356
3023780000000,-1.3410015111071,0.44710671751763,1.5370748347916,-0.44954062763934,0.76215857792477,-0.41655872322833,0.20858177365174
3023790000000,-1.3405674437569,0.45071374502132,1.5368563916696,-0.44796771520349,0.76351917302607,-0.41591597572662,0.20827217695198
3023800000000,-1.3400590040411,0.4542776113329,1.5366019087503,-0.44655177651074,0.76477438485899,-0.41527108563994,0.20799417441381
3023810000000,-1.3394972352013,0.45781312653632,1.5363118003047,-0.44527374601383,0.76593752246705,-0.41462469371974,0.20774351047785
3023820000000,-1.3389079455868,0.46133825937921,1.5359885983111,-0.44411113763483,0.76703068746548,-0.41396770144374,0.20750894938849
3023830000000,-1.3383162641415,0.46487107196965,1.5356351888227,-0.44304132483941,0.76807574831321,-0.41329087243163,0.20727924185107
3023840000000,-1.3377465095912,0.46842959866312,1.5352548600446,-0.44204155481477,0.76909433325007,-0.41258489718134,0.20704316699044
3023850000000,-1.3372161764896,0.47202665284684,1.5348515098206,-0.44109334259779,0.77009689220476,-0.41185107388255,0.20679974050822
3023860000000,-1.3367274859985,0.47566233652447,1.5344297416697,-0.44018896251849,0.77106678976714,-0.41111704070781,0.20657313918986
3023870000000,-1.3362803503485,0.47933480075336,1.5339942213084,-0.43932233757186,0.77198342267903,-0.41041456939152,0.20639127900746
3023880000000,-1.3358746153892,0.4830421712122,1.5335495168887,-0.4384874213295,0.77282630333948,-0.40977553722045,0.20628207701623
3023890000000,-1.3355101059873,0.48678254661388,1.5330999623112,-0.43767818987242,0.7735750652327,-0.40923181053314,0.20627347335028
3023900000000,-1.3351882122704,0.49055299935005,1.5326490615745,-0.43688045496624,0.77422376280576,-0.40880551818343,0.20637606808484
3023910000000,-1.3349140581346,0.49434816570115,1.532198964094,-0.43605972404792,0.7748019205068,-0.40849474572875,0.20655736189791
3023920000000,-1.3346931442666,0.49816232811188,1.5317516526894,-0.4351783575059,0.77534429883599,-0.40829374345489,0.2067782253444
3023930000000,-1.3345304202228,0.50198979055754,1.5313092515915,-0.43419860292133,0.77588550513113,-0.40819663433311,0.20699942963134
3023940000000,-1.3344298121439,0.50582489702352,1.5308741029513,-0.43308260712282,0.77645992237721,-0.40819749539623,0.20718168138596
3023950000000,-1.3343897225687,0.50966043998619,1.5304499167132,-0.43181206733919,0.77708907657043,-0.4082872560422,0.20729790671568
3023960000000,-1.3343976875703,0.51348527160099,1.5300433476711,-0.43041748662886,0.77776315693236,-0.40844901757803,0.20735153474773
3023970000000,-1.3344401354099,0.51728759728656,1.5296615366397,-0.42893686812982,0.77846770553046,-0.40866475317352,0.20735070320294
3023980000000,-1.3345044077097,0.52105559297503,1.5293117323177,-0.42740831758977,0.77918846162207,-0.40891649275,0.20730357760336
3023990000000,-1.334579029704,0.52477742264305,1.5290013163243,-0.42587004360103,0.77991138882111,-0.40918637620623,0.20721834155692
3024000000000,-1.3346559565206,0.52844367253167,1.5287360903958,-0.424351951907,0.78061518768881,-0.40947585759143,0.20711077159833
3024010000000,-1.3347332560273,0.53205094546378,1.5285176579679,-0.42286309326996,0.78126001404922,-0.40983439215987,0.20701537575969
3024020000000,-1.3348099754503,0.53559675504837,1.528346895677,-0.42140940142069,0.78180318600893,-0.41031895305374,0.20696920424408
3024030000000,-1.3348853915817,0.53907862730388,1.5282244016687,-0.41999683014004,0.78220197551849,-0.41098659050241,0.20700906887016
3024040000000,-1.3349591830739,0.5424940929593,1.5281501549859,-0.4186312532165,0.78241358674771,-0.41189410716305,0.20717166212425
3024050000000,-1.3350319792135,0.54584222908387,1.5281224499362,-0.41731955777995,0.78242752518548,-0.41305114891714,0.20746156970557
3024060000000,-1.3351056621044,0.5491259536923,1.5281373478275,-0.41607155137878,0.78231460840579,-0.41435023330181,0.2078032766125
3024070000000,-1.3351820672453,0.55234882629372,1.528191125361,-0.41489757368571,0.78215872741565,-0.41566593952726,0.20810947886667
3024080000000,-1.3352625516306,0.55551445014143,1.5282811986113,-0.4138081949612,0.78204447846332,-0.41687312440988,0.20829308589756
3024090000000,-1.3353477123864,0.55862643708146,1.5284066891595,-0.41281430642105,0.78205684414292,-0.41784722619411,0.20826698371372
3024100000000,-1.3354333183021,0.56168809390691,1.5285643281028,-0.4119250211604,0.78223648841567,-0.41852188598245,0.20799827904773
3024110000000,-1.3355049020341,0.56470200191207,1.5287406945954,-0.41114435865585,0.78251257108227,-0.41897565150125,0.20759045231606
3024120000000,-1.3355466351306,0.56767050952547,1.5289203392783,-0.41047563433557,0.78279682576064,-0.41930944628505,0.20716773747859
3024130000000,-1.3355432685021,0.5705959242955,1.5290870064544,-0.4099221789688,0.78300102004339,-0.41962420872014,0.20685437693334
3024140000000,-1.3354806130008,0.5734806005411,1.5292233421661,-0.40948715398927,0.78303714605527,-0.42002063683679,0.20677466780676
3024150000000,-1.3353542427212,0.57632695996181,1.5293172802725,-0.4091618491231,0.7828581131399,-0.42056121588839,0.20699763187938
3024160000000,-1.3351814089783,0.57913737153164,1.5293725192641,-0.40890825077947,0.7825195982476,-0.42121294628096,0.20745306622995
3024170000000,-1.3349821598565,0.58191421825505,1.5293953856834,-0.4086837722967,0.78209321276131,-0.42192800471962,0.20804936829356
3024180000000,-1.334775523932,0.58465982303447,1.5293925062542,-0.40844594835836,0.78165078934878,-0.42265865548712,0.20869502083633
3024190000000,-1.3345790427532,0.58737640739768,1.529370967239,-0.40815260023095,0.78126438143718,-0.4233574367123,0.20929859531944
3024200000000,-1.3344002826459,0.59006686602577,1.5293351506684,-0.4077784401316,0.78098071039897,-0.42399053469463,0.20980443331331
3024210000000,-1.3342251118232,0.59273602842771,1.5292814837285,-0.40734020449127,0.78078208374637,-0.42455792400947,0.21024715138725
3024220000000,-1.3340362952829,0.59538901656654,1.5292051518636,-0.40686113103694,0.7806406626429,-0.42506480920177,0.21067530433835
3024230000000,-1.3338170484456,0.59803096213191,1.5291013067705,-0.40636443060941,0.78052850695348,-0.42551636810915,0.2111374430073
3024240000000,-1.3335513027921,0.60066703400463,1.5289650776215,-0.40587324086252,0.78041764686213,-0.42591770920731,0.2116821055298
3024250000000,-1.3332321153817,0.60329743606764,1.5287948166845,-0.40540367530167,0.78028701980667,-0.42627898867088,0.2123352316288
3024260000000,-1.3328739243908,0.60590965973443,1.5285969286241,-0.40495420850524,0.78013310884978,-0.42662338758861,0.21306549850385
3024270000000,-1.3324943757129,0.60848921634092,1.5283788587811,-0.40452052168174,0.77995521408781,-0.42697611752371,0.21383266032098
3024280000000,-1.332110882796,0.61102156647292,1.528147672059,-0.40409829330315,0.77975270422181,-0.42736242550936,0.21459647450743
3024290000000,-1.331740489164,0.61349208811406,1.5279098983125,-0.40368326730957,0.77952497926091,-0.42780757920705,0.21531674708565
3024300000000,-1.3313933993095,0.61589238878798,1.5276705533145,-0.40327354354786,0.77927550326674,-0.42832032360232,0.21596721851226
3024310000000,-1.3310633157039,0.61823012990436,1.5274321336976,-0.40287303609815,0.77901809212874,-0.42886736017731,0.21655695854832
3024320000000,-1.3307414459012,0.62051550575646,1.5271969669339,-0.40248664345692,0.77876818296023,-0.42940884080632,0.21710059070621
3024330000000,-1.3304191172741,0.62275876493665,1.5269677434379,-0.40211929848298,0.7785412601986,-0.42990494523923,0.21761276160828
3024340000000,-1.3300878352813,0.62497021523695,1.5267476656166,-0.40177589324026,0.77835285729721,-0.43031594115348,0.21810811983384
3024350000000,-1.3297420874287,0.6271562422696,1.5265387679838,-0.40145359836213,0.77820647425457,-0.43062977776221,0.21860394848867
3024360000000,-1.3293835326322,0.62931304889548,1.5263388456986,-0.40112998489741,0.77807476857946,-0.4309048120241,0.21912424030832
3024370000000,-1.3290148865514,0.63143521470117,1.5261448644984,-0.40077941519454,0.77792546864785,-0.43121037392601,0.21969396669899
3024380000000,-1.3286387442117,0.63351727608907,1.5259534991474,-0.40037613076635,0.77772616246755,-0.43161570918314,0.22033803510153
3024390000000,-1.3282575086714,0.63555370537931,1.5257609903898,-0.39989431985223,0.77744423743797,-0.43218985094123,0.22108125964859
3024400000000,-1.3278716480404,0.63754131877088,1.5255638344655,-0.39932356032272,0.77706467747702,-0.43296477807497,0.22192945305932
3024410000000,-1.3274771687633,0.63948313428091,1.5253602991995,-0.39869297952505,0.77661824581239,-0.43387823708779,0.22284004068011
3024420000000,-1.3270694264604,0.64138316274776,1.5251491232652,-0.39803814804467,0.77614325277313,-0.43485333009508,0.22376296650949
3024430000000,-1.3266438936806,0.64324544964086,1.5249293287539,-0.39739486969694,0.7756784901066,-0.43581341473932,0.22464831416629
3024440000000,-1.3261962408345,0.64507410749894,1.5247002831922,-0.39679910184674,0.77526323861212,-0.43668219973539,0.22544631304265
3024450000000,-1.3257245855756,0.64687289479882,1.5244635090859,-0.3962675136512,0.77492504103645,-0.43741547258875,0.22612152206128
3024460000000,-1.325232839848,0.64864446253842,1.5242253167132,-0.39576693691451,0.77466031938208,-0.43805061857114,0.2266750466849
3024470000000,-1.3247257941251,0.65039127538281,1.5239926698531,-0.39525615632653,0.77446037473132,-0.43863772945685,0.22711371855073
3024480000000,-1.3242080903607,0.65211573920806,1.5237724145461,-0.39469382321222,0.77431630444122,-0.4392267400041,0.22744431727345
3024490000000,-1.3236840499682,0.65382015117893,1.5235712317083,-0.39403853266336,0.7742189866192,-0.4398674106893,0.22767357454993
3024500000000,-1.323154061193,0.65550584988113,1.5233907816179,-0.39326819101558,0.77416157521806,-0.44058692227507,0.22780945834491
3024510000000,-1.3226093021971,0.65717201890563,1.5232202254885,-0.39241057403123,0.77414361383944,-0.44135466476832,0.22786326256626
3024520000000,-1.3220396130883,0.65881746769215,1.5230468550952,-0.39150143222236,0.77416578199542,-0.44213094323972,0.22784687749721
3024530000000,-1.3214351201623,0.66044102650954,1.522858125962,-0.39057657344402,0.77422894515549,-0.44287612978162,0.22777228635151
3024540000000,-1.3207863981683,0.66204163492965,1.5226417027091,-0.38967184207862,0.77433418345808,-0.44355067749637,0.22765154142212
3024550000000,-1.3200875829017,0.66361826019814,1.5223910294038,-0.38881484892152,0.77448255221111,-0.44412429761738,0.22749373144018
3024560000000,-1.3193409612202,0.66516954061621,1.5221140335595,-0.3880118336034,0.77467461722812,-0.44459044631674,0.22730021876379
3024570000000,-1.3185501166075,0.66669407578695,1.521820892946,-0.38726560597929,0.77491083725176,-0.44494632847496,0.22707115517372
3024580000000,-1.3177186318575,0.66819046245039,1.5215217332071,-0.38657893642766,0.7751916480219,-0.4451891084668,0.2268067292875
3024590000000,-1.3168500783261,0.66965728743988,1.5212266227294,-0.38595454422469,0.77551744612347,-0.44531593251182,0.22650717604874
3024600000000,-1.3159445651476,0.67109479629355,1.5209400414905,-0.38538763195808,0.77588364524149,-0.44533488177958,0.22618086844578
3024610000000,-1.3149932115077,0.67250747922022,1.5206520616166,-0.38485401282779,0.77627280207899,-0.44528244178503,0.22585719514937
3024620000000,-1.3139856445166,0.67390044742945,1.5203504371085,-0.38432641558146,0.77666539412314,-0.44519970202421,0.22556883023903
3024630000000,-1.3129113772856,0.67527872721452,1.5200229509958,-0.3837775619848,0.77704190275362,-0.44512779012562,0.22534842963711
3024640000000,-1.31175975485,0.67664723175699,1.5196575403312,-0.38318016198662,0.77738284696389,-0.44510776845148,0.22522865530471
3024650000000,-1.3105258259157,0.67800984352708,1.5192513626373,-0.38251274352733,0.77768215227279,-0.44516151980878,0.22522364963986
3024660000000,-1.3092199538022,0.67936803041493,1.5188250286112,-0.38176901100874,0.77796857618687,-0.44526120672507,0.2252992997879
3024670000000,-1.3078550119937,0.68072286620778,1.5184028550099,-0.3809450855928,0.77827642680654,-0.44537091387246,0.2254138290264
3024680000000,-1.3064439351214,0.68207535850979,1.518009010335,-0.3800370769461,0.77863997531285,-0.44545466612446,0.22552549616179
3024690000000,-1.304999654957,0.68342637247052,1.5176674097447,-0.3790410798822,0.77909339488318,-0.44547653809067,0.22559254380828
3024700000000,-1.3035299399798,0.68477604388868,1.5173921250262,-0.37795811406137,0.77965395204402,-0.44541717854043,0.22559015080096
3024710000000,-1.3020292455849,0.68612303567865,1.5171721289148,-0.3768021467033,0.78029507224806,-0.44530035665332,0.22553787892416
3024720000000,-1.3004899217855,0.6874658015782,1.5169923630774,-0.37558926043954,0.78098320343282,-0.44515689926081,0.22546236590345
3024730000000,-1.298904457701,0.6888028994533,1.5168377695541,-0.37433559990391,0.78168491818156,-0.44501772992206,0.2253902557501
3024740000000,-1.2972655723711,0.6901330985364,1.5166933316366,-0.37305738152812,0.78236696252414,-0.44491378799571,0.22534827997888
3024750000000,-1.2955719681645,0.69145677468605,1.5165507627922,-0.37176730560214,0.78300547614953,-0.444867170297,0.22535459968039
3024760000000,-1.2938374851192,0.69277793978521,1.5164192393797,-0.3704687141563,0.78360082941975,-0.44487688148608,0.2254045968548
3024770000000,-1.2920783893704,0.69410124555574,1.5163107112665,-0.3691634245619,0.78415729408536,-0.44493817935669,0.22548995686994
3024780000000,-1.2903109551579,0.69543136899703,1.5162370426526,-0.36785325198915,0.78467912962743,-0.44504633501518,0.22560232316557
3024790000000,-1.2885514348098,0.69677299126288,1.5162099695339,-0.36653999029627,0.78517059177959,-0.44519665260512,0.22573328914297
3024800000000,-1.2868101921741,0.69813041234291,1.5162343648569,-0.36522171343954,0.78563814850024,-0.44538257379106,0.22587643218505
3024810000000,-1.2850820857279,0.69950698064373,1.5162973607712,-0.36388671339423,0.78609407554787,-0.44559253521236,0.22603065448452
3024820000000,-1.2833593657358,0.70090586014902,1.5163832690452,-0.36252167216455,0.78655151826719,-0.4458141161126,0.22619575636454
3024830000000,-1.2816341567776,0.70233015394021,1.5164764804763,-0.36111323760637,0.7870235476909,-0.44603485671199,0.22637153443705
3024840000000,-1.2798984504828,0.70378284538152,1.5165615215407,-0.35964803137638,0.7875231489394,-0.4462422781318,0.22655774676539
3024850000000,-1.2781442676804,0.70526211376231,1.5166306148733,-0.35811615620291,0.78805596817075,-0.44642997853273,0.22676173390627
3024860000000,-1.2763641060784,0.70675375707475,1.516695912099,-0.35651694478774,0.78860843404106,-0.44660769411554,0.22701095435095
3024870000000,-1.2745507924569,0.70824149009715,1.516772795557,-0.35485121329072,0.7891637803173,-0.44678793384686,0.22733606495729
3024880000000,-1.2726974412422,0.70970902349972,1.5168766905725,-0.35311975083351,0.78970516813627,-0.44698330409066,0.22776767736958
3024890000000,-1.2707974771924,0.71114017896724,1.5170231751439,-0.3513233426462,0.79021573397539,-0.44720633521868,0.228336366858
3024900000000,-1.2688508228286,0.71252690910206,1.5172201380741,-0.34947008444817,0.79069585423087,-0.44744646532973,0.22904669140119
3024910000000,-1.2668738489935,0.71388235754322,1.5174544288762,-0.34758757003735,0.79119165566411,-0.44763231351402,0.22983462981262
3024920000000,-1.2648853029042,0.71522330115356,1.5177091791999,-0.34570688464654,0.79175696967846,-0.44768237386818,0.23062554715668
3024930000000,-1.2629036045988,0.71656661239384,1.5179669789232,-0.34385937238671,0.79244580052084,-0.44751511396094,0.23134521398815
3024940000000,-1.2609468594913,0.71792912180891,1.5182096495229,-0.34207638137941,0.79331209008826,-0.44704928115743,0.23191941971036
3024950000000,-1.2590292514211,0.71931982626167,1.5184243984227,-0.34037947985982,0.79437261089064,-0.44625979469468,0.23230617812748
3024960000000,-1.2571552608571,0.7207272130001,1.518614650986,-0.33876476343424,0.79554611078229,-0.445270142971,0.23254960858516
3024970000000,-1.2553280076705,0.7221364905776,1.5187865713521,-0.33722417921619,0.79673581783183,-0.44422866858466,0.23270749782358
3024980000000,-1.2535508669585,0.72353304823087,1.5189464642747,-0.33574998454892,0.79784567997521,-0.4432841255621,0.23283771783142
3024990000000,-1.2518274768789,0.72490256630893,1.5191008290576,-0.33433490080279,0.79878033317686,-0.44258529533028,0.23299873345676
3025000000000,-1.2501546634572,0.72623568917848,1.5192548333947,-0.33297073996458,0.79948444344286,-0.442222852361,0.23322534139754
3025010000000,-1.2485104713156,0.72753541775034,1.5194097585059,-0.33164588690986,0.80000817174399,-0.44213292103967,0.23348749639228
3025020000000,-1.2468697417065,0.72880650724491,1.5195664155419,-0.33034801621001,0.80041862546172,-0.4422258287388,0.23374457982243
3025030000000,-1.2452071393899,0.73005335674218,1.5197258127316,-0.32906467574156,0.8007827064963,-0.44241172941499,0.23395588864485
3025040000000,-1.243497086506,0.73127993476185,1.5198890731561,-0.32778330950171,0.80116722103238,-0.44260088039887,0.23408042768568
3025050000000,-1.2417238787234,0.73248697268271,1.5200588005664,-0.3264928187528,0.8016168952638,-0.44273314748385,0.23409432425738
3025060000000,-1.2398989028555,0.73366762325762,1.5202415421851,-0.32518616498189,0.80211754837209,-0.4428271311915,0.23402035932505
3025070000000,-1.2380381658874,0.73481392736904,1.5204444884391,-0.3238569859783,0.80264523867733,-0.44291449376476,0.23388891524562
3025080000000,-1.236157857491,0.73591808955204,1.5206749620281,-0.3224989316224,0.80317602893718,-0.44302690384606,0.23373033203177
3025090000000,-1.2342743570054,0.73697250400872,1.520940559011,-0.32110568885038,0.80368601353012,-0.44319594100532,0.23357501176366
3025100000000,-1.2323990170075,0.73797226846941,1.5212461016209,-0.31968842763214,0.80414931790337,-0.44344652707426,0.23344884103248
3025110000000,-1.2305293124214,0.73891932390604,1.5215881918189,-0.31830523353916,0.80453483327589,-0.44378613839088,0.23336525816716
3025120000000,-1.2286604392933,0.7398168086075,1.5219620335754,-0.317022093766,0.80481083921482,-0.44421956784375,0.23333555385169
3025130000000,-1.2267876966567,0.74066813344047,1.5223627344047,-0.3159051085647,0.80494584526442,-0.44475180147036,0.23337091434698
3025140000000,-1.2249065912734,0.74147728808224,1.5227852140867,-0.315020403214,0.80490851191822,-0.4453878865527,0.23348246939034
3025150000000,-1.223014224321,0.74225088484362,1.5232260308915,-0.31441323045059,0.80468967114993,-0.44611320579363,0.2336704116459
3025160000000,-1.2211113729929,0.74300068403449,1.5236867020625,-0.31407275459638,0.80433974221177,-0.44686029802518,0.23390544663987
3025170000000,-1.2191992778198,0.743739051057,1.5241695684426,-0.31397881220582,0.80391907466259,-0.44755291997915,0.23415339138609
3025180000000,-1.2172789408189,0.74447783218603,1.5246769167624,-0.31411129423531,0.80348810920075,-0.4481149434743,0.23437992798415
3025190000000,-1.2153510341653,0.74522813425361,1.5252108725063,-0.31445013889276,0.80310734465466,-0.44847042634638,0.23455059114137
3025200000000,-1.2134163381604,0.74599710633818,1.5257702528198,-0.31496441928318,0.80281776002467,-0.44857907329,0.23464414286501
3025210000000,-1.2114767503468,0.7467829315644,1.5263455761028,-0.31559380331375,0.80260755946873,-0.44849657402707,0.23467526473743
3025220000000,-1.209534381859,0.74758221220162,1.5269261687022,-0.31627303035438,0.8024561078083,-0.44829459199066,0.23466470570484
3025230000000,-1.2075913685089,0.74839129908232,1.5275017645858,-0.31693688079398,0.80234286528637,-0.44804485430891,0.23463322152659
3025240000000,-1.2056498703578,0.74920614488733,1.5280627099907,-0.31752024554797,0.80224747709198,-0.44781917888131,0.23460149656977
3025250000000,-1.2037096304378,0.75002331044704,1.5286031851863,-0.31797947832739,0.80215923134045,-0.44766235343449,0.23458055387317
3025260000000,-1.2017638670105,0.75084212491355,1.529126141504,-0.31832883378682,0.80209311765898,-0.44754568414018,0.23455541944605
3025270000000,-1.1998046972768,0.75166248739368,1.5296358704502,-0.3185922394635,0.80206835454407,-0.44742813745889,0.23450671931239
3025280000000,-1.1978242351884,0.752484439776,1.5301364459091,-0.31879359540633,0.80210409627562,-0.44726864697424,0.23441505860249
3025290000000,-1.1958145820611,0.75330817135691,1.5306315957236,-0.31895677570688,0.80221940018745,-0.44702613715177,0.23426105501498
3025300000000,-1.1937721895391,0.75413068742316,1.5311240864025,-0.31910805300376,0.80241603210413,-0.44668310933663,0.23403581299402
3025310000000,-1.1917054543343,0.75494008712335,1.5316150203629,-0.31928030877414,0.80264901533213,-0.446286210851,0.23375897976273
3025320000000,-1.1896248383617,0.75572308062052,1.5321052802415,-0.31950759247414,0.80286559218368,-0.44589287128679,0.23345510612224
3025330000000,-1.187540944612,0.75646669421959,1.5325958577933,-0.3198240127964,0.80301309678902,-0.44556053661819,0.23314882678801
3025340000000,-1.1854645899489,0.75715853082404,1.5330879207485,-0.32026365893272,0.80303895001967,-0.44534665035554,0.2328647558894
3025350000000,-1.1834045882647,0.75779298189701,1.5335817325687,-0.32083440040614,0.80291790146021,-0.44528572980118,0.23261287553831
3025360000000,-1.1813636759006,0.75838121254068,1.534074635159,-0.321472715745,0.80269923628919,-0.44534980667582,0.23236346267453
3025370000000,-1.1793434867209,0.75893690468014,1.5345634879308,-0.3221030191345,0.8024448646411,-0.44550052304677,0.23208009014266
3025380000000,-1.1773454962545,0.75947308262495,1.5350451472388,-0.32264974754644,0.80221681590207,-0.44569966305395,0.23172641421675
3025390000000,-1.1753708922473,0.76000171832882,1.5355164411713,-0.32303744240382,0.80207721616578,-0.4459090539713,0.23126622256475
3025400000000,-1.1734187824496,0.76053118596721,1.5359756207158,-0.32321431631986,0.8020699336693,-0.44609869671489,0.23067787067444
3025410000000,-1.1714833898367,0.76106299706356,1.5364249464392,-0.3231930899828,0.802188708518,-0.44626112484332,0.2299793707426
3025420000000,-1.1695581800785,0.76159778885707,1.5368673721801,-0.32299735860911,0.80241869867613,-0.44639264596881,0.22919542746618
3025430000000,-1.167636736323,0.76213664403473,1.5373059093289,-0.32265066302261,0.80274499246865,-0.44648960056692,0.22835074622862
3025440000000,-1.1657128131815,0.76268119569263,1.5377436751319,-0.32217650716894,0.80315265285793,-0.44654842313521,0.22747004249164
3025450000000,-1.1637827976303,0.76323055210501,1.5381831342042,-0.32159671028184,0.80362594721243,-0.44657164002419,0.22657154108346
3025460000000,-1.1618499364425,0.76377571261869,1.5386246459204,-0.3209285182141,0.80414692901383,-0.44657827738874,0.22565558915976
3025470000000,-1.1599187206147,0.76430638996455,1.5390681888202,-0.32018847078043,0.8046973038386,-0.44659014688473,0.22471945416374
3025480000000,-1.1579937595626,0.76481252605155,1.5395136884518,-0.31939315324219,0.80525881326506,-0.4466290920798,0.22376038842682
3025490000000,-1.1560797612816,0.76528436073352,1.5399609958905,-0.31855915091573,0.80581323801832,-0.44671701535266,0.22277567415832
3025500000000,-1.1541778201538,0.76571433815978,1.5404097212495,-0.31770897075575,0.80634430810489,-0.44686583377917,0.22176743063178
3025510000000,-1.1522789058541,0.76610026594007,1.5408589764536,-0.31688155612392,0.80684114834099,-0.44705977222069,0.22075099273675
3025520000000,-1.1503723002726,0.7664408347115,1.5413077657255,-0.31611870281247,0.80729401109204,-0.44727834058218,0.2197440134182
3025530000000,-1.1484473405515,0.76673486556658,1.5417550547249,-0.31546228616556,0.80769335581317,-0.44750108859242,0.21876417597737
3025540000000,-1.1464934253866,0.76698154342422,1.5421997446392,-0.31495423864236,0.80802979698216,-0.44770764247623,0.2178291569523
3025550000000,-1.144502843878,0.76718359967355,1.5426405244117,-0.31460875662974,0.80830672109397,-0.44787713150537,0.21695080078377
3025560000000,-1.1424757430954,0.76735226812579,1.5430756972342,-0.31436313440304,0.80856255866929,-0.44798711019543,0.21612486563378
3025570000000,-1.1404135461767,0.76750000986717,1.543503524912,-0.31414135016218,0.80884155462796,-0.44801491825027,0.2153443397225
3025580000000,-1.1383176122606,0.76763873740089,1.5439223488174,-0.31386726962223,0.80918781245035,-0.44793786656211,0.21460216434482
3025590000000,-1.1361892545759,0.76777944107589,1.5443306611453,-0.31346473683827,0.80964526544448,-0.44773311773403,0.21389122980246
3025600000000,-1.1340305231811,0.76792964765824,1.544725547592,-0.31288765001023,0.81023541802717,-0.44739371050146,0.21321058521833
3025610000000,-1.1318456047589,0.76808997900656,1.5450997314693,-0.31217335904223,0.81091808909909,-0.44695736413628,0.21257648346071
3025620000000,-1.1296390778199,0.7682602037704,1.5454451949993,-0.31137366488575,0.81164270621907,-0.44646959484559,0.21200815818126
3025630000000,-1.1274155555168,0.76844067162206,1.545753947617,-0.31054044535592,0.81235898724839,-0.44597614770985,0.2115248999735
3025640000000,-1.1251797083009,0.76863257553358,1.5460180815681,-0.30972561507432,0.81301698597998,-0.44552301768512,0.21114607405206
3025650000000,-1.1229365827989,0.7688360417252,1.5462335069695,-0.30897154757165,0.81358242575523,-0.44514144047992,0.21087749349062
3025660000000,-1.1206921010455,0.76904597113339,1.5464063900621,-0.30829397680848,0.81406392388136,-0.44482100518803,0.21068703102471
3025670000000,-1.1184523235049,0.76925621007964,1.5465445081429,-0.3077040319815,0.81447740579879,-0.44454399665034,0.2105360282416
3025680000000,-1.1162232781189,0.76946040618258,1.546655302826,-0.30721281470969,0.81483871919333,-0.44429264888334,0.21038581304298
3025690000000,-1.1140109400243,0.7696519832091,1.54674569262,-0.306831355297,0.81516363382533,-0.44404921350011,0.21019768192161
3025700000000,-1.1118167984338,0.76983054986334,1.5468208058306,-0.30655117313254,0.815468164687,-0.44380349833218,0.20994405326467
3025710000000,-1.1096298981946,0.77001341013797,1.5468822699523,-0.3063094437742,0.81576915946274,-0.4435663437774,0.209628485164
3025720000000,-1.1074370918809,0.77022077341869,1.5469312775041,-0.30603392322424,0.81608352747065,-0.44335226366524,0.20925984882425
3025730000000,-1.1052251444697,0.77047245881389,1.5469693297908,-0.30565235172209,0.81642808794079,-0.44317576946338,0.20884696423134
3025740000000,-1.102980705316,0.77078759167043,1.5469984219293,-0.30509247524432,0.81681953709964,-0.44305127527167,0.20839863925124
3025750000000,-1.100695486602,0.77117549646491,1.5470220292793,-0.30431225445211,0.81726849432937,-0.44298468428575,0.20792024782387
3025760000000,-1.0983757956548,0.77162020310632,1.5470463262911,-0.30335441288119,0.81776893796649,-0.44295843490695,0.20740754380556
3025770000000,-1.0960305824311,0.77210162964922,1.547077805962,-0.30227641856946,0.81831206710483,-0.44295085876022,0.20685469376114
3025780000000,-1.0936689488601,0.77260023100405,1.5471226788485,-0.30113578842844,0.81888924286004,-0.44294033333814,0.20625592344945
3025790000000,-1.0913001794074,0.77309723707502,1.5471867074333,-0.29999010563956,0.81949199536214,-0.44290540239946,0.20560547313026
3025800000000,-1.0889260265923,0.77358054254,1.5472740439747,-0.29888154581267,0.82010799912405,-0.44284002846501,0.20490339317466
3025810000000,-1.0865266144476,0.77405468546349,1.5473855835949,-0.29780880925189,0.82071374838001,-0.44278106095416,0.2041660804647
3025820000000,-1.0840782171499,0.77452684663807,1.5475217446286,-0.29676312586781,0.82128381442419,-0.4427728978101,0.20341264526786
3025830000000,-1.0815570629574,0.77500400857895,1.5476831506931,-0.29573581568258,0.82179281796321,-0.44285997012124,0.20266212900012
3025840000000,-1.0789393800708,0.7754930530009,1.5478708054084,-0.29471819684813,0.82221544105637,-0.44308664138983,0.20193360581377
3025850000000,-1.0762112089461,0.77600210411183,1.5480842191479,-0.29370120136185,0.8225425993682,-0.44347070562359,0.20123868861858
3025860000000,-1.0733861179412,0.77654285442757,1.5483174824392,-0.29267477540211,0.82281093288195,-0.44395520193735,0.20056775225851
3025870000000,-1.0704823694767,0.77712768215887,1.5485636123298,-0.29162854844601,0.82306505471933,-0.44447006272103,0.19990765061874
3025880000000,-1.0675180638318,0.77776887371535,1.5488153872674,-0.29055210591702,0.82334957562849,-0.4449452235519,0.19924532139531
3025890000000,-1.0645111166984,0.77847845030716,1.5490652573674,-0.28943512204646,0.82370907128661,-0.44531066427657,0.19856759123195
3025900000000,-1.0614750105166,0.7792647000819,1.5493088007134,-0.28827689167305,0.82417104854887,-0.44552124989792,0.19786190222115
3025910000000,-1.0584110494059,0.78012622027061,1.5495512957971,-0.28710362463805,0.82471488884332,-0.44560223606784,0.19711800539569
3025920000000,-1.0553184046813,0.7810600027604,1.5497997733955,-0.2859463467934,0.82531162869987,-0.44559117966687,0.19632601175434
3025930000000,-1.0521962484612,0.7820632624432,1.5500612071085,-0.28483612998619,0.82593244079319,-0.44552562128095,0.19547609337746
3025940000000,-1.0490438037725,0.78313360895199,1.550342331368,-0.28380400853313,0.82654863171743,-0.44544315137397,0.19455858511153
3025950000000,-1.0458584184142,0.78426528278929,1.5506482473614,-0.28287264740835,0.82714189332246,-0.44536592974135,0.19356792679768
3025960000000,-1.0426319178656,0.78544166208273,1.5509803770285,-0.28204109006763,0.82772318195947,-0.44527196780248,0.19250982377442
3025970000000,-1.0393552539638,0.78664404718444,1.5513395516697,-0.28130409895877,0.82830857236636,-0.44513144740445,0.19139202539554
3025980000000,-1.0360194258204,0.7878535342628,1.5517267760986,-0.28065635204576,0.82891411498076,-0.44491445440416,0.19022231810247
3025990000000,-1.0326154348091,0.78905102167141,1.5521432954727,-0.28009253044605,0.82955580662392,-0.44459097483054,0.18900847384203
3026000000000,-1.029137582829,0.7902214416913,1.5525892641063,-0.27961056304725,0.83023622352683,-0.44415302554223,0.1877600492064
3026010000000,-1.0255896478277,0.79136157525067,1.5530612106015,-0.27921760913306,0.83091993988133,-0.44365569979632,0.18649182367025
3026020000000,-1.0219771102907,0.79247034724264,1.5535550810159,-0.27892273781685,0.83156500109084,-0.4431653026829,0.18521951783633
3026030000000,-1.0183054972924,0.79354678566645,1.55406702383,-0.27873519926201,0.83212970508605,-0.44274817952312,0.18395894143731
3026040000000,-1.0145804668088,0.79459021159033,1.5545935171733,-0.27866421340355,0.83257260445684,-0.44247069569024,0.18272601875903
3026050000000,-1.0108103328172,0.79560558063324,1.5551293708531,-0.27869808667549,0.83287708968052,-0.44236918917812,0.18152859398623
3026060000000,-1.0070106204664,0.79661269101864,1.555663697415,-0.27876559745683,0.83309704302669,-0.44239406810452,0.18035117709803
3026070000000,-1.003198018337,0.79763359829886,1.5561846875828,-0.27878469716433,0.83329863685424,-0.44248064286638,0.17917409168855
3026080000000,-0.99938894889868,0.79868934592037,1.5566806789927,-0.27867322840172,0.83354786553206,-0.44256427564912,0.17797766589741
3026090000000,-0.99559933182302,0.79979923362303,1.5571402718095,-0.27834913319258,0.8339105120694,-0.44258016902293,0.17674221877844
3026100000000,-0.99184116216687,0.80097545759115,1.5575539227962,-0.27775504997496,0.83442654560554,-0.44249241017326,0.17545637389755
3026110000000,-0.98811676431337,0.80221527067618,1.5579164887946,-0.27690417400792,0.83506245801935,-0.44234893031847,0.17413268926244
3026120000000,-0.98442683056124,0.80351391474601,1.5582235793178,-0.27582250024524,0.83577166067882,-0.44221267702529,0.17278781161519
3026130000000,-0.98077223417917,0.80486763636921,1.5584707078186,-0.27453616204911,0.83650763466105,-0.44214680836186,0.17143824758945
3026140000000,-0.97715410488149,0.8062738666544,1.558653259678,-0.27307125398085,0.83722400396028,-0.44221472530924,0.17010054133279
3026150000000,-0.97357346468193,0.8077278645791,1.5587676482884,-0.27145938438922,0.83788566094135,-0.44245512104724,0.16879243962622
3026160000000,-0.9700304432333,0.80921611967471,1.5588134496203,-0.26974848482123,0.83848970264011,-0.44283507432073,0.16753468433283
3026170000000,-0.96652520331542,0.81072375240721,1.5587906795569,-0.26798944247641,0.83903927569516,-0.44330899086389,0.16634870357581
3026180000000,-0.96305824431574,0.8122365497868,1.558699150972,-0.26623331507852,0.83953787079307,-0.44383156107115,0.16525595554679
3026190000000,-0.95963053652735,0.81374137606878,1.5585384880123,-0.26453141898161,0.83998932642906,-0.44435781400676,0.1642777921326
3026200000000,-0.95623957246339,0.81522434373478,1.5583127514387,-0.26292578741033,0.84040035334917,-0.44484843694854,0.16342320688842
3026210000000,-0.95287155832294,0.81666606936748,1.5580391068791,-0.26143092714044,0.84078516882214,-0.44527966240123,0.16266589216876
3026220000000,-0.94951078733167,0.81804579398766,1.5577369526658,-0.26005629179153,0.84115930101073,-0.44563034701857,0.16197329791941
3026230000000,-0.94614161606394,0.81934232063573,1.5574253304627,-0.25881127482853,0.8415382009555,-0.44587926706865,0.16131292431959
3026240000000,-0.94274837632559,0.82053406630796,1.5571226580295,-0.25770524363938,0.84193718028949,-0.44600520915367,0.16065224945434
3026250000000,-0.93932172693629,0.82160810170123,1.5568421514796,-0.25673990623764,0.84237140009269,-0.44598941232957,0.15996402389566
3026260000000,-0.93587072722547,0.82257721059702,1.5565838850445,-0.25589469775011,0.84285593305941,-0.44582004423701,0.1592365156817
3026270000000,-0.93240753412713,0.82345872263077,1.5563456867226,-0.25514492678895,0.84340565263548,-0.44548641257477,0.15846080792309
3026280000000,-0.92894408497538,0.82426960109386,1.556125571103,-0.25446576911095,0.84403522071619,-0.44497766795359,0.15762802277489
3026290000000,-0.92549209951806,0.82502624075954,1.5559217461086,-0.25383228650135,0.84475906737477,-0.44428280060509,0.15672932560344
3026300000000,-0.92206116299466,0.82574093695986,1.5557303258383,-0.25322802543063,0.84557220851549,-0.44341774450712,0.15576877472384
3026310000000,-0.91865508583267,0.82641566367107,1.5555410702368,-0.25266157530233,0.84641395385316,-0.44247741492399,0.15478786893872
3026320000000,-0.91527670956709,0.82705070119135,1.5553427836699,-0.25214639907355,0.84721412477524,-0.44157134611362,0.15383486765679
3026330000000,-0.91192893781372,0.82764657350489,1.5551247946493,-0.25169623313445,0.84790322323014,-0.44080941226372,0.15295813911516
3026340000000,-0.90861469532801,0.82820417446599,1.5548773304016,-0.25132489701695,0.84841232969124,-0.44030169342258,0.15220622108347
3026350000000,-0.90533575161432,0.82872594293115,1.5545945807756,-0.25103787948936,0.84870036524199,-0.44011610207461,0.15160966260184
3026360000000,-0.90209049405766,0.8292176388689,1.5542794551904,-0.25081643748534,0.84880654166056,-0.44019706074208,0.15114601296571
3026370000000,-0.89887662905619,0.82968536094957,1.5539361766877,-0.25063726171639,0.84878427590567,-0.44046640234378,0.15078317021775
3026380000000,-0.89569180546314,0.83013478395558,1.5535684821973,-0.25047700495451,0.84868678777085,-0.4408458559819,0.15048899466672
3026390000000,-0.89253365855388,0.83057103428659,1.553179418048,-0.2503124145068,0.84856725503703,-0.44125714108178,0.15023130255385
3026400000000,-0.8893994866326,0.83099883528736,1.5527709465636,-0.25011816061024,0.84847168655922,-0.44163452535878,0.14998549547016
3026410000000,-0.88628562757694,0.831423124987,1.5523436850487,-0.2498624553095,0.84842497666375,-0.44194901378087,0.14974939605202
3026420000000,-0.88318822172995,0.83184887986401,1.5518980515501,-0.24951229674854,0.84844813494568,-0.44217831288373,0.14952496679072
3026430000000,-0.8801033709341,0.83228096074659,1.5514345146782,-0.24903464492263,0.84856209253717,-0.44230011229225,0.14931420362262
3026440000000,-0.87702710721657,0.83272396058069,1.5509536854002,-0.24839643302724,0.84878763397199,-0.44229205297813,0.14911909451164
3026450000000,-0.87395663105769,0.83317706445855,1.5504580453882,-0.24758283525089,0.84912834622783,-0.4421516056855,0.14894881305759
3026460000000,-0.87089292192198,0.83362458480487,1.5499549944121,-0.24663276540945,0.84953774210121,-0.44193486315733,0.14883373440918
3026470000000,-0.86783779720821,0.83404833382001,1.5494527339762,-0.2455949902611,0.84996034350818,-0.44170884075009,0.14880798105383
3026480000000,-0.86479325209035,0.83443060061784,1.5489593968658,-0.24451829883542,0.85034089797061,-0.44154079695212,0.1489056191017
3026490000000,-0.8617614441428,0.8347544404705,1.5484832280419,-0.24345151502318,0.85062437933277,-0.44149811411347,0.14916078691101
3026500000000,-0.85874456356429,0.83501007555522,1.5480299737083,-0.24243901417594,0.8507748539572,-0.44161865002167,0.14959425200368
3026510000000,-0.85574468481266,0.83520654754333,1.5475971236616,-0.24151195037539,0.85081233167786,-0.44185319116353,0.15018692203173
3026520000000,-0.85276380540193,0.83535626342189,1.5471804006515,-0.24069914330043,0.85076705436414,-0.44213659220556,0.1509124761438
3026530000000,-0.84980393840635,0.83547159125759,1.5467749245218,-0.24002949503819,0.85066929292339,-0.4424038647405,0.15174457503185
3026540000000,-0.84686718211847,0.83556499624107,1.5463748920331,-0.23953189714926,0.85054940052917,-0.44259021377493,0.15265677246099
3026550000000,-0.84395371459045,0.83564660434991,1.5459752025481,-0.23922009239477,0.85043166079743,-0.44265034559634,0.15362424695146
3026560000000,-0.84105767338004,0.83571883189461,1.5455755150712,-0.2390631786949,0.8503220962096,-0.44259635130701,0.15462729092799
3026570000000,-0.83817205647277,0.83578239331228,1.5451765284737,-0.23902200907287,0.85022334534401,-0.44245080287256,0.15564713054932
3026580000000,-0.83528981410304,0.83583740124603,1.5447791032871,-0.2390574673678,0.85013802901368,-0.44223629340738,0.1566649919852
3026590000000,-0.83240385366419,0.83588310376473,1.5443842774549,-0.23913051661466,0.85006875144115,-0.44197553198164,0.15766211649108
3026600000000,-0.82950825885834,0.83591802332732,1.5439924841468,-0.23920552598014,0.85001505703693,-0.44169385622384,0.15862426209499
3026610000000,-0.82660073342731,0.83594091891953,1.5436019999143,-0.23925673014935,0.84996745928747,-0.44142401816119,0.1595505293663
3026620000000,-0.8236796318673,0.83595062263496,1.5432107676778,-0.23926010637916,0.84991487167086,-0.4412000947218,0.16044247824565
3026630000000,-0.82074326759933,0.83594584527036,1.5428169201862,-0.23919159046715,0.84984624649616,-0.44105613444836,0.16130166344976
3026640000000,-0.81778990967218,0.83592500471395,1.5424189165844,-0.2390271409044,0.84975051213542,-0.44102616332768,0.16212962806696
3026650000000,-0.81481739162078,0.83588625014422,1.5420166763522,-0.23875599108819,0.84962218225059,-0.44112814318575,0.16292232946019
3026660000000,-0.81182237362854,0.83582809379817,1.5416134140239,-0.23840683701315,0.84947265242734,-0.44133217786073,0.16365910187994
3026670000000,-0.80880134958928,0.83574929324861,1.5412128266698,-0.23801574016321,0.84931650770983,-0.44159954517935,0.1643162160699
3026680000000,-0.80575087708574,0.83564897129316,1.5408182609945,-0.23761876476116,0.84916845867868,-0.44189155502651,0.16486996395617
3026690000000,-0.80266760187054,0.83552677497036,1.5404323872631,-0.23725193449904,0.84904336249421,-0.44216954182199,0.16529665594295
3026700000000,-0.79954992639936,0.83538422848223,1.5400548432753,-0.23693915851131,0.84895101886112,-0.44240844413481,0.16558010537753
3026710000000,-0.79640122456582,0.83522703369477,1.539678544468,-0.2366681888558,0.84888574980865,-0.44262383946148,0.16572654855485
3026720000000,-0.79322574972743,0.83506161035909,1.5392953687384,-0.23642002058422,0.84883890814339,-0.44283882163705,0.16574637232836
3026730000000,-0.79002769635141,0.8348942941183,1.5388976003368,-0.23617562234961,0.84880176861323,-0.44307643603468,0.1656499466877
3026740000000,-0.78681120825261,0.83473122965994,1.5384780937858,-0.23591593589167,0.84876554435507,-0.44335967949386,0.16544762466442
3026750000000,-0.78358089797401,0.83458013003872,1.5380323349805,-0.23561868592651,0.84872399692716,-0.44371008325654,0.1651447059361
3026760000000,-0.78034292583061,0.83445417706579,1.5375622145343,-0.23525201138898,0.84867862183506,-0.44414487901293,0.16473134013955
3026770000000,-0.77710367101582,0.83436760871556,1.5370707879548,-0.23478222581377,0.8486322231659,-0.4446804554473,0.16419485007035
3026780000000,-0.77386939367831,0.83433459224054,1.5365611695026,-0.23417558587232,0.84858740572529,-0.4453331198411,0.16352254339499
3026790000000,-0.77064621972219,0.83436894890014,1.5360365805824,-0.23339827825076,0.84854652881125,-0.44611903592659,0.16270168387537
3026800000000,-0.76743812731852,0.83447841081186,1.5355020422375,-0.23242212075716,0.84851382860528,-0.44704454875204,0.16172634874821
3026810000000,-0.76424299799088,0.83465410293068,1.534967697788,-0.23123607644963,0.84849983236946,-0.44808692040534,0.16061140426148
3026820000000,-0.76105754736846,0.83488440031086,1.5344446839206,-0.22983225899581,0.84851614938546,-0.4492180356519,0.15937576165152
3026830000000,-0.75787844450367,0.83515827706871,1.5339442421731,-0.22820272664061,0.848574291303,-0.45040984558917,0.1580384721824
3026840000000,-0.75470228832478,0.83546531704179,1.5334778107961,-0.2263395373532,0.8486857291579,-0.45163431643608,0.15661861693867
3026850000000,-0.75152641862101,0.83579505248953,1.5330548659887,-0.22425214761212,0.84885505189747,-0.45286766871034,0.15513526290417
3026860000000,-0.74835062851438,0.83613589743074,1.5326782486678,-0.22200256825648,0.84906623126047,-0.4540992036543,0.15360764258723
3026870000000,-0.74517536152295,0.83647640244513,1.5323495147679,-0.21966287707903,0.84929995853434,-0.45532085810366,0.15205498032843
3026880000000,-0.74200130370155,0.83680600179258,1.5320700807656,-0.21730533437257,0.84953761948397,-0.45652490709465,0.1504966243374
3026890000000,-0.73882935952814,0.83711547929091,1.5318410994697,-0.21500231728875,0.84976126657931,-0.4577040951062,0.148952189326
3026900000000,-0.73565961564608,0.83739653247806,1.5316621755679,-0.21281279706189,0.8499671261344,-0.45883431006065,0.14743701641277
3026910000000,-0.73248921051138,0.83763953147218,1.5315290753916,-0.21075464073311,0.85019309725038,-0.45983902688241,0.14595289703569
3026920000000,-0.7293148630494,0.83783433796126,1.5314368834985,-0.20883757191637,0.85048517678147,-0.46063184298109,0.1444996119819
3026930000000,-0.72613340826452,0.83797061326716,1.5313805932581,-0.20707103600932,0.85088951880032,-0.46112633856117,0.14307729633649
3026940000000,-0.72294172523312,0.83803792672792,1.5313548597078,-0.20546444560579,0.85145216140072,-0.46123600355778,0.1416860171647
3026950000000,-0.71973890112557,0.83803080401336,1.5313533708103,-0.2040223397665,0.85219634173497,-0.46091643125038,0.14032933910322
3026960000000,-0.71653076310209,0.83795864840723,1.5313683960959,-0.20273406260968,0.8530767430845,-0.46025182775195,0.13902239142353
3026970000000,-0.71332428672035,0.83783358252956,1.5313921830057,-0.20158626916123,0.85403503106899,-0.4593508366218,0.13778225824648
3026980000000,-0.71012638037166,0.83766745766007,1.5314176034671,-0.2005655683804,0.85501314386302,-0.45832222402967,0.13662618915211
3026990000000,-0.70694392105299,0.83747179878115,1.5314385499109,-0.19965830991001,0.85595353888439,-0.45727491634026,0.13557193456306
3027000000000,-0.70378209509391,0.83725516865459,1.531450705693,-0.19885224219914,0.85680289951978,-0.45631148560903,0.13463433903783
3027010000000,-0.70064092711078,0.83701769945687,1.531452034208,-0.19814029583882,0.85751943105596,-0.45551472451661,0.13381772780515
3027020000000,-0.69751947820786,0.83675779085929,1.5314408262201,-0.19751660845385,0.85806359814998,-0.45496372606513,0.13312422348969
3027030000000,-0.69441683290392,0.83647354637738,1.5314154162023,-0.19697539980777,0.85839581954589,-0.45473756941897,0.1325558441399
3027040000000,-0.69133208323428,0.83616272509475,1.5313744291445,-0.19651078898055,0.85847624199919,-0.45491514384357,0.1321145852621
3027050000000,-0.68826403025141,0.83582554014006,1.5313203920852,-0.1961150059279,0.85829663922102,-0.45551682700374,0.13179606924431
3027060000000,-0.68521059338774,0.83547047313738,1.5312662381043,-0.19577499650631,0.85794701083982,-0.45638440665974,0.13157640628854
3027070000000,-0.68216953027868,0.8351075459405,1.5312264383589,-0.19547664318273,0.8575364085855,-0.45732572547969,0.13142819611776
3027080000000,-0.67913864597074,0.83474658850886,1.5312144585443,-0.1952059913601,0.85717449949939,-0.45814895495619,0.1313241539765
3027090000000,-0.67611581642258,0.83439706806369,1.5312422066382,-0.19494937122878,0.85697152593349,-0.45866263089032,0.13123695143325
3027100000000,-0.67309987718306,0.83406558894205,1.531315048736,-0.19470008516208,0.85700573852132,-0.45873127732129,0.13114364714536
3027110000000,-0.67009248556629,0.83375118661475,1.5314230797199,-0.19447223082195,0.85725608432506,-0.4583910263661,0.13103520242222
3027120000000,-0.66709582917549,0.83345145586291,1.531553805544,-0.19428381606622,0.85768209261462,-0.45771066330129,0.13090521579845
3027130000000,-0.66411209378656,0.83316407304752,1.5316951485553,-0.19415281013164,0.8582430734822,-0.45675884952042,0.13074733849142
3027140000000,-0.66114347090691,0.83288692028337,1.5318355022431,-0.19409716393592,0.85889834326745,-0.45560425599648,0.13055530936105
3027150000000,-0.65819081222043,0.83261953443194,1.5319680543049,-0.19413353114592,0.85960077669232,-0.45432653866547,0.13033062978065
3027160000000,-0.65525083416303,0.83236576983864,1.5320998276972,-0.19427464459334,0.86028322042193,-0.45303913937821,0.13009873681192
3027170000000,-0.65231942994265,0.83213020537997,1.5322407235465,-0.19453258601378,0.86087524127708,-0.45186225811806,0.12988992117701
3027180000000,-0.64939249489522,0.83191741688499,1.5324012015081,-0.19491955148825,0.86130697416398,-0.45091635216128,0.12973476040627
3027190000000,-0.64646596256659,0.83173222354398,1.5325926111134,-0.19544780904961,0.86150886359339,-0.45032198617691,0.1296639527911
3027200000000,-0.64353852299771,0.83157650908865,1.5328230617364,-0.19611928800074,0.86144497556752,-0.45014449222566,0.12969084417357
3027210000000,-0.64061723679169,0.8314416734254,1.5330876784225,-0.19690382446524,0.86118342772813,-0.45027813435415,0.129775149547
3027220000000,-0.63771074917206,0.83131678146116,1.5333787358256,-0.19776501559363,0.86081224877298,-0.45058417763288,0.12986596873915
3027230000000,-0.63482765400631,0.83119015850777,1.5336878589621,-0.19866645485042,0.86041962674192,-0.45092403541593,0.12991235475767
3027240000000,-0.63197645019405,0.83104898011722,1.5340056204339,-0.1995717900821,0.86009409045395,-0.45115928642544,0.12986359937142
3027250000000,-0.62916175460746,0.8308828735582,1.5343239059788,-0.20045342704024,0.8599006746503,-0.45118843704966,0.12968518649585
3027260000000,-0.62637636589621,0.83069267096868,1.5346421764043,-0.20131076000318,0.85983054426709,-0.45102456219678,0.12939187512166
3027270000000,-0.62361082293676,0.83048161782128,1.5349615973496,-0.20214838193926,0.85986041764455,-0.45070282835498,0.12900796239108
3027280000000,-0.62085569796431,0.83025325092402,1.5352837375018,-0.20297085382675,0.85996693999347,-0.45025838715138,0.12855768905419
3027290000000,-0.6181015956541,0.83001147989697,1.535610746532,-0.20378270495706,0.86012675066508,-0.44972646354269,0.12806517848389
3027300000000,-0.61534289104917,0.82976061242164,1.5359429349747,-0.20457647338909,0.86031689399809,-0.4491489396512,0.12754818088614
3027310000000,-0.61258563400461,0.82950517552525,1.5362732696535,-0.2053074330989,0.86051564283708,-0.44858826331419,0.1270049462178
3027320000000,-0.60983820762252,0.82924965677906,1.5365933981866,-0.20592378048073,0.86070164861023,-0.44811105995679,0.12643000694674
3027330000000,-0.60710909358739,0.82899835227516,1.5368952734209,-0.20637383455391,0.86085368964961,-0.44778411758577,0.12581792187958
3027340000000,-0.60440687456615,0.82875511854346,1.537171350263,-0.20660593290139,0.8609505931486,-0.44767424697278,0.12516322640603
3027350000000,-0.60173882005147,0.828523499886,1.5374173566527,-0.20659093153955,0.86098126367339,-0.4478173558997,0.12446311246305
3027360000000,-0.59910773074156,0.82830791993756,1.5376374891752,-0.20637037190331,0.86096623765795,-0.44815284613983,0.12372321411268
3027370000000,-0.596515416325,0.82811330423807,1.5378373235594,-0.20599945684971,0.86093220792297,-0.44860121617821,0.12295082749593
3027380000000,-0.59396353702137,0.82794520852143,1.5380219496051,-0.20553337374495,0.86090594526827,-0.44908301755539,0.12215330131485
3027390000000,-0.59145359762543,0.82781005335467,1.5381957827512,-0.20502743906928,0.86091434902637,-0.44951898112632,0.1213380339232
3027400000000,-0.58898619426921,0.82771194805179,1.5383605196545,-0.20452734457202,0.86097450398178,-0.44985279298917,0.12051528307848
3027410000000,-0.58655949389498,0.82764529649718,1.5385112964024,-0.20404801351914,0.86107235344277,-0.45009965738149,0.11970425531483
3027420000000,-0.58417124564548,0.8276025635434,1.5386421079874,-0.2035983947769,0.8611877525473,-0.4502887790062,0.11892587610734
3027430000000,-0.58181924912335,0.82757630308137,1.5387471371367,-0.20318744926946,0.86130059876699,-0.45044938082552,0.11820107587032
3027440000000,-0.57950133253242,0.8275592494268,1.5388208459425,-0.20282409041301,0.86139084574242,-0.45061070072868,0.11755082138421
3027450000000,-0.57721530955287,0.82754687379054,1.5388602185589,-0.20251451677137,0.86144589220077,-0.4507907556517,0.11698948639194
3027460000000,-0.57495889140913,0.82754258352921,1.5388692729306,-0.20225655103676,0.86147646192809,-0.45097215951126,0.11651053365392
3027470000000,-0.57272975031144,0.82755124761893,1.5388533125096,-0.2020463383662,0.86149783412348,-0.45113055343801,0.11610332772178
3027480000000,-0.57052553591962,0.82757758055579,1.5388174939131,-0.20188001062488,0.86152526217137,-0.45124156282855,0.1157572283993
3027490000000,-0.56834390343446,0.82762611760576,1.538766777918,-0.20175371040211,0.86157396848149,-0.45128080000844,0.1154615811332
3027500000000,-0.56618217314348,0.82770008163767,1.5387040156814,-0.20165395659046,0.86165625670591,-0.45123364998863,0.11520577324468
3027510000000,-0.56403660058986,0.82779894542256,1.538625943543,-0.2015367763784,0.86177527209968,-0.45111645164951,0.11497936865226
3027520000000,-0.56190323933104,0.82792136064045,1.5385281341945,-0.20135218585858,0.86193231026719,-0.45095165347855,0.11477193033319
3027530000000,-0.55977812300341,0.82806572338986,1.5384062361008,-0.20105018931523,0.86212861544235,-0.45076169225633,0.11457298375258
3027540000000,-0.55765723284914,0.82822995332491,1.5382560464583,-0.20058076660641,0.86236535424861,-0.45056895956663,0.11437204437407
3027550000000,-0.55553752970747,0.82841218836017,1.5380765601962,-0.19991328610914,0.86264005647667,-0.45039345900505,0.11416016417487
3027560000000,-0.55341930473609,0.8286130460125,1.5378763401956,-0.19907878023726,0.86293902939931,-0.45024781698453,0.11393320016263
3027570000000,-0.55130349750326,0.82883382376545,1.537665760109,-0.19812051444826,0.86324643495811,-0.45014320796005,0.11368793521873
3027580000000,-0.54919106585242,0.82907617149557,1.5374550205398,-0.19708179351336,0.86354654849587,-0.4500908525114,0.11342111678161
3027590000000,-0.54708301797161,0.82934224026816,1.5372540559392,-0.19600595391464,0.86382378280533,-0.45010205516095,0.11312947551272
3027600000000,-0.54497894334791,0.82963102723736,1.5370705314146,-0.19493009716524,0.86407076310115,-0.45017603333011,0.11280741371082
3027610000000,-0.54287374961209,0.82993000490864,1.5369057159544,-0.19387138134811,0.8643059379883,-0.45027318900524,0.1124419330828
3027620000000,-0.54076150796384,0.83022430690652,1.5367596061647,-0.19284295248821,0.86455291804323,-0.45034615306287,0.11201870379556
3027630000000,-0.53863638664361,0.83049908468944,1.5366321205305,-0.19185792303414,0.864835347583,-0.45034750440461,0.11152346935311
3027640000000,-0.53649261178201,0.83073955530951,1.5365229781944,-0.19092940132049,0.8651768484033,-0.45022980022639,0.11094192934338
3027650000000,-0.53432480630886,0.83093811311262,1.5364318470058,-0.19006163340054,0.86558981995165,-0.44996891097207,0.11026703162684
3027660000000,-0.53212866318791,0.83110980479148,1.5363591350292,-0.18923047989623,0.86605102023084,-0.4496152611525,0.10951517143356
3027670000000,-0.52989993964177,0.83127409516929,1.5363055630733,-0.18840625850985,0.86653010470683,-0.44923422716554,0.10870726072375
3027680000000,-0.52763424385993,0.8314502846048,1.5362722008761,-0.18755936741126,0.866996801858,-0.44889124924893,0.10786415350812
3027690000000,-0.52532707935806,0.83165743739055,1.5362606503172,-0.18666019617404,0.86742096024923,-0.44865175067354,0.10700680119575
3027700000000,-0.52297561669748,0.83191068406699,1.5362710553628,-0.1856885756707,0.86778356520658,-0.44855708555196,0.10615073162195
3027710000000,-0.52058255007462,0.83221331813602,1.5362971687862,-0.18465484264926,0.86810100510089,-0.44857161751588,0.10529357999514
3027720000000,-0.51815165868097,0.83256636164906,1.5363313476262,-0.183575339952,0.86839673724884,-0.44864426733242,0.10442951061283
3027730000000,-0.51568668898972,0.83297097090508,1.5363657859245,-0.18246638758077,0.86869422933255,-0.44872395328415,0.1035527260703
3027740000000,-0.51319135749671,0.83342848381439,1.5363924498722,-0.18134437765771,0.86901695552753,-0.44875964386161,0.10265734137803
3027750000000,-0.51066777484183,0.83394010722613,1.5364052755175,-0.18021819785074,0.86937950085082,-0.44872007264845,0.10173977130986
3027760000000,-0.50811285618873,0.83450604707671,1.5364052339873,-0.17907225249835,0.86976784414028,-0.44863741874325,0.10080422703501
3027770000000,-0.50552243798535,0.83512622767713,1.5363947674666,-0.17788612151772,0.87016215811289,-0.44855663742374,0.099856343728419
3027780000000,-0.50289228014741,0.83580044207697,1.536376412952,-0.17663943109078,0.87054256281058,-0.44852270491698,0.098901672852769
3027790000000,-0.50021803387681,0.83652826669412,1.5363528590439,-0.17531176019472,0.87088913779555,-0.44858055579099,0.097945808350361
3027800000000,-0.49749740692032,0.83730829255643,1.5363267478862,-0.17389723508704,0.87118906308258,-0.44875590906067,0.096992278442761
3027810000000,-0.49473503781127,0.83813676941501,1.5363000338529,-0.17243725912846,0.87145269082761,-0.44901266978391,0.096037605588187
3027820000000,-0.49193700939681,0.83900966712946,1.5362744450544,-0.17098270989269,0.87169531686714,-0.44930228255657,0.095077054850789
3027830000000,-0.48910948198923,0.83992334011863,1.5362515231325,-0.16958447820197,0.8719325393137,-0.44957626862035,0.094105952693354
3027840000000,-0.48625879355378,0.8408747658774,1.5362324975201,-0.16829356375502,0.87218018968155,-0.44978632799946,0.093119559011296
3027850000000,-0.48338978789284,0.84186426429215,1.5362176082175,-0.16713733262859,0.87244859113473,-0.44990363492312,0.092115618392272
3027860000000,-0.48050172099558,0.8429007379409,1.5362050113212,-0.16606613405039,0.87272968377158,-0.44996186130046,0.091100282988254
3027870000000,-0.47759255124187,0.84399456329682,1.536192578815,-0.16501479622534,0.87301138482212,-0.45000733812447,0.090081266819509
3027880000000,-0.47465995243976,0.84515559660986,1.5361784564303,-0.1639181507939,0.87328135932589,-0.45008634487869,0.089066208227257
3027890000000,-0.47170118870421,0.84639283854664,1.5361612266942,-0.16271094499806,0.87352708367145,-0.45024496540409,0.088062782141792
3027900000000,-0.46871472754078,0.84770922275912,1.5361420734558,-0.16135071523461,0.87374054900269,-0.45051205633239,0.087076327557594
3027910000000,-0.46570439344552,0.84909096807033,1.5361291489458,-0.15986954525985,0.87392898440687,-0.45086128978004,0.086104332584717
3027920000000,-0.46267531083656,0.8505212158016,1.5361319063431,-0.15831461578323,0.87410294709756,-0.45125516561383,0.085142796592563
3027930000000,-0.4596328856444,0.85198361628711,1.5361596080144,-0.15673313955423,0.87427325510715,-0.45165630501851,0.084187769342438
3027940000000,-0.45658288602228,0.85346255374193,1.5362212285272,-0.15517243540223,0.87445096574058,-0.45202756009819,0.083235261268131
3027950000000,-0.4535294037544,0.85494836668514,1.5363233484293,-0.15366294777316,0.87464709841587,-0.4523378747848,0.082283648129657
3027960000000,-0.45046987038712,0.85644847132167,1.5364656569393,-0.15217958556923,0.87487190850187,-0.45257532898042,0.081339345021565
3027970000000,-0.44740016768673,0.85797354975924,1.5366465184948,-0.15068586494429,0.87513527435701,-0.45273190360824,0.080410479026813
3027980000000,-0.44431593127769,0.85953396701099,1.5368644921667,-0.14914521256645,0.8754468557509,-0.45279954180822,0.079505240472821
3027990000000,-0.44121250375286,0.86113958990324,1.5371185376971,-0.14752099065983,0.87581611357688,-0.45277005862233,0.078631841698956
3028000000000,-0.43808738541057,0.86279252505516,1.5374075004874,-0.14579854317105,0.87624007607611,-0.45265119161188,0.077801109373018
3028010000000,-0.43494611335642,0.86447129472625,1.5377281881311,-0.14403538452066,0.87667576769257,-0.45250350568173,0.077032354841202
3028020000000,-0.43179627828117,0.86614994734451,1.5380767150134,-0.14230400288413,0.87707256060594,-0.45239864078856,0.076346342466074
3028030000000,-0.4286459988566,0.8678032559891,1.5384486552333,-0.14067702716023,0.87738036601206,-0.45240858799463,0.07576369100439
3028040000000,-0.4255040435891,0.86940724129676,1.5388387873895,-0.13922708774886,0.87754948698503,-0.45260562719421,0.075305127059251
3028050000000,-0.42237773821732,0.87094865610261,1.5392411814989,-0.137997498912,0.87755401781759,-0.45302691496463,0.074981667251904
3028060000000,-0.4192675179395,0.87244478426711,1.5396501558927,-0.13693543810266,0.8774455485212,-0.45359363690267,0.07477170409562
3028070000000,-0.41617197729479,0.87391859588625,1.5400602846898,-0.13596825934938,0.87729130272367,-0.45420302871705,0.074647245891323
3028080000000,-0.41308913395245,0.87539196989962,1.5404665091736,-0.13502332131758,0.87715838866825,-0.45475227273032,0.074580388413354
3028090000000,-0.4100162583533,0.87688514219426,1.5408644440219,-0.13402806461214,0.87711384399472,-0.45513857701618,0.074542996188847
3028100000000,-0.40695189993857,0.87840944607054,1.5412508324895,-0.13292837172372,0.87719810099047,-0.45530315585139,0.074515608307007
3028110000000,-0.40390118943015,0.87995232801337,1.5416235048377,-0.13173072633216,0.87736421574315,-0.4553323449251,0.074508417903052
3028120000000,-0.40087081388712,0.88149670694721,1.5419802316676,-0.13045407623662,0.87754726288045,-0.4553424155794,0.074537373032558
3028130000000,-0.39786769148002,0.88302601947721,1.5423182518284,-0.12911736078507,0.87768238387116,-0.45544973449511,0.074618225216501
3028140000000,-0.39489903037269,0.88452440742926,1.5426340405296,-0.12773951393025,0.87770474697473,-0.45577067651799,0.074766865289557
3028150000000,-0.39197068338391,0.88598140197667,1.5429242831498,-0.12633700954125,0.87757760233188,-0.4563693222689,0.074990356696294
3028160000000,-0.38908315490732,0.88740216852267,1.5431887219173,-0.12491823276837,0.87735755308038,-0.45713700804597,0.075265629935713
3028170000000,-0.38623573147558,0.88879494965027,1.5434278451231,-0.1234899966777,0.87712081605166,-0.45792946109751,0.075563902945473
3028180000000,-0.38342757420981,0.89016781034315,1.54364229377,-0.12205922243476,0.87694409187128,-0.45860262885436,0.075856672472136
3028190000000,-0.38065770674767,0.89152857315006,1.5438330023828,-0.12063288198999,0.87690448522654,-0.45901274486562,0.076115252238213
3028200000000,-0.37792489024264,0.89288076956677,1.5440011944543,-0.11921861549668,0.87704794777104,-0.45907423975702,0.076319469476466
3028210000000,-0.37522738965848,0.89421451126167,1.5441478440357,-0.11782630436387,0.87731640538609,-0.45889420305721,0.076478737181427
3028220000000,-0.37256349567092,0.89551725010413,1.5442736603204,-0.11646623715842,0.87763020479329,-0.45861969970786,0.076608160639202
3028230000000,-0.36993165654391,0.89677663439969,1.5443789213787,-0.11514872497881,0.87790988323666,-0.45839789845577,0.076722713341466
3028240000000,-0.36733045818639,0.89798060052218,1.5444632751937,-0.11388414690461,0.87807619134875,-0.45837601749265,0.076837685141271
3028250000000,-0.36475855530301,0.8991200981063,1.544526243549,-0.11268496139742,0.87808282095479,-0.45863883562363,0.076961532447908
3028260000000,-0.36221442922672,0.9001951845542,1.5445690287161,-0.11157035742768,0.8779931418139,-0.45906318055823,0.077078495879083
3028270000000,-0.35969649165329,0.90120772572447,1.5445934401498,-0.11056095493515,0.87789352420413,-0.45948265346666,0.077168170689203
3028280000000,-0.35720314044118,0.90215952981971,1.5446016052865,-0.1096773979317,0.8778706388598,-0.45973098658827,0.077210295825077
3028290000000,-0.35473278010942,0.90305243378201,1.5445959683486,-0.10894031593787,0.87801127897899,-0.45964200525422,0.077184380252212
3028300000000,-0.35228305054198,0.90388857879968,1.5445801346633,-0.10835537543468,0.87836870614799,-0.45911496986868,0.077077708300067
3028310000000,-0.34984889031105,0.90467069811077,1.5445608972541,-0.10787832354668,0.87888464059912,-0.45826817280703,0.076904730802601
3028320000000,-0.34742460646563,0.90540143824695,1.5445456502486,-0.10745454343264,0.87947763926041,-0.45726574875139,0.076685319034636
3028330000000,-0.34500437881959,0.90608303257396,1.5445418253446,-0.10702952013003,0.88006674897367,-0.45627210333424,0.07643930200229
3028340000000,-0.34258221901221,0.90671712669104,1.5445570373396,-0.10654882550742,0.88057166713892,-0.4554519343206,0.076186759602986
3028350000000,-0.34015385664816,0.90730488152313,1.5445958542772,-0.10597336316388,0.88093417016928,-0.45492557387015,0.075943112701593
3028360000000,-0.33772126810498,0.9078477991448,1.5446517485192,-0.10531540083961,0.88116851367285,-0.45466380397042,0.075706949593295
3028370000000,-0.33528779188068,0.90834763257562,1.5447158821416,-0.10459791976436,0.88130386987482,-0.45460591401463,0.075473353361019
3028380000000,-0.3328568262255,0.90880635460918,1.5447793946688,-0.10384389010085,0.88136926310918,-0.45469111306194,0.075237359321044
3028390000000,-0.33043183717144,0.90922621707886,1.5448333212144,-0.10307631618148,0.88139368844676,-0.45485861431252,0.074993866378329
3028400000000,-0.32801653598707,0.90961016351447,1.54487269151,-0.1023152801773,0.88140195920456,-0.4550568093158,0.074736002354529
3028410000000,-0.32561529162886,0.90996261443006,1.5449064590207,-0.10157084957248,0.88140471301253,-0.45526484586265,0.074451423882209
3028420000000,-0.32323259075795,0.91028831558918,1.5449465060725,-0.10085096026657,0.88140963256422,-0.45546830809498,0.074126673724237
3028430000000,-0.32087291346925,0.91059205033809,1.5450046682384,-0.1001635351079,0.881424426337,-0.45565275623156,0.073748305945029
3028440000000,-0.3185407282348,0.9108786296176,1.545092662032,-0.099516496868041,0.88145680623417,-0.45580374678191,0.073302864979091
3028450000000,-0.31623914878425,0.91114976565836,1.5452169426447,-0.098908360184775,0.88150745402518,-0.45592173308748,0.072781303108137
3028460000000,-0.31396680231506,0.91139664032364,1.5453667650399,-0.098305844057844,0.88155329210644,-0.45605748637662,0.072189495913269
3028470000000,-0.31172144112624,0.91160815961215,1.5455278765461,-0.097669060158088,0.88156610223494,-0.4562724080266,0.071536366637772
3028480000000,-0.30950090729576,0.91177310379067,1.545686283755,-0.096958193983882,0.88151750551352,-0.456627855903,0.070830765250986
3028490000000,-0.30730312982876,0.91188000177734,1.54582840417,-0.096133405326867,0.88137891204338,-0.45718503929756,0.070081535570893
3028500000000,-0.30512619073534,0.91192042695455,1.5459441538523,-0.095174876231206,0.88113828108404,-0.45796858159449,0.069295388121861
3028510000000,-0.30296851398797,0.91189738220535,1.5460338463787,-0.094130988622963,0.88084070836746,-0.45887974414661,0.068471774297942
3028520000000,-0.30082858428293,0.91181644742098,1.5460998985141,-0.093064349112427,0.88054398641254,-0.45979382175506,0.067608848480568
3028530000000,-0.29870488743406,0.91168356561562,1.5461444733473,-0.092037466733281,0.88030661636655,-0.46058638448895,0.06670493476488
3028540000000,-0.29659588641087,0.91150528976535,1.5461692105626,-0.091112984279002,0.88018765629201,-0.46113333660068,0.065758343063603
3028550000000,-0.29449915313696,0.91128531928349,1.546173966066,-0.090342268931554,0.88022762349176,-0.46134861304466,0.064769302359331
3028560000000,-0.29240944278022,0.91101537876244,1.5461547027898,-0.089737418504157,0.88040301442939,-0.46127464134984,0.063745063741677
3028570000000,-0.29032100909837,0.9106845315182,1.5461066412427,-0.089302255603854,0.88067648450033,-0.46098097358065,0.062694328203201
3028580000000,-0.28822818842801,0.91028174197479,1.5460251836179,-0.089040550932562,0.88101061081712,-0.46053700716615,0.061625878879807
3028590000000,-0.28612535553085,0.90979590111262,1.545906064425,-0.088955884866581,0.88136803724396,-0.46001205809214,0.060548657145845
3028600000000,-0.28400744012126,0.90922192553989,1.5457462082387,-0.0890399169154,0.88171953403778,-0.45946251412359,0.059470619696807
3028610000000,-0.28187133173891,0.90857531379583,1.5455454232217,-0.089244316381085,0.88206324108011,-0.45890064578552,0.058395958991655
3028620000000,-0.27971431835416,0.90787581869171,1.5453042015238,-0.089512234956823,0.88240308316898,-0.45832942426582,0.057327981466913
3028630000000,-0.27753375906954,0.90714283634312,1.5450232421235,-0.089786822247023,0.88274302056707,-0.45775187199147,0.056269973158114
3028640000000,-0.27532717323072,0.90639519218733,1.5447035645801,-0.090011231032683,0.88308711623079,-0.457170965777,0.05522527940801
3028650000000,-0.27309278313356,0.90564709083654,1.5443473561058,-0.090144342206472,0.88343736187007,-0.45659065674029,0.054197761925073
3028660000000,-0.27083067925154,0.90489896905684,1.5439596262631,-0.090198936343821,0.88378828896053,-0.456018576349,0.053192764576497
3028670000000,-0.26854129186542,0.90414841899042,1.5435459205057,-0.090199350391342,0.88413285847884,-0.45546312499188,0.052215969967446
3028680000000,-0.26622497993386,0.90339319693929,1.5431117011523,-0.09016993147389,0.88446406176247,-0.4549327208782,0.051273057086363
3028690000000,-0.26388202171748,0.90263133872295,1.5426623472275,-0.090135022390757,0.88477490527441,-0.45443584862712,0.050369675577999
3028700000000,-0.26151314414856,0.90186222613429,1.5422034535314,-0.090113203547753,0.885059702297,-0.45397994029527,0.049509067106997
3028710000000,-0.25912094936395,0.90108887457393,1.5417415169558,-0.090103279366227,0.88531722729195,-0.45356856886755,0.048686337333819
3028720000000,-0.25670842983992,0.90031502003879,1.5412832208302,-0.090099823468684,0.88554718464646,-0.45320446788157,0.047894841766325
3028730000000,-0.25427857524579,0.89954431875461,1.5408351876222,-0.090097426191376,0.88574925139725,-0.45289035705704,0.047127931501822
3028740000000,-0.25183440955127,0.89878031335814,1.5404039609046,-0.09009068480222,0.88592308132844,-0.45262893680238,0.046378961292178
3028750000000,-0.24937775074623,0.89802442239855,1.5399958730121,-0.090076020631194,0.88606904086039,-0.4524208750674,0.045643369060954
3028760000000,-0.24690610580127,0.89727112195744,1.5396167007355,-0.090056163561066,0.886190012112,-0.45225988636621,0.044923769005047
3028770000000,-0.24441603688368,0.89651341265763,1.539272058736,-0.090035195653654,0.88628942129314,-0.45213818070631,0.044224323568193
3028780000000,-0.24190408865989,0.89574433804401,1.5389674875135,-0.090017206976601,0.88637069401155,-0.4520479652131,0.043549195082308
3028790000000,-0.23936677936973,0.89495702161138,1.538708454384,-0.090006308146489,0.88643725366281,-0.45198145050454,0.042902543192418
3028800000000,-0.23680322244332,0.89414693100553,1.5384978544113,-0.090003145291803,0.8864879209366,-0.45194083189993,0.042285746211681
3028810000000,-0.23422158967632,0.89331732669032,1.5383298293828,-0.089996332975313,0.88650556523901,-0.45196287595825,0.041690545772511
3028820000000,-0.23163205438121,0.89247312977383,1.5381966703639,-0.089971959239621,0.8864695550814,-0.45209182907278,0.041106599835055
3028830000000,-0.22904483198775,0.89161916184542,1.5380907368087,-0.08991616623589,0.88635917151917,-0.45237190771371,0.040523563820967
3028840000000,-0.22647021294192,0.89076004986368,1.5380045415896,-0.08981508922523,0.8861535560108,-0.45284725128964,0.03993108959551
3028850000000,-0.22391587337932,0.88989962918102,1.5379323997791,-0.089660553639706,0.88584477572992,-0.45353496738974,0.03931986505338
3028860000000,-0.22138012463514,0.88903981103093,1.5378741005006,-0.089464287030292,0.88547047914569,-0.45435856170625,0.038684225620861
3028870000000,-0.21885922064566,0.88818218858121,1.537830419506,-0.089242192459894,0.88507847703819,-0.45522132063551,0.038019334654632
3028880000000,-0.21634935492916,0.88732851282301,1.5378016865215,-0.089010110211663,0.88471692578353,-0.45602669859295,0.037320392316446
3028890000000,-0.21384666250793,0.88648074869276,1.537787504711,-0.08878396979307,0.88443429540962,-0.45667832837963,0.036582621549781
3028900000000,-0.21134772634021,0.88564048375852,1.537784311858,-0.088570213690358,0.88425899438632,-0.45712061355548,0.035806322855111
3028910000000,-0.20885094997098,0.88480733442702,1.537780292682,-0.088341671652769,0.88414871934059,-0.4574397495536,0.035009522509231
3028920000000,-0.20635518959168,0.88398041297919,1.5377621357513,-0.088064069252326,0.884045520967,-0.45775281000746,0.034214054059585
3028930000000,-0.2038593672898,0.88315871920637,1.5377171442436,-0.08770324007184,0.88389126865335,-0.45817684266342,0.033441706389529
3028940000000,-0.2013624630391,0.88234101493896,1.5376336784906,-0.08722489605336,0.88362761037909,-0.45882877004604,0.032714270009649
3028950000000,-0.19886331877495,0.88152753992288,1.5375050829801,-0.086611062195512,0.88321787830611,-0.4597799990633,0.032047711418679
3028960000000,-0.1963600632346,0.88072484358133,1.5373379069282,-0.085901727383374,0.88270252567987,-0.4609434132156,0.031437464975373
3028970000000,-0.19385054667868,0.87994100853705,1.5371410963892,-0.085149449689885,0.88213937922764,-0.46219741386783,0.030874543677314
3028980000000,-0.19133248150304,0.87918449518019,1.5369227560608,-0.084406833730416,0.88158695838264,-0.46342075702867,0.030350011272194
3028990000000,-0.18880343268642,0.87846442151237,1.5366897737047,-0.083726707055256,0.88110448058723,-0.46449264395303,0.029854924691088
3029000000000,-0.18626170950321,0.87778803557118,1.5364478791967,-0.083145049431369,0.88073207293788,-0.46533276751932,0.029382510553382
3029010000000,-0.18370869273582,0.87715343812093,1.5362029820557,-0.082637773956514,0.88044091259762,-0.46600175478209,0.028933756752189
3029020000000,-0.18114649364202,0.87655655637318,1.5359613561068,-0.082167650538825,0.88018660004896,-0.46659096901216,0.028511294875353
3029030000000,-0.17857727690872,0.87599298396766,1.5357297227932,-0.081697447169356,0.87992438437109,-0.46719160775255,0.028117726806375
3029040000000,-0.17600328428283,0.87545777167336,1.5355154763171,-0.081189849827316,0.87960922718599,-0.46789468702768,0.027755676636363
3029050000000,-0.17342672065006,0.87494591392725,1.5353255059803,-0.080616217975061,0.87921251013227,-0.4687582846442,0.027423675970502
3029060000000,-0.17084945845704,0.87445422155902,1.5351624234078,-0.079978879902475,0.87876452273885,-0.46972499557685,0.027105735102381
3029070000000,-0.16827330676379,0.87398004030662,1.5350276837753,-0.079286902735612,0.8783088240549,-0.47071209669981,0.026782805349119
3029080000000,-0.16570008112433,0.8735208458614,1.5349223609559,-0.078549323319504,0.87788931749419,-0.47163703273858,0.026435948728809
3029090000000,-0.16313160434018,0.87307422480063,1.5348469243622,-0.077775248839354,0.87755021084913,-0.47241743423584,0.02604622691776
3029100000000,-0.16056962060814,0.87263816993081,1.5348003928318,-0.076973401424018,0.87732452273026,-0.47299181753787,0.025603082461919
3029110000000,-0.15801553029089,0.87221196124556,1.5347789226818,-0.076150707482536,0.8772049953809,-0.47337210785896,0.025125949332687
3029120000000,-0.15547063902799,0.87179519814428,1.5347782131453,-0.075313704378182,0.87717533317953,-0.47358643148005,0.024640874826472
3029130000000,-0.15293621548508,0.87138762340395,1.5347942362901,-0.074468886362052,0.87721916468887,-0.47366289901313,0.024173956337883
3029140000000,-0.15041347478295,0.87098922569405,1.534823370489,-0.073622666396086,0.87732010938142,-0.47362960192075,0.023751396845366
3029150000000,-0.14790363844672,0.87059872460764,1.5348615651023,-0.072779661103665,0.87746256023706,-0.47351376432685,0.023394257946769
3029160000000,-0.1454080944982,0.87020939748381,1.5349017908259,-0.07193832827266,0.87763353377999,-0.47333964288521,0.02310497313306
3029170000000,-0.14292831448226,0.86981328450237,1.5349362903831,-0.071095773431259,0.8778206081648,-0.47313084305011,0.022881788306137
3029180000000,-0.14046580358633,0.86940239440296,1.5349572653076,-0.070249090625644,0.87801134701059,-0.47291099360843,0.022722937996841
3029190000000,-0.13802208196133,0.86896868421977,1.5349569127158,-0.069395349676155,0.87819330585251,-0.47270375058806,0.02262669174103
3029200000000,-0.13559828835015,0.86850520914371,1.5349305726622,-0.068535963574567,0.87835430508077,-0.47253161317675,0.022592277254954
3029210000000,-0.13319416890374,0.86800910177662,1.5348845991591,-0.067687877193544,0.87848313729242,-0.47241292204836,0.02262210988447
3029220000000,-0.13080918567074,0.86747840674788,1.5348277479369,-0.066871492173078,0.87856884535207,-0.47236513710865,0.022719259574317
3029230000000,-0.12844281305105,0.86691121886644,1.5347686866177,-0.066107199935232,0.87860049034821,-0.47240577205636,0.022886742984659
3029240000000,-0.12609449943102,0.86630578108061,1.5347160025574,-0.065415382767721,0.87856712956451,-0.47255237042309,0.02312755399208
3029250000000,-0.12376349356993,0.86566188535952,1.5346755663964,-0.064800029566709,0.87846342853472,-0.47281421159751,0.023445302442198
3029260000000,-0.1214485271215,0.86498407169,1.53464363226,-0.064206516576338,0.87830411501233,-0.47317098737159,0.023845785609485
3029270000000,-0.11914821166489,0.86427776308108,1.5346143065393,-0.063567153500231,0.87810828598631,-0.47359565412111,0.024335395531232
3029280000000,-0.11686124501677,0.86354799720382,1.5345817129753,-0.062814276306072,0.87789489671536,-0.47406105243091,0.024920585493907
3029290000000,-0.11458648565982,0.86279917064792,1.5345400970605,-0.061880201242411,0.87768270167636,-0.47453994376387,0.025607765323504
3029300000000,-0.11232493719181,0.86203595106284,1.5344862507791,-0.060722986437914,0.8774934602839,-0.47499607037933,0.02639468130592
3029310000000,-0.11008449365959,0.86126652609868,1.5344251992513,-0.059393343534745,0.87736070761654,-0.47536105708392,0.027248575786996
3029320000000,-0.10787452941352,0.86050016065765,1.5343634379339,-0.057962986696082,0.87732099313342,-0.47555952316688,0.028130181406259
3029330000000,-0.10570429258233,0.85974656632123,1.5343067248907,-0.056503853243614,0.8774112741403,-0.47551628442259,0.02900058325372
3029340000000,-0.10358284919155,0.85901606867824,1.5342597162642,-0.055087961177162,0.87766880622393,-0.4751562809646,0.029820995534947
3029350000000,-0.10151695142454,0.85831675740468,1.5342239256645,-0.05377213949192,0.87810841948763,-0.47444736652167,0.030559074594061
3029360000000,-0.099505681534343,0.85764658177557,1.5341937400719,-0.052558762232871,0.8786639083139,-0.47351187564364,0.031206030883895
3029370000000,-0.097546409607078,0.85700112628179,1.5341623432442,-0.051437790615484,0.87925119246046,-0.47250706490531,0.031757957554299
3029380000000,-0.095636517342045,0.85637589353473,1.5341235202286,-0.05039923627672,0.879786793529,-0.47159047361114,0.032210869499319
3029390000000,-0.093773423179592,0.85576624075534,1.5340718907043,-0.049433349222848,0.88018779162506,-0.47091991771881,0.032561120289639
3029400000000,-0.09195377580272,0.85516674090092,1.5340058379569,-0.048526405109422,0.88039963260064,-0.47060126245885,0.032804370074086
3029410000000,-0.090171326076028,0.85456972631756,1.5339344520412,-0.047649465651982,0.88046911917489,-0.47055194581576,0.032932125523231
3029420000000,-0.08841924814205,0.85396698562593,1.5338691198614,-0.046770124596137,0.88046556683662,-0.47064659409823,0.03293515635399
3029430000000,-0.086690809365484,0.85335023861058,1.5338210510456,-0.045855900374565,0.8804580910874,-0.47075966575842,0.032804318840455
3029440000000,-0.084979376568955,0.85271104473494,1.5338010795621,-0.044874241172312,0.88051570373155,-0.4707655226394,0.032530303647346
3029450000000,-0.083278619841382,0.85204680767688,1.5338155906715,-0.043798374917004,0.88068886146321,-0.47057197172589,0.032106869596248
3029460000000,-0.08158279859434,0.85137700693194,1.5338566196527,-0.042622500609257,0.88096118126079,-0.47020841146869,0.031539964132754
3029470000000,-0.07988606003945,0.85072617844492,1.533913187898,-0.041345649466636,0.88130108430736,-0.46973177842481,0.030838164775433
3029480000000,-0.078182265744524,0.85011897631775,1.5339747045322,-0.039966917984639,0.8816770153977,-0.46919898400544,0.030009988245249
3029490000000,-0.076465036627488,0.84958019911503,1.534031056906,-0.038485390116219,0.88205751882569,-0.4686669271864,0.0290640601486
3029500000000,-0.074729642902349,0.84912998638812,1.5340743791556,-0.036908416180101,0.8824171269862,-0.46818090257958,0.028007593189485
3029510000000,-0.072977801197764,0.84877122992831,1.5341035702561,-0.035273755635906,0.88275188433644,-0.46774392996462,0.026841923274065
3029520000000,-0.071212592666113,0.84850300916927,1.5341190114564,-0.03362611789698,0.88306296071128,-0.46734935057684,0.025567090769269
3029530000000,-0.069436915667793,0.84832466529145,1.5341210370464,-0.032010268677339,0.88335181046323,-0.46699046864418,0.024183131435731
3029540000000,-0.067653501158872,0.84823593220005,1.5341098574428,-0.030471042035897,0.88362011808928,-0.46666065393173,0.022690010514309
3029550000000,-0.065863797389568,0.84823628902376,1.5340859019266,-0.029039387158039,0.88386847995348,-0.46635661055549,0.021088763107605
3029560000000,-0.064064832527774,0.84832277300917,1.5340510949618,-0.027695363231241,0.88409300598513,-0.46608664598445,0.019384583014058
3029570000000,-0.062252640633808,0.84849172502161,1.5340077620395,-0.02640748375462,0.88428859948651,-0.46586171376256,0.017583551124441
3029580000000,-0.060423190024439,0.84873929880082,1.5339583808423,-0.025144345743627,0.88445004022146,-0.46569266574795,0.01569169519042
3029590000000,-0.05857234766316,0.8490613820765,1.5339056502928,-0.023874595517294,0.88457205337248,-0.46559014556301,0.013715044144971
3029600000000,-0.056695382211071,0.84945256338158,1.5338526957566,-0.022569202769778,0.88465215248214,-0.46555896767184,0.011663953676925
3029610000000,-0.054785705239047,0.84990363252325,1.5338034733157,-0.021207660552716,0.88469811473913,-0.4655835054805,0.0095645352944513
3029620000000,-0.052836351545598,0.85040445385812,1.533762101243,-0.019771334411912,0.8847200540711,-0.46564371445557,0.0074465729052082
3029630000000,-0.050840357728324,0.85094482089291,1.5337328265443,-0.018241587007943,0.8847281143801,-0.46571975899805,0.0053398696306148
3029640000000,-0.048790737090947,0.85151446928404,1.5337202282629,-0.01659987048927,0.88473253841143,-0.46579186287902,0.0032741795145102
3029650000000,-0.046682920376302,0.85210467796727,1.5337283399464,-0.014842635857602,0.88474280477734,-0.46584143953712,0.0012723071633954
3029660000000,-0.044521294952487,0.85271263696518,1.5337575855859,-0.01302102142722,0.88476525914863,-0.46585452960461,-0.00066817027126506
3029670000000,-0.042312339778745,0.85333705456596,1.5338074617159,-0.011198646818722,0.88480592529432,-0.46581813503806,-0.0025553753437865
3029680000000,-0.04006259045458,0.85397695426635,1.5338772273301,-0.0094390578627534,0.8848712094767,-0.46571934707173,-0.0043973388538348
3029690000000,-0.037778686736367,0.8546318927447,1.5339657335608,-0.0078057677561583,0.8849677528136,-0.4655455733025,-0.0062020680608859
3029700000000,-0.035465248306528,0.85530154060829,1.534070607067,-0.0063470992263013,0.88509977354257,-0.46528979146017,-0.0079696404722167
3029710000000,-0.033118844038075,0.85598365044417,1.5341865276292,-0.0050551529035927,0.88526222783644,-0.46496420232314,-0.0096707783135631
3029720000000,-0.030734214579569,0.85667532704278,1.5343075610714,-0.0039090553059479,0.88544789753136,-0.46458555643374,-0.011269463033346
3029730000000,-0.02830610082861,0.85737342623356,1.5344279267926,-0.0028878683007035,0.88564961182255,-0.46417063834419,-0.012729642351623
3029740000000,-0.025829212120462,0.85807458489376,1.5345422032668,-0.0019705569930175,0.8858603120649,-0.46373613090749,-0.014015181210953
3029750000000,-0.023299028977266,0.8587768239524,1.5346453157331,-0.0011309831089711,0.88607470764925,-0.46329499594486,-0.015102320151288
3029760000000,-0.020713868143665,0.85948358431841,1.5347317121546,-0.00032430549457857,0.88629351508346,-0.46284691549006,-0.01601351829847
3029770000000,-0.018072633244785,0.86019941025336,1.5347956224329,0.00049863011799528,0.88651851148422,-0.46238841362131,-0.016781987742438
3029780000000,-0.015374047251752,0.86092835933734,1.5348310995658,0.0013870030629836,0.88675114182779,-0.46191590296914,-0.01744096539241
3029790000000,-0.012616571789669,0.86167365188038,1.53483198663,0.0023900403026641,0.8869925472799,-0.46142567801409,-0.018023663515004
3029800000000,-0.0097998285716193,0.86243642532749,1.5347942720501,0.0035343288430445,0.88724282518553,-0.46091579308143,-0.018555575025805
3029810000000,-0.0069287905027579,0.86321352321321,1.5347223890606,0.0047621063531067,0.88749923303598,-0.46039130536049,-0.019033645265379
3029820000000,-0.0040097617277036,0.86400108138358,1.5346226318401,0.0059960213801397,0.88775868951782,-0.4598590304788,-0.019448110455892
3029830000000,-0.0010492026097186,0.8647957942394,1.5345009859186,0.0071587512108857,0.88801845205177,-0.45932599533254,-0.019789166441664
3029840000000,0.0019461409525568,0.86559535811503,1.5343629530211,0.0081729955520948,0.88827606924863,-0.45879945848945,-0.020047040521911
3029850000000,0.0049719405565145,0.86640192489217,1.5342123673914,0.0089921474922424,0.88852813599617,-0.45828824059639,-0.020218342111109
3029860000000,0.0080341700435455,0.8672298239615,1.5340487313505,0.0096840820209058,0.88876687467117,-0.45780631925464,-0.02032326482558
3029870000000,0.011141376168693,0.86809576499689,1.5338706894637,0.010343337865677,0.88898324471436,-0.45736872491098,-0.020387629882632
3029880000000,0.014302407840541,0.86901553805265,1.5336770621382,0.011064448280878,0.88916798318803,-0.45699036293451,-0.020437314954714
3029890000000,0.017526614773858,0.87000337023736,1.5334669119638,0.011941969435167,0.8893115816029,-0.4566860261484,-0.020498139275099
3029900000000,0.020820162851671,0.87106871945052,1.5332412604127,0.013042924244593,0.88940665949694,-0.45646651813814,-0.020591114308955
3029910000000,0.02417513501729,0.87220980177765,1.5330075038688,0.014331134810567,0.88945486966006,-0.45632811436268,-0.020719687624322
3029920000000,0.027580222154509,0.87342267595655,1.5327743816919,0.01574626974226,0.88946014352671,-0.45626373930408,-0.020883205283188
3029930000000,0.03102393157341,0.87470415337503,1.5325503731986,0.017227996463134,0.88942664447224,-0.45626640066927,-0.021081078270254
3029940000000,0.034494398700237,0.87605216999336,1.5323435456013,0.018715972714697,0.88935881667599,-0.45632923598128,-0.021312811986538
3029950000000,0.037981290086728,0.87746362880693,1.5321605047419,0.020164385651105,0.88926282706489,-0.45644231194751,-0.021574007877061
3029960000000,0.041481466866079,0.87892729105914,1.5320041215015,0.021582008915697,0.88915035849698,-0.45658366119981,-0.021845301582527
3029970000000,0.044993447583723,0.88042987690309,1.5318765790491,0.022990442097882,0.88903426218437,-0.45672852585338,-0.02210370797474
3029980000000,0.048515741170288,0.88195802225059,1.5317804687879,0.024411286612386,0.88892729498124,-0.45685215816786,-0.022326193151174
3029990000000,0.052046893092235,0.88349820088205,1.5317190979415,0.025866129528317,0.88884214506496,-0.45692974864395,-0.022489759974863
3030000000000,0.055584129843568,0.88503821766979,1.5316959626655,0.027367066649222,0.88878408432031,-0.45695082989913,-0.022579507887097
3030010000000,0.059119326466871,0.88657156305013,1.5317121346875,0.028890403174382,0.88873065755904,-0.45695942139787,-0.022610840648477
3030020000000,0.0626430202956,0.88809320655253,1.531767757874,0.030404019329687,0.88865302954301,-0.45701239880568,-0.022606548398835
3030030000000,0.066145632600593,0.88959833792228,1.5318622988077,0.031875809069348,0.88852250981106,-0.45716670142435,-0.022589587513188
3030040000000,0.069617452120082,0.89108249810102,1.5319941224871,0.033273676402216,0.88831047725244,-0.45747936789517,-0.022582878745936
3030050000000,0.073050607424192,0.89254428509784,1.5321601503853,0.034577535765357,0.88800037374243,-0.45798347882312,-0.022602287025159
3030060000000,0.076444655197952,0.89399230916273,1.532356458277,0.03581275668156,0.88762133802846,-0.45862113802177,-0.022637546135632
3030070000000,0.079801044004269,0.89543738606534,1.5325793060645,0.037015438481536,0.88721329911247,-0.45931296781117,-0.022671938436617
3030080000000,0.083121383610694,0.89689000834292,1.5328256689703,0.038221665157291,0.88681624653751,-0.45997964625582,-0.022688636364827
3030090000000,0.086407482056635,0.898360141651,1.5330937290931,0.039467531272748,0.88647025777321,-0.46054187969953,-0.022670974870211
3030100000000,0.089659664680184,0.89985506707354,1.5333824630779,0.040779104879449,0.88620579953494,-0.46093925248442,-0.022613071330117
3030110000000,0.092872035668611,0.90137414165603,1.5336887093419,0.042144324272155,0.88601668614495,-0.46118308378853,-0.022548858766421
3030120000000,0.096037218490392,0.90291500518152,1.5340083876717,0.043542098099631,0.88588808831871,-0.4613015839606,-0.022521751786971
3030130000000,0.099147867522611,0.90447548579016,1.5343367335204,0.044951324191045,0.8858052499294,-0.46132288233012,-0.022575116602513
3030140000000,0.10219671070294,0.90605360913726,1.534667924146,0.046350877264486,0.88575345127085,-0.46127514374929,-0.022752175668764
3030150000000,0.10517903222287,0.90764756646214,1.534996089195,0.047726305764521,0.88571645355831,-0.46118933667861,-0.023085912763264
3030160000000,0.10809950538612,0.90925573596118,1.5353194130984,0.049088607400105,0.88567226681664,-0.46110666405126,-0.023570930887576
3030170000000,0.11096499475844,0.91087654739154,1.5356372842075,0.05045475876817,0.88559742983855,-0.46107072579005,-0.024192879126539
3030180000000,0.11378232091222,0.91250851086361,1.5359492701493,0.05184165341056,0.88546839507753,-0.46112502027873,-0.024937521196334
3030190000000,0.11655828232594,0.91415021491747,1.5362550304394,0.05326616205525,0.88526153623049,-0.4613128801807,-0.025790599646419
3030200000000,0.11929906001934,0.91580010853018,1.5365540011885,0.054742391389559,0.8849629328946,-0.4616588216777,-0.026739677535521
3030210000000,0.1220083983279,0.9174560610613,1.5368450586398,0.056273761011598,0.88459613328741,-0.46211604147504,-0.027779650933867
3030220000000,0.12468939992246,0.91911583518046,1.5371271626118,0.057861307759962,0.8841937117427,-0.4626207284275,-0.028906933565836
3030230000000,0.12734506330068,0.92077727280539,1.5373997934051,0.05950618191202,0.88378837269539,-0.46310910551335,-0.030117818535022
3030240000000,0.1299782873807,0.92243827328926,1.5376632313008,0.061209491436781,0.88341297554501,-0.46351742777222,-0.031408708158488
3030250000000,0.13259062134687,0.9240955569543,1.5379195216715,0.062962110659883,0.88309168726847,-0.4638004035314,-0.032772399709089
3030260000000,0.13517860929041,0.92574147747448,1.5381743293334,0.064716213390375,0.88281502728694,-0.46398350255015,-0.034186966552464
3030270000000,0.13773741320116,0.92736759826469,1.5384340385308,0.066414587916378,0.8825658192798,-0.46410923844388,-0.035627123682956
3030280000000,0.14026185555893,0.92896602111777,1.5387048061051,0.068000014239674,0.88232735443648,-0.46422023592396,-0.03706764404755
3030290000000,0.14274628656537,0.93052969140545,1.5389923819435,0.069415415452303,0.88208332764194,-0.46435928735349,-0.03848318388943
3030300000000,0.14518733510431,0.93205279890664,1.5393017626854,0.070622441803215,0.88182313982432,-0.46455586914072,-0.039853045442402
3030310000000,0.14759238909731,0.93353073771306,1.5396368574334,0.071654190691757,0.88155709944974,-0.46478744200367,-0.041175127465076
3030320000000,0.1499715950936,0.93495879860323,1.5400014759442,0.072561042765218,0.88130026350261,-0.46501891701187,-0.042451707199523
3030330000000,0.1523353601316,0.93633170463039,1.540399746833,0.073393413826992,0.88106749131631,-0.46521511284655,-0.043685024111018
3030340000000,0.15469444784188,0.93764340336554,1.5408363238366,0.074201658849709,0.88087354255787,-0.4653406669708,-0.044877383041627
3030350000000,0.15705733302453,0.93888787113635,1.5413135742953,0.075021239607748,0.88073081196213,-0.46536708546348,-0.046027450890347
3030360000000,0.15942231852407,0.9400621290594,1.5418227930081,0.075830489140133,0.88064279326321,-0.46529320830173,-0.047119400448487
3030370000000,0.16178512935215,0.94116409869308,1.5423524490743,0.076593985046133,0.88061096635725,-0.46512451807435,-0.04813387655504
3030380000000,0.16414135786146,0.94219193305588,1.5428908313441,0.077276382940662,0.88063693318564,-0.46486654618822,-0.04905147076311
3030390000000,0.16648643059501,0.94314420715373,1.5434260381218,0.07784241699352,0.88072236650309,-0.4645248940384,-0.04985272386162
3030400000000,0.1688170668974,0.94402146073727,1.5439485238521,0.078265879617601,0.88086273681981,-0.46411467198741,-0.050525856905388
3030410000000,0.17113570557049,0.94482986159572,1.5444583007676,0.078555512883004,0.88102935745623,-0.46368763150882,-0.051088972212066
3030420000000,0.17344632806219,0.94557675295177,1.5449575848729,0.078728424395449,0.88118765307366,-0.46330438453355,-0.051567456159201
3030430000000,0.17575312239157,0.94626920711629,1.5454483020702,0.078801693997346,0.88130303727881,-0.46302552371892,-0.051986670321515
3030440000000,0.17806051617153,0.94691398188617,1.5459319241627,0.078792461306822,0.88134089701925,-0.46291160483795,-0.052371914122634
3030450000000,0.18037222853678,0.94751636059891,1.546408959361,0.078719019395726,0.88127624348884,-0.46300506622049,-0.052742841236781
3030460000000,0.18268845665661,0.94807678728648,1.5468781069335,0.078603836805504,0.88112178205452,-0.46327801296266,-0.053097313810545
3030470000000,0.18500852917643,0.94859444380696,1.5473378270474,0.078470404065336,0.88089935521341,-0.46368543564481,-0.053427880748857
3030480000000,0.18733178525945,0.94906825403794,1.5477868940185,0.078342192296828,0.88063082990589,-0.46418233905237,-0.053727073596708
3030490000000,0.18965757198738,0.94949676191278,1.5482245289244,0.078242632018643,0.88033816006101,-0.46472375994456,-0.053987419073234
3030500000000,0.19198468792072,0.94987804503801,1.5486510407938,0.07818714682948,0.88004106786587,-0.46527022775538,-0.054204281238882
3030510000000,0.19430983770869,0.95020985623272,1.5490692634953,0.078160011026432,0.87975018497373,-0.46580360291338,-0.054384080648184
3030520000000,0.19662922098107,0.95048994716189,1.5494825674344,0.078137911354183,0.87947392897604,-0.46631095117138,-0.054535968665696
3030530000000,0.19893905357526,0.95071615892745,1.5498942057669,0.07809753772625,0.87922073716127,-0.46677934636323,-0.054669111529297
3030540000000,0.20123557633113,0.95088647652909,1.5503072293008,0.078015567811574,0.87899906156206,-0.46719587446219,-0.054792662260287
3030550000000,0.20351545384409,0.95099891754928,1.550723420585,0.077880956512973,0.87881291978857,-0.46755390502887,-0.054915885839847
3030560000000,0.20577688284419,0.95105097723452,1.5511404639078,0.077730869656198,0.87864891143416,-0.46787141079767,-0.05504857215453
3030570000000,0.20801843411073,0.95103992325025,1.5515550828049,0.077614289004529,0.87848933883866,-0.46817240248326,-0.055200590958693
3030580000000,0.21023866211749,0.9509628057359,1.5519640766804,0.077580195048479,0.87831647201338,-0.46848089193624,-0.055381785966405
3030590000000,0.2124360644455,0.95081628131385,1.5523643884247,0.077677566944084,0.8781125276501,-0.46882086181511,-0.055602013493521
3030600000000,0.21460991906267,0.95059794489164,1.5527536398709,0.07793725882755,0.87786597899781,-0.46920762488533,-0.055868697444372
3030610000000,0.21676293122942,0.95031097736976,1.5531314505638,0.078318819467031,0.87759023819401,-0.46962260552764,-0.056179575659748
3030620000000,0.21889863938761,0.94996012573672,1.5534978674309,0.078764291965995,0.87730494872119,-0.47003890131988,-0.056530031898096
3030630000000,0.22102062031209,0.94955049497447,1.553852803067,0.079215754581744,0.87702989394181,-0.47042965496002,-0.056915455657083
3030640000000,0.2231325684248,0.94908774623469,1.5541959135147,0.079615305240411,0.87678499837331,-0.470768097469,-0.057331214921824
3030650000000,0.22523718835057,0.94857711721587,1.5545264417566,0.079916029534901,0.87658454303801,-0.47103654352944,-0.057771461726809
3030660000000,0.22733266868396,0.94801986909709,1.5548432622618,0.080114413587542,0.87642013368704,-0.47125279987889,-0.058225669681097
3030670000000,0.22941605275374,0.94741619835221,1.5551452527164,0.080217618027957,0.87627772838349,-0.47144340037854,-0.058682167108152
3030680000000,0.23148434785603,0.9467662479239,1.5554314603645,0.08023278774842,0.87614325612184,-0.47163484009341,-0.059129283205526
3030690000000,0.23353452581309,0.94607011518718,1.5557011966541,0.080167087106712,0.87600262819469,-0.47185357286067,-0.059555346690645
3030700000000,0.23556601515802,0.94532981625278,1.5559523269332,0.080034499937289,0.87584393590916,-0.47212069947324,-0.059949344282005
3030710000000,0.23758806026568,0.94455494655497,1.5561759119618,0.079875893890109,0.87566397512097,-0.47243625057768,-0.060302847285099
3030720000000,0.23961228708301,0.94375686114926,1.5563612872328,0.079738781447928,0.87546170913939,-0.47279508279575,-0.060608021318081
3030730000000,0.24165021427345,0.94294664722652,1.5564978503573,0.079670655408468,0.87523612291374,-0.47319207714573,-0.060856995819832
3030740000000,0.24371319194392,0.94213497191172,1.5565751999299,0.079718991369371,0.87498621369491,-0.47362210134079,-0.061041898565027
3030750000000,0.24580889395591,0.94132730337736,1.5565864073063,0.079912239203337,0.87471501118884,-0.47407520597715,-0.061158664996322
3030760000000,0.24793101488754,0.94051031102492,1.556537160154,0.080203216119883,0.87444166547272,-0.4745224370323,-0.061218253505469
3030770000000,0.25006982686214,0.93966616886053,1.5564361742239,0.080525960841761,0.87418942225183,-0.47493015267496,-0.061235396084759
3030780000000,0.25221570242323,0.93877738009769,1.5562918342835,0.080814515774545,0.87398164675179,-0.47526478456359,-0.061224829398559
3030790000000,0.25435919706918,0.93782701233306,1.5561118944146,0.081002910817824,0.87384180227582,-0.47549283837035,-0.061201255647995
3030800000000,0.25649349965064,0.93680171583382,1.5559026694791,0.081041328868529,0.87378713770079,-0.4755901883357,-0.061174453513601
3030810000000,0.25862137039716,0.93569985254652,1.5556676835063,0.080944484827077,0.87380991931536,-0.47556993496535,-0.06113470568518
3030820000000,0.2607479353149,0.93452254560458,1.5554099084992,0.08074319321768,0.87389610745256,-0.47545441342804,-0.061067428962378
3030830000000,0.26287827259714,0.93327067667692,1.555132570757,0.080468274867949,0.87403162187641,-0.47526592324835,-0.060958042117201
3030840000000,0.26501736684598,0.93194478087886,1.5548393477642,0.080150552018626,0.87420238097411,-0.47502675967305,-0.060791970726687
3030850000000,0.26716925959717,0.9305470280249,1.5545334561987,0.079819160900641,0.87439359842819,-0.47476030369249,-0.060558984624409
3030860000000,0.26933459466494,0.92908741700594,1.5542142628138,0.07949652837161,0.87458763508106,-0.47449420625767,-0.060266232403311
3030870000000,0.27151312707222,0.92757789303457,1.5538801336949,0.079203431918766,0.87476619410235,-0.47425719979024,-0.059925207342974
3030880000000,0.27370450498766,0.92603024550327,1.5535294840355,0.078960683441505,0.87491104645342,-0.47407802958703,-0.059547402353992
3030890000000,0.27590819517655,0.92445597435987,1.553160867235,0.078789111437547,0.87500401017438,-0.47398545118396,-0.059144316409661
3030900000000,0.27812312714655,0.92286498769517,1.552774029977,0.078702444173426,0.87503340689883,-0.47399741919852,-0.058727409999928
3030910000000,0.2803469157154,0.92126220260925,1.5523726147943,0.078685893929284,0.87501364044982,-0.47408843221511,-0.05830795454422
3030920000000,0.28257688003392,0.91965139088829,1.5519610888042,0.078717478911694,0.87496565281316,-0.47422208067786,-0.057897177034692
3030930000000,0.28481040944612,0.91803650952059,1.5515435696867,0.078775212685383,0.87491040600864,-0.47436196362891,-0.057506302144173
3030940000000,0.28704499658311,0.91642180440317,1.5511236109269,0.07883713762628,0.87486890477167,-0.47447168199698,-0.057146550004972
3030950000000,0.28927891341953,0.91480994390318,1.5507045869717,0.078887146729951,0.87485681104104,-0.4745246814096,-0.056821694703933
3030960000000,0.29151319464879,0.91319604452264,1.5502916299395,0.078932578552876,0.87486806777166,-0.47453413236839,-0.056505479856928
3030970000000,0.29374957210024,0.9115732820405,1.5498904983102,0.078986694805378,0.87489109980834,-0.47452319423562,-0.056164077952821
3030980000000,0.29598981850436,0.90993481965247,1.5495072715507,0.079062765538408,0.87491428747728,-0.47451499735756,-0.055763661611358
3030990000000,0.29823578589923,0.90827380958342,1.5491485976309,0.079174049045408,0.87492595367898,-0.47453264214806,-0.055270399606463
3031000000000,0.30048854586885,0.90658602841247,1.5488203520165,0.079332859141673,0.87491996336555,-0.4745882295129,-0.05465681634205
3031010000000,0.30274560076168,0.9048778872937,1.5485225397985,0.079547760630969,0.87491289124413,-0.47464944105173,-0.053921188995781
3031020000000,0.30500349808777,0.90315847926388,1.5482534562183,0.079826268538187,0.87492705966638,-0.47467269249425,-0.053068277860368
3031030000000,0.30725869658725,0.90143687197294,1.5480110440366,0.080175804329759,0.87498476954034,-0.47461435991783,-0.052102810215104
3031040000000,0.30950754536776,0.89972207611148,1.5477927474311,0.080603776916525,0.87510825673467,-0.47443077467702,-0.051029503044474
3031050000000,0.31174597930445,0.89802154768748,1.5475956867779,0.081107536983577,0.87531008036625,-0.47409714347877,-0.049857087750403
3031060000000,0.31396873046353,0.89633666076695,1.5474175601056,0.081643376011853,0.87556395617105,-0.47366563614615,-0.048610522952765
3031070000000,0.3161702652461,0.89466728213563,1.5472562044108,0.082157370930818,0.87583392380548,-0.47320822435813,-0.047318925527255
3031080000000,0.31834514390464,0.89301338489931,1.5471093779687,0.082595744224892,0.87608432089468,-0.4727971602209,-0.046011422554558
3031090000000,0.32048810339573,0.89137518031189,1.5469747723517,0.082904684886557,0.87627982677451,-0.47250487482754,-0.044717129560126
3031100000000,0.32259501480618,0.88975290588688,1.5468522901114,0.083048767919039,0.8763935099813,-0.47238567095627,-0.043463728383366
3031110000000,0.32466531565254,0.88814565744257,1.5467509862463,0.083068176825709,0.87643153746398,-0.4724197484836,-0.042273152000638
3031120000000,0.32669916841843,0.88655207246253,1.5466822306609,0.083022317856877,0.87640851514771,-0.47256828285731,-0.041165851765246
3031130000000,0.32869640647371,0.88497045805441,1.5466573188386,0.082970641317371,0.87633907739779,-0.47279243549492,-0.040162258947284
3031140000000,0.33065637441468,0.88339855427997,1.5466874023751,0.082972730112337,0.87623785910729,-0.47305348758513,-0.03928279786786
3031150000000,0.33257930145215,0.88183478656007,1.5467803856446,0.083076099637265,0.87612060928952,-0.47331336219272,-0.038542195280534
3031160000000,0.33447124369623,0.88028306490119,1.5469316164206,0.083278332004031,0.87600775153236,-0.47353597475843,-0.037931771424928
3031170000000,0.33633992091044,0.87874888409685,1.5471332865592,0.083564159471347,0.87592086083163,-0.47368571920194,-0.03743682994016
3031180000000,0.33819327281648,0.87723795400336,1.5473776037287,0.083918288141286,0.87588147104961,-0.47372693961136,-0.037042627793631
3031190000000,0.34003950785383,0.87575623897313,1.5476567046684,0.084325443007018,0.87591107084049,-0.47362390148294,-0.036734392397446
3031200000000,0.34188398280452,0.87430662662179,1.5479632222717,0.084761272480063,0.87602123256063,-0.47336033981615,-0.03650089697066
3031210000000,0.34371943332989,0.87287859171485,1.5482924952068,0.085164032470068,0.87618309113824,-0.47300030338526,-0.036345445028506
3031220000000,0.34553540266138,0.87145826351918,1.548640646531,0.085462398847378,0.87635755015689,-0.47262854596634,-0.036275063115281
3031230000000,0.34732164570352,0.87003210951181,1.5490040142659,0.085585026447297,0.87650568930729,-0.47232989264423,-0.036296726776057
3031240000000,0.34906834988267,0.86858719586377,1.5493792743626,0.085460530401949,0.8765886501093,-0.47218917000461,-0.036417358132199
3031250000000,0.35077111529476,0.86711826579889,1.5497638732669,0.085052183405881,0.87658043274074,-0.4722609271814,-0.036639973958905
3031260000000,0.35244550881752,0.86564874207203,1.550157016245,0.084466220259576,0.87650850878548,-0.47247526294458,-0.036951557033131
3031270000000,0.35411191029292,0.86420914549149,1.5505582817292,0.083845795906537,0.87641424997485,-0.47273040985398,-0.037335031125041
3031280000000,0.35579006126812,0.86282938193009,1.5509672037445,0.083334170549528,0.87633934270721,-0.47292488428542,-0.037773353914443
3031290000000,0.35749873571306,0.8615382328678,1.5513833685752,0.083074630537376,0.87632579158805,-0.47295738901873,-0.038249456613786
3031300000000,0.3592499575528,0.86035624709369,1.5518061687974,0.083166403811409,0.87640339120913,-0.47275643063521,-0.03875309597009
3031310000000,0.36103204953623,0.85927557581859,1.5522335228283,0.083526752545612,0.87655093815312,-0.47237384445072,-0.039302487337513
3031320000000,0.36282761859511,0.85828148196156,1.5526630211776,0.084025761904833,0.87673408750567,-0.47189315748903,-0.039923164415452
3031330000000,0.36461983382055,0.85736003300753,1.5530921747305,0.084533433737886,0.87691873963031,-0.47139787916799,-0.040640646914017
3031340000000,0.36639264520599,0.85649852926023,1.5535181818297,0.08491983248442,0.87707105167823,-0.47097172025907,-0.041480490294622
3031350000000,0.3681339212414,0.85568685049326,1.5539382457291,0.085082071340708,0.8771632568405,-0.47068337222177,-0.042459687931914
3031360000000,0.36984460081086,0.85492024639841,1.5543514747154,0.085028813122529,0.8771924789894,-0.47053802074321,-0.043559462559322
3031370000000,0.37152882070066,0.85419508875462,1.5547576290585,0.084797616450608,0.87716218404487,-0.470524333319,-0.044751747235705
3031380000000,0.37319051044462,0.85350750209741,1.5551567508582,0.084425959924245,0.87707583471229,-0.47063091703923,-0.046008449022193
3031390000000,0.37483335219399,0.85285329918789,1.555549301991,0.083951222384147,0.87693701593941,-0.47084629667102,-0.047301450788306
3031400000000,0.37646223230925,0.85223039823315,1.5559347216149,0.083415927380059,0.87675146600424,-0.47115415547469,-0.048604646873307
3031410000000,0.3780879436769,0.85164654650067,1.5563064443414,0.082884337263006,0.87653326369127,-0.47151837685784,-0.049900346337025
3031420000000,0.37972273189293,0.85111196624276,1.5566561930739,0.082426505670156,0.87629873889781,-0.47189798997763,-0.05117302437991
3031430000000,0.38137868948534,0.85063660032817,1.5569756759239,0.08211254875169,0.8760643857589,-0.47225227905704,-0.05240712039224
3031440000000,0.38306774080346,0.8502299066446,1.5572567890616,0.082012538595466,0.87584687459451,-0.47254060449869,-0.053587058849754
3031450000000,0.38479825436244,0.84989833046493,1.5574936898269,0.082174808613142,0.87565562339025,-0.47273909985213,-0.054701677537552
3031460000000,0.3865644226387,0.84963814665421,1.5576885447283,0.082557173319377,0.87546916908312,-0.47289434953501,-0.055758239716512
3031470000000,0.38835688230364,0.84944320862877,1.5578455383843,0.083093625322204,0.87525790395822,-0.47307117862941,-0.056768925827988
3031480000000,0.39016644218358,0.84930776866908,1.5579686003961,0.083718050063274,0.87499214740419,-0.47333437276141,-0.057746009707768
3031490000000,0.39198406473579,0.84922666937854,1.5580611837961,0.08436436606362,0.87464210462813,-0.47374882291251,-0.058701749031512
3031500000000,0.39380222686391,0.84919412578531,1.5581255329354,0.084975018875935,0.87419385182055,-0.4743492523656,-0.059641783896688
3031510000000,0.39561930248292,0.84919919410028,1.5581610348752,0.085527823152279,0.87370085713975,-0.47504333392304,-0.060544484434051
3031520000000,0.39743512672063,0.8492294749613,1.5581664591089,0.086010121316527,0.87323466971493,-0.47570562893727,-0.061380984322208
3031530000000,0.39924947222324,0.84927256817629,1.558140753135,0.086409396205996,0.87286731851189,-0.4762109461372,-0.062122421880423
3031540000000,0.40106208199736,0.84931619973955,1.5580831681611,0.086713056083558,0.8726711528487,-0.47643424693897,-0.062740044900148
3031550000000,0.40287286909522,0.84935025236491,1.5579952319423,0.086912790136614,0.87269480591311,-0.47629154499138,-0.063216349251458
3031560000000,0.40468243903138,0.84937261677992,1.5578865337807,0.087019072592979,0.87288682100206,-0.47587159954642,-0.063580653276836
3031570000000,0.40649159866338,0.84938314462243,1.5577686141599,0.08704718234952,0.87316928494929,-0.47530855625553,-0.063874597583434
3031580000000,0.40830116188299,0.84938136552099,1.5576527181865,0.0870123763025,0.8734644055403,-0.47473662725159,-0.064139795525852
3031590000000,0.41011192987301,0.84936633627205,1.5575496468799,0.086930048087659,0.87369465735629,-0.47429016189843,-0.064417814095995
3031600000000,0.41192473207137,0.8493377129738,1.5574659295015,0.08681999545396,0.87379947297804,-0.4740732756885,-0.064740240118885
3031610000000,0.41374061748512,0.84929960209669,1.5573920236573,0.08671983920639,0.87378907732125,-0.47406196834975,-0.065096605183833
3031620000000,0.41556067384416,0.84925732654615,1.5573142826546,0.086671909489324,0.87369225783584,-0.4741983869356,-0.065465323117417
3031630000000,0.4173859741991,0.84921612013628,1.5572192765323,0.086718520591678,0.87353775650164,-0.47442469058924,-0.065824760628278
3031640000000,0.4192176007877,0.84918102463205,1.557093949892,0.086901934945271,0.87335433671799,-0.47468305625481,-0.066153248924275
3031650000000,0.42105729139707,0.84915733349781,1.5569300790913,0.08725463283716,0.87316748281606,-0.47492295724246,-0.06643312942501
3031660000000,0.42290946119758,0.84915244586799,1.556738029204,0.087767851938645,0.87298862598586,-0.47512484220675,-0.066663688642299
3031670000000,0.42477927696335,0.84917441676461,1.5565329659532,0.088421912029628,0.87282544399717,-0.47527735573058,-0.066848671743904
3031680000000,0.42667194542456,0.84923146192708,1.5563299023273,0.089197132933585,0.87268559105153,-0.47536915397171,-0.066991776358646
3031690000000,0.42859268801158,0.84933201447802,1.5561436713089,0.090073829960739,0.87257670878926,-0.47538892526862,-0.067096662857764
3031700000000,0.43054465098679,0.84948398236841,1.5559844842681,0.091032905531744,0.87249804847812,-0.47534002780664,-0.067171597249941
3031710000000,0.43252221364182,0.84969221650831,1.5558434354192,0.092057776622686,0.87241318824908,-0.47528808406056,-0.06724456767949
3031720000000,0.43451750455117,0.84996077255688,1.555706447776,0.093132514588253,0.87227627624031,-0.47531519621427,-0.067349067421806
3031730000000,0.43652272532426,0.85029374648319,1.5555591248189,0.094241172675293,0.87204147616943,-0.47550339457904,-0.067518789657612
3031740000000,0.43853012853282,0.85069521718521,1.5553864547982,0.095367793829882,0.87166281750638,-0.47593464144959,-0.06778741435633
3031750000000,0.44053341453592,0.85116719143371,1.555176030796,0.096501501822089,0.87111292579178,-0.47665614095624,-0.068181038077103
3031760000000,0.44253249917106,0.85170322763316,1.5549298592281,0.097653272689879,0.87044510803555,-0.47756703699056,-0.068694085698816
3031770000000,0.44452893020132,0.85229468499966,1.5546540396214,0.098840156000831,0.86973455345342,-0.47852717986207,-0.069312107341857
3031780000000,0.44652427686364,0.85293306036602,1.5543551835915,0.10007945655768,0.86905698668159,-0.47939670165393,-0.070020416439508
3031790000000,0.4485202001386,0.8536100564901,1.554040815877,0.1013885696323,0.86848866616778,-0.48003595328179,-0.070804507221397
3031800000000,0.45051950400238,0.85432012263123,1.5537178293174,0.10278159444907,0.86808501735473,-0.48034427255105,-0.071650026616564
3031810000000,0.45252942954715,0.8550686145039,1.5533858657001,0.10425894621929,0.86781073682103,-0.48038769795995,-0.072541414654855
3031820000000,0.45455849149838,0.85586371836566,1.553042410875,0.10581713880659,0.86760593930509,-0.48027683731901,-0.073463097893892
3031830000000,0.45661529423652,0.85671354465393,1.5526846360661,0.1074525979503,0.86741063587098,-0.48012229702012,-0.074399649701864
3031840000000,0.4587084803038,0.85762610282413,1.5523091272641,0.10916191049777,0.8671648815808,-0.48003470935253,-0.075335405131083
3031850000000,0.46084384804014,0.8586062998849,1.5519118908167,0.11093683347098,0.86681924670707,-0.48010685529026,-0.076254967188496
3031860000000,0.46301500208602,0.85964630307383,1.5514894226625,0.11274711886525,0.86636931652742,-0.48035482596501,-0.077146197181178
3031870000000,0.46521215398894,0.86073502191256,1.5510384387619,0.1145565361562,0.86582290768821,-0.48077417062737,-0.077998008973293
3031880000000,0.46742536234009,0.86186164652491,1.5505556984865,0.11632877285192,0.8651879952007,-0.48136055204161,-0.078799546353775
3031890000000,0.46964447103178,0.8630157812098,1.5500380032107,0.11802743208392,0.86447270410693,-0.48210977071592,-0.079540166645373
3031900000000,0.47186202771946,0.86419047948497,1.5494848225513,0.11962656553753,0.86368922049218,-0.4830080142923,-0.080210182350625
3031910000000,0.47408337263157,0.86539168324505,1.5489071548985,0.12114546414724,0.86286673922798,-0.48399954172483,-0.080803530001984
3031920000000,0.47631747332524,0.86662870998438,1.5483191447661,0.12261569284083,0.86203909396276,-0.48501741844595,-0.081314796642769
3031930000000,0.47857354430673,0.86791076523509,1.5477352215123,0.12406880122852,0.86124024296635,-0.48599485956025,-0.081738442228756
3031940000000,0.48086112449398,0.86924690417156,1.5471704704079,0.1255362587938,0.86050427229905,-0.48686518371498,-0.08206910484048
3031950000000,0.48318705217604,0.87064297994678,1.5466395523417,0.12703473836474,0.8598577142773,-0.4875784126095,-0.082305394741884
3031960000000,0.4855450837047,0.87209161756522,1.5461514749289,0.12851718810585,0.85929408526919,-0.48815680774817,-0.08246173919994
3031970000000,0.48792521672609,0.8735819852698,1.5457134555176,0.12991934196217,0.85879806753867,-0.48864217888747,-0.082557039603359
3031980000000,0.49031715275008,0.87510343348172,1.5453321529808,0.13117695217136,0.85835447353686,-0.48907642473947,-0.082610264146506
3031990000000,0.49271017329086,0.87664566184791,1.5450132605874,0.13222577539757,0.8579482096676,-0.48950158887665,-0.082640234365093
3032000000000,0.49509608523788,0.87820028004737,1.5447603349043,0.133017057513,0.85756876301245,-0.48994795475669,-0.082663660369124
3032010000000,0.49747978261611,0.87976503895229,1.5445723031943,0.13356942130888,0.857225350674,-0.49039415740891,-0.082689045418707
3032020000000,0.49986991651454,0.88133909041485,1.5444471006268,0.13391978856845,0.85693242923895,-0.49080471723395,-0.08272261776148
3032030000000,0.5022754705082,0.88292114745036,1.5443829918915,0.134105074525,0.85670434514475,-0.49114409092376,-0.082770622490296
3032040000000,0.50470586534588,0.88450931094278,1.5443787644085,0.13416218016223,0.85655536540183,-0.49137668934972,-0.082839390263133
3032050000000,0.50716976825227,0.88610313925152,1.5444324653864,0.13412976587154,0.85649084728257,-0.49148214632289,-0.082933312210886
3032060000000,0.50967078593248,0.88771104671388,1.5445364025022,0.13405421110211,0.85647751135969,-0.49150663735698,-0.083047976826291
3032070000000,0.51221115224481,0.88934383172767,1.5446811621819,0.1339839781495,0.85647152306908,-0.49151448134574,-0.083176549570106
3032080000000,0.51479325203117,0.89101206021885,1.5448570876261,0.13396751486544,0.85642904526355,-0.4915700092217,-0.083312192526156
3032090000000,0.5174197523854,0.89272590271596,1.5450540825906,0.13405326973501,0.85630621627148,-0.49173753549062,-0.083448073901009
3032100000000,0.52009313803515,0.89449235879526,1.5452630955944,0.13427246207657,0.85607392235505,-0.49206056074369,-0.083574816494826
3032110000000,0.52281353885083,0.89630662498927,1.5454820007353,0.13458084489546,0.85576800924348,-0.49249175057185,-0.083671895887191
3032120000000,0.52558028991907,0.89816086720333,1.5457107709512,0.13491351979431,0.85544223496545,-0.49295901964803,-0.083715767700478
3032130000000,0.52839239993041,0.90004768028661,1.5459498138979,0.13520557778354,0.85515057018957,-0.49339043651937,-0.083682920550709
3032140000000,0.53124828474704,0.9019604472858,1.5462003437869,0.13539211463995,0.85494718047618,-0.49371420355536,-0.083549859945076
3032150000000,0.53414335254672,0.90389353911561,1.546464163229,0.13541971903378,0.85487060500386,-0.49388085145191,-0.083303379080756
3032160000000,0.5370630155177,0.9058414735323,1.5467413004374,0.13528536970217,0.85489028504215,-0.49393879989026,-0.082975485826077
3032170000000,0.53999016393239,0.90779850822071,1.5470308857241,0.13499993180877,0.85495658351141,-0.49396331477351,-0.082610546421627
3032180000000,0.54290804062463,0.90975846893209,1.5473312333217,0.13457430445339,0.85501981455634,-0.4940296959281,-0.082252859148577
3032190000000,0.54580040281556,0.91171461007536,1.5476392504923,0.13401936021324,0.85503028166253,-0.49421327948091,-0.081946707760856
3032200000000,0.54865604029027,0.91366384220279,1.5479513519258,0.1333555759632,0.85495262573864,-0.49456369469432,-0.081725454984575
3032210000000,0.55148372224155,0.91562138133439,1.5482690234482,0.13264609863274,0.85481489014357,-0.4950173581637,-0.081574084260819
3032220000000,0.55429764842705,0.91760747851544,1.5485956901556,0.13196582103766,0.85466284231084,-0.49547957531797,-0.081464338785369
3032230000000,0.5571121156109,0.91964204211115,1.5489358244304,0.13138967269535,0.85454256983651,-0.49585582212333,-0.081368015292378
3032240000000,0.55994171286622,0.92174424128685,1.5492958181935,0.13099266131566,0.85450038088304,-0.49605175173691,-0.081256884944746
3032250000000,0.5627962787732,0.92392664793192,1.5496823451566,0.13083108779284,0.85456771246709,-0.49600191889903,-0.081113178486514
3032260000000,0.56566269623442,0.92617691571671,1.5500929722276,0.13087819549403,0.8547100129558,-0.49576833754529,-0.08096571610819
3032270000000,0.56852139960062,0.92847612071571,1.5505219856296,0.13108423877515,0.85487441788551,-0.49544820588989,-0.080856213553098
3032280000000,0.57135264652662,0.93080589416945,1.5509622932487,0.13139944037756,0.85500813939857,-0.49513872034279,-0.080826457598785
3032290000000,0.57413644054879,0.93314866440753,1.5514045071409,0.13177400818539,0.85505853000728,-0.49493711630516,-0.080918304060821
3032300000000,0.5768566069409,0.9354911707222,1.5518393724203,0.13216777022184,0.85498759904403,-0.49491433004863,-0.081164597627488
3032310000000,0.57951474932185,0.93783595053795,1.5522696135187,0.13258322977297,0.85482213142006,-0.49502432370576,-0.081558137283149
3032320000000,0.58211739316205,0.94018987016655,1.5527020033876,0.13303481084565,0.85460680786253,-0.49518858262053,-0.082080513525123
3032330000000,0.5846709568019,0.94255982503,1.5531443372806,0.13353702283726,0.85438630593972,-0.49532859913496,-0.082713255488036
3032340000000,0.58718173881852,0.94495264905354,1.5536060237359,0.1341043815356,0.85420535327359,-0.49536586694183,-0.083437923995359
3032350000000,0.58965478352949,0.94737364629235,1.5540958091467,0.13475174361984,0.8540987299226,-0.495238530696,-0.084238499809054
3032360000000,0.59208990117163,0.9498222033625,1.554611673797,0.13549587993736,0.85405667061313,-0.49495906391412,-0.08510931177299
3032370000000,0.59448540800459,0.95229619787873,1.5551482481496,0.13635403328933,0.85405688303156,-0.4945606387134,-0.086047619302015
3032380000000,0.59683956560333,0.9547937432835,1.5556997837373,0.13734342329402,0.85407695561102,-0.49407642244562,-0.087050713698532
3032390000000,0.59915063829457,0.9573131724349,1.5562599501821,0.13848131940002,0.85409439233451,-0.49353955562155,-0.08811583397356
3032400000000,0.60141772941682,0.95985203966158,1.5568227277697,0.13977302653604,0.85408658621615,-0.49298678543505,-0.0892391936596
3032410000000,0.6036430931781,0.96240399835448,1.5573860761832,0.14116986455658,0.85403080014308,-0.49247126818677,-0.090413006578496
3032420000000,0.60582962847122,0.96496180706596,1.557948998981,0.14260790233169,0.85390466860075,-0.49205080950879,-0.091628619962071
3032430000000,0.60797973287598,0.96751873826923,1.5585100970186,0.14402308057357,0.85368626155756,-0.49178335082183,-0.092877634252922
3032440000000,0.61009506041277,0.97006890029976,1.5590671657284,0.14535134902646,0.85335394345273,-0.49172703600616,-0.094151763607835
3032450000000,0.61217687739978,0.97260954629044,1.5596169543746,0.14654179999411,0.85290121006461,-0.4919106134088,-0.095440951067031
3032460000000,0.61422831335339,0.97514788212362,1.5601563975095,0.14760207597706,0.85238903149283,-0.49223000701961,-0.096727381580682
3032470000000,0.61625325814679,0.97769359341003,1.5606830851711,0.14855670819289,0.85189736695041,-0.49254401147736,-0.097990700536551
3032480000000,0.61825579326971,0.98025594177772,1.5611959482204,0.14943052754752,0.85150639394764,-0.49271154947083,-0.099210420426526
3032490000000,0.62024017469141,0.98284358720902,1.5616963032269,0.15024825054843,0.85129645966066,-0.49259153121477,-0.10036625106005
3032500000000,0.62221001651259,0.98546099868259,1.5621871771762,0.15102890155053,0.8513247917455,-0.49208251828839,-0.10144537964285
